19335 q0 1017759 1
19335 q0 1082489 1
19335 q0 109063 1
19335 q0 1160863 1
19335 q0 1160871 1
19335 q0 1189088 0
19335 q0 1203500 0
19335 q0 1231806 0
19335 q0 1231807 0
19335 q0 1274615 0
19335 q0 1274620 0
19335 q0 1324075 0
19335 q0 1509459 1
19335 q0 1555317 0
19335 q0 1568085 0
19335 q0 161603 1
19335 q0 1705525 0
19335 q0 1720387 2
19335 q0 1720388 1
19335 q0 1720389 1
19335 q0 1720393 1
19335 q0 1720395 1
19335 q0 1722 0
19335 q0 1725697 1
19335 q0 1726 1
19335 q0 1729 1
19335 q0 1730 1
19335 q0 1796642 0
19335 q0 1796647 0
19335 q0 1825416 1
19335 q0 1825418 0
19335 q0 1837110 0
19335 q0 1871222 0
19335 q0 1908804 0
19335 q0 1956669 1
19335 q0 1958100 0
19335 q0 1958102 0
19335 q0 1958103 0
19335 q0 1959553 1
19335 q0 2004186 0
19335 q0 2046505 1
19335 q0 2071723 0
19335 q0 2130187 0
19335 q0 2186129 1
19335 q0 2304004 1
19335 q0 2304005 1
19335 q0 2324839 1
19335 q0 2325143 0
19335 q0 2382766 0
19335 q0 2394677 0
19335 q0 256744 0
19335 q0 256746 0
19335 q0 256750 1
19335 q0 2594897 0
19335 q0 2604487 1
19335 q0 2725017 1
19335 q0 2874503 1
19335 q0 2943092 0
19335 q0 2978577 0
19335 q0 3045565 1
19335 q0 3045567 1
19335 q0 3137952 0
19335 q0 3175481 1
19335 q0 3175483 1
19335 q0 3175484 1
19335 q0 3175485 0
19335 q0 3212083 1
19335 q0 3260688 0
19335 q0 3358752 0
19335 q0 342431 1
19335 q0 342432 0
19335 q0 3424644 1
19335 q0 3445057 1
19335 q0 3489287 0
19335 q0 3497213 0
19335 q0 3539483 1
19335 q0 3559596 2
19335 q0 3637071 0
19335 q0 3683653 1
19335 q0 3833966 0
19335 q0 3959463 1
19335 q0 4050974 0
19335 q0 429846 1
19335 q0 429849 1
19335 q0 429852 1
19335 q0 4379804 0
19335 q0 4480942 0
19335 q0 4510384 0
19335 q0 4540809 1
19335 q0 4686524 0
19335 q0 4692187 0
19335 q0 492088 1
19335 q0 4974433 0
19335 q0 5078863 1
19335 q0 5078867 0
19335 q0 5231750 0
19335 q0 527689 1
19335 q0 527690 1
19335 q0 527692 1
19335 q0 527695 0
19335 q0 527697 1
19335 q0 527698 0
19335 q0 5298801 1
19335 q0 5398329 0
19335 q0 5454280 0
19335 q0 5508122 1
19335 q0 5652225 1
19335 q0 5652228 1
19335 q0 5711217 1
19335 q0 5732405 1
19335 q0 584350 1
19335 q0 5870000 0
19335 q0 5932277 0
19335 q0 6177788 0
19335 q0 6210055 0
19335 q0 6306220 1
19335 q0 6306222 1
19335 q0 6452942 0
19335 q0 6452949 1
19335 q0 6582809 1
19335 q0 6683523 0
19335 q0 6751546 0
19335 q0 6773977 1
19335 q0 6783161 1
19335 q0 6867870 1
19335 q0 6894786 0
19335 q0 6894788 0
19335 q0 691494 0
19335 q0 691496 0
19335 q0 691498 0
19335 q0 6999135 0
19335 q0 7007720 0
19335 q0 7122355 1
19335 q0 712804 0
19335 q0 712806 1
19335 q0 712809 0
19335 q0 7198041 1
19335 q0 7198042 0
19335 q0 7198044 1
19335 q0 7200795 0
19335 q0 724366 1
19335 q0 7267243 0
19335 q0 7267248 1
19335 q0 7276206 0
19335 q0 7298833 0
19335 q0 7298839 0
19335 q0 7320614 1
19335 q0 7367402 0
19335 q0 7367407 0
19335 q0 7460276 1
19335 q0 7665056 1
19335 q0 7692042 0
19335 q0 7692043 1
19335 q0 7692044 0
19335 q0 772232 0
19335 q0 772234 1
19335 q0 7727457 0
19335 q0 7727464 1
19335 q0 7763208 0
19335 q0 7891857 1
19335 q0 7961905 1
19335 q0 7961908 1
19335 q0 8040069 0
19335 q0 8151641 1
19335 q0 8151642 1
19335 q0 8151650 1
19335 q0 8169280 0
19335 q0 819168 1
19335 q0 8199361 0
19335 q0 8365529 1
19335 q0 8379032 0
19335 q0 8412681 2
19335 q0 8412682 1
19335 q0 8412683 2
19335 q0 8412684 1
19335 q0 8412685 1
19335 q0 8412687 1
19335 q0 8412688 0
19335 q0 8478792 0
19335 q0 8618772 0
19335 q0 8635981 1
19335 q0 8649613 0
19335 q0 8677293 1
19335 q0 8677296 1
19335 q0 8689042 0
19335 q0 8734157 1
19335 q0 8734158 0
19335 q0 8734162 0
19335 q0 8754859 0
19335 q0 8798988 1
19335 q0 8798990 0
19335 q0 8832564 1
19335 q0 901325 1
19335 q0 901329 0
47923 q0 1200258 1
47923 q0 1236611 1
47923 q0 1296110 1
47923 q0 1300989 1
47923 q0 1354790 1
47923 q0 1463436 1
47923 q0 1507610 1
47923 q0 1508658 1
47923 q0 1669816 2
47923 q0 1681331 2
47923 q0 1681332 3
47923 q0 1681334 3
47923 q0 1681335 2
47923 q0 1681336 3
47923 q0 1681337 2
47923 q0 1681339 3
47923 q0 1717546 1
47923 q0 1767240 1
47923 q0 1868437 2
47923 q0 1868438 2
47923 q0 1923153 2
47923 q0 1960681 2
47923 q0 2044900 2
47923 q0 2061700 0
47923 q0 2061702 0
47923 q0 2061706 0
47923 q0 2148997 1
47923 q0 2157582 1
47923 q0 217594 0
47923 q0 2408264 1
47923 q0 2477210 1
47923 q0 2477211 1
47923 q0 2655670 1
47923 q0 2719555 1
47923 q0 2749477 1
47923 q0 2772864 1
47923 q0 2831044 2
47923 q0 2831045 1
47923 q0 284591 2
47923 q0 2917510 0
47923 q0 3196227 1
47923 q0 320920 2
47923 q0 3246976 0
47923 q0 3348830 2
47923 q0 3348837 1
47923 q0 3348838 2
47923 q0 3573382 0
47923 q0 3630933 1
47923 q0 3630935 1
47923 q0 3694265 1
47923 q0 3748434 1
47923 q0 388338 0
47923 q0 3986046 1
47923 q0 4081982 1
47923 q0 4143232 1
47923 q0 4257346 1
47923 q0 4297613 1
47923 q0 4297620 3
47923 q0 4321228 2
47923 q0 4321230 1
47923 q0 4416477 1
47923 q0 4490071 0
47923 q0 4652165 1
47923 q0 4652795 2
47923 q0 4655679 2
47923 q0 4684891 1
47923 q0 4684893 1
47923 q0 4684895 1
47923 q0 473807 2
47923 q0 473809 3
47923 q0 4778734 2
47923 q0 4793758 1
47923 q0 4997370 2
47923 q0 5032362 2
47923 q0 5051722 1
47923 q0 5053382 1
47923 q0 5055000 1
47923 q0 5065570 1
47923 q0 5137402 1
47923 q0 5144927 0
47923 q0 5147527 2
47923 q0 5147529 1
47923 q0 5147530 1
47923 q0 525511 1
47923 q0 5417577 1
47923 q0 5417578 1
47923 q0 5417580 2
47923 q0 5417582 3
47923 q0 5878045 1
47923 q0 5949690 1
47923 q0 5966643 0
47923 q0 5966645 1
47923 q0 6111296 1
47923 q0 611271 2
47923 q0 6139476 0
47923 q0 618555 2
47923 q0 618556 3
47923 q0 618559 1
47923 q0 6191 2
47923 q0 6213244 1
47923 q0 6241147 3
47923 q0 6241148 3
47923 q0 6241150 3
47923 q0 6241151 3
47923 q0 6241152 3
47923 q0 6241153 3
47923 q0 6241154 3
47923 q0 6378779 1
47923 q0 6643066 2
47923 q0 6652175 1
47923 q0 6696631 2
47923 q0 6813699 1
47923 q0 6919836 3
47923 q0 6919837 1
47923 q0 7109642 1
47923 q0 7507613 0
47923 q0 7644552 2
47923 q0 766025 1
47923 q0 769287 0
47923 q0 778272 2
47923 q0 7786719 1
47923 q0 7890942 2
47923 q0 7891160 1
47923 q0 7914826 1
47923 q0 8214977 1
47923 q0 829484 1
47923 q0 8327407 3
47923 q0 8327408 1
47923 q0 8348762 3
47923 q0 84017 1
47923 q0 8418681 3
47923 q0 8418683 3
47923 q0 8418684 1
47923 q0 8418686 3
47923 q0 8421421 1
47923 q0 8619129 2
47923 q0 8641104 1
47923 q0 8641107 3
47923 q0 8659158 1
47923 q0 8727556 0
47923 q0 8836262 1
47923 q0 913042 3
47923 q0 986177 3
87181 q0 104095 1
87181 q0 1092118 1
87181 q0 123547 1
87181 q0 1281893 0
87181 q0 1346114 1
87181 q0 1408695 1
87181 q0 1408696 1
87181 q0 1647621 1
87181 q0 1689436 1
87181 q0 1689438 2
87181 q0 1692902 1
87181 q0 169896 1
87181 q0 1700168 2
87181 q0 172170 2
87181 q0 172862 1
87181 q0 1740462 0
87181 q0 1766470 1
87181 q0 1890715 3
87181 q0 1902826 1
87181 q0 19153 1
87181 q0 1950524 2
87181 q0 1950531 3
87181 q0 1961300 1
87181 q0 2011007 1
87181 q0 2259136 0
87181 q0 2259139 1
87181 q0 229627 3
87181 q0 2307974 3
87181 q0 2307979 2
87181 q0 2396481 0
87181 q0 2486092 1
87181 q0 2497493 1
87181 q0 2528294 3
87181 q0 2530227 3
87181 q0 2530252 1
87181 q0 2556144 1
87181 q0 2556149 0
87181 q0 2556150 0
87181 q0 2556151 2
87181 q0 2556153 2
87181 q0 2596279 1
87181 q0 2611818 1
87181 q0 2713030 1
87181 q0 2763490 1
87181 q0 2842948 1
87181 q0 295626 1
87181 q0 2986227 3
87181 q0 3354162 1
87181 q0 3422939 0
87181 q0 3445699 1
87181 q0 3540009 1
87181 q0 3595685 2
87181 q0 3604165 2
87181 q0 3681089 0
87181 q0 377541 2
87181 q0 4243434 0
87181 q0 4366699 1
87181 q0 4423956 1
87181 q0 456361 0
87181 q0 4632251 3
87181 q0 4632252 2
87181 q0 4639455 2
87181 q0 4682104 0
87181 q0 4689523 3
87181 q0 4689524 1
87181 q0 4689525 2
87181 q0 47203 0
87181 q0 47206 0
87181 q0 47207 2
87181 q0 47208 1
87181 q0 47210 0
87181 q0 47211 1
87181 q0 47212 1
87181 q0 4786305 2
87181 q0 4786312 2
87181 q0 5080259 2
87181 q0 5103077 2
87181 q0 5103078 1
87181 q0 5103079 2
87181 q0 5103080 1
87181 q0 5103083 2
87181 q0 511404 1
87181 q0 5197130 0
87181 q0 5197133 0
87181 q0 5197135 1
87181 q0 5298150 0
87181 q0 5469038 2
87181 q0 5497677 2
87181 q0 5524480 0
87181 q0 5676026 1
87181 q0 5753301 2
87181 q0 5861170 2
87181 q0 5876723 2
87181 q0 6129695 1
87181 q0 6484575 3
87181 q0 6484576 3
87181 q0 6484578 1
87181 q0 6501556 2
87181 q0 6521360 0
87181 q0 6521366 3
87181 q0 652422 3
87181 q0 6679355 1
87181 q0 6685092 3
87181 q0 6774305 2
87181 q0 6885718 2
87181 q0 6933976 0
87181 q0 6969187 2
87181 q0 6969188 2
87181 q0 7057928 2
87181 q0 7112964 2
87181 q0 7112968 2
87181 q0 7129011 2
87181 q0 7139898 1
87181 q0 7203296 1
87181 q0 7234773 1
87181 q0 7255362 1
87181 q0 7342238 0
87181 q0 7419035 2
87181 q0 742425 3
87181 q0 7526679 2
87181 q0 753721 2
87181 q0 7586365 2
87181 q0 7635830 2
87181 q0 7666828 0
87181 q0 7666831 1
87181 q0 7697583 1
87181 q0 8032048 2
87181 q0 8144448 1
87181 q0 8151919 1
87181 q0 8151921 2
87181 q0 8151922 1
87181 q0 8151926 2
87181 q0 8165401 2
87181 q0 8165404 1
87181 q0 8183982 2
87181 q0 8246410 3
87181 q0 8332546 3
87181 q0 8332547 3
87181 q0 8332548 2
87181 q0 8332551 1
87181 q0 8332553 2
87181 q0 8332555 2
87181 q0 8476330 1
87181 q0 8522403 2
87181 q0 8534130 3
87181 q0 8534134 3
87181 q0 8534135 2
87181 q0 8534136 1
87181 q0 8565420 3
87181 q0 8614360 1
87181 q0 8664069 1
87181 q0 8683178 1
87181 q0 8683181 1
87181 q0 8683183 2
87181 q0 8683185 3
87181 q0 8733975 0
87181 q0 8738510 1
87181 q0 8762975 2
87452 q0 110898 1
87452 q0 1294588 2
87452 q0 1395625 1
87452 q0 1395633 1
87452 q0 1539432 1
87452 q0 1621415 1
87452 q0 1642159 1
87452 q0 1697677 1
87452 q0 1697679 1
87452 q0 1749882 1
87452 q0 1770630 1
87452 q0 186931 1
87452 q0 186939 1
87452 q0 1875913 1
87452 q0 1890452 1
87452 q0 1952268 0
87452 q0 2026777 1
87452 q0 2035306 1
87452 q0 2041638 0
87452 q0 2041642 0
87452 q0 2041644 0
87452 q0 2041645 0
87452 q0 2052496 2
87452 q0 2063490 0
87452 q0 2205470 1
87452 q0 227211 2
87452 q0 2312984 1
87452 q0 2357235 2
87452 q0 2407664 1
87452 q0 2588902 1
87452 q0 2624886 2
87452 q0 2705839 2
87452 q0 2918391 1
87452 q0 3019505 1
87452 q0 3211632 0
87452 q0 3242437 2
87452 q0 3289965 1
87452 q0 3347349 1
87452 q0 3430351 0
87452 q0 3678676 0
87452 q0 3732121 1
87452 q0 3761937 0
87452 q0 3809015 0
87452 q0 3809017 0
87452 q0 3872808 0
87452 q0 3919937 1
87452 q0 4008487 1
87452 q0 4008489 1
87452 q0 4008494 1
87452 q0 4079788 1
87452 q0 4096633 1
87452 q0 4233763 1
87452 q0 4284131 1
87452 q0 4307936 1
87452 q0 434332 0
87452 q0 434339 1
87452 q0 4349224 1
87452 q0 4502603 0
87452 q0 4541810 1
87452 q0 4561062 1
87452 q0 4634899 1
87452 q0 4654326 1
87452 q0 4872055 1
87452 q0 4971349 1
87452 q0 5031929 1
87452 q0 5219890 1
87452 q0 5286924 2
87452 q0 5290914 0
87452 q0 5296736 2
87452 q0 5296738 1
87452 q0 5338945 0
87452 q0 5549020 1
87452 q0 5746165 1
87452 q0 5746166 1
87452 q0 5746167 1
87452 q0 5843404 0
87452 q0 5851090 1
87452 q0 6018160 2
87452 q0 6018163 1
87452 q0 6018164 1
87452 q0 6018165 1
87452 q0 6018166 1
87452 q0 6018167 2
87452 q0 6018168 2
87452 q0 6042747 0
87452 q0 6271635 1
87452 q0 6335465 1
87452 q0 6673729 1
87452 q0 6873071 2
87452 q0 7039125 2
87452 q0 7070552 1
87452 q0 7070558 2
87452 q0 7166751 1
87452 q0 7353355 2
87452 q0 7353359 1
87452 q0 7358595 0
87452 q0 7358596 0
87452 q0 7476937 2
87452 q0 7499676 0
87452 q0 7561798 1
87452 q0 7561800 1
87452 q0 7561801 2
87452 q0 7561803 2
87452 q0 7843982 1
87452 q0 7843984 1
87452 q0 7965004 1
87452 q0 7965007 1
87452 q0 7965011 1
87452 q0 8055174 1
87452 q0 8081930 1
87452 q0 8081937 1
87452 q0 8152220 1
87452 q0 8152222 1
87452 q0 8152225 1
87452 q0 8152227 1
87452 q0 8289253 1
87452 q0 8333912 1
87452 q0 8333916 2
87452 q0 8333917 1
87452 q0 8333919 1
87452 q0 8333920 1
87452 q0 8333921 2
87452 q0 8436576 1
87452 q0 8436577 1
87452 q0 8436578 1
87452 q0 8436579 1
87452 q0 8438483 1
87452 q0 8441957 0
87452 q0 849575 1
87452 q0 8496331 1
87452 q0 8594768 1
87452 q0 8664378 0
87452 q0 8680815 2
87452 q0 8819111 1
87452 q0 8819112 1
87452 q0 8819113 1
87452 q0 8819114 1
87452 q0 8819116 1
87452 q0 945890 0
104861 q0 1017088 1
104861 q0 1017092 3
104861 q0 1046334 3
104861 q0 1046339 3
104861 q0 1058521 2
104861 q0 1058524 2
104861 q0 1086718 1
104861 q0 1102999 1
104861 q0 1112961 1
104861 q0 11794 1
104861 q0 120437 2
104861 q0 1275720 2
104861 q0 1275721 3
104861 q0 1275725 1
104861 q0 1293429 1
104861 q0 1304628 1
104861 q0 1304630 2
104861 q0 1304632 2
104861 q0 1313687 3
104861 q0 1357955 3
104861 q0 1357956 2
104861 q0 1357957 2
104861 q0 1357960 1
104861 q0 1357961 2
104861 q0 1424216 2
104861 q0 1442342 1
104861 q0 1442348 3
104861 q0 146169 3
104861 q0 146170 3
104861 q0 146171 2
104861 q0 146172 3
104861 q0 146173 2
104861 q0 146174 3
104861 q0 146175 2
104861 q0 146176 3
104861 q0 146177 2
104861 q0 1567102 3
104861 q0 1567105 1
104861 q0 1567107 2
104861 q0 1750439 1
104861 q0 1767229 3
104861 q0 1773805 3
104861 q0 1773807 3
104861 q0 1811410 2
104861 q0 1811417 1
104861 q0 1814642 3
104861 q0 1821812 1
104861 q0 1844320 2
104861 q0 1844324 1
104861 q0 1892667 0
104861 q0 1922603 1
104861 q0 1922608 3
104861 q0 1922609 3
104861 q0 1926464 0
104861 q0 1948963 3
104861 q0 1977801 3
104861 q0 1995989 1
104861 q0 2058725 1
104861 q0 2078728 2
104861 q0 2098234 1
104861 q0 2158194 2
104861 q0 2202686 1
104861 q0 2278231 2
104861 q0 236954 1
104861 q0 2377050 2
104861 q0 2545815 0
104861 q0 2603239 1
104861 q0 2611066 3
104861 q0 2612284 0
104861 q0 2738220 1
104861 q0 2789466 1
104861 q0 2908924 0
104861 q0 2908929 1
104861 q0 2908930 1
104861 q0 2908931 0
104861 q0 2916631 3
104861 q0 2932634 0
104861 q0 2934459 0
104861 q0 2944060 1
104861 q0 2958127 1
104861 q0 2958131 1
104861 q0 2958133 1
104861 q0 298180 2
104861 q0 3036828 0
104861 q0 3036829 0
104861 q0 3036830 0
104861 q0 3036832 0
104861 q0 3036837 0
104861 q0 3104361 0
104861 q0 311406 0
104861 q0 314919 1
104861 q0 3229912 0
104861 q0 3251293 1
104861 q0 3320612 1
104861 q0 3329746 0
104861 q0 3353832 0
104861 q0 3416772 1
104861 q0 3443173 3
104861 q0 3443174 2
104861 q0 3443176 3
104861 q0 3494387 1
104861 q0 3534988 0
104861 q0 3538649 0
104861 q0 3560539 2
104861 q0 3560540 0
104861 q0 363132 1
104861 q0 3841986 0
104861 q0 3925933 3
104861 q0 4017854 2
104861 q0 4017855 2
104861 q0 4017856 2
104861 q0 4017858 2
104861 q0 4019224 1
104861 q0 4019226 1
104861 q0 4043623 1
104861 q0 409268 2
104861 q0 409275 1
104861 q0 4095801 1
104861 q0 4211234 0
104861 q0 4223386 1
104861 q0 4230210 2
104861 q0 4230213 2
104861 q0 4350435 2
104861 q0 4350439 2
104861 q0 442613 3
104861 q0 4452306 2
104861 q0 4580053 1
104861 q0 459675 2
104861 q0 459676 3
104861 q0 4717134 2
104861 q0 4720305 0
104861 q0 4724393 2
104861 q0 4801652 1
104861 q0 4819155 0
104861 q0 4930174 0
104861 q0 4936227 1
104861 q0 502094 3
104861 q0 504999 1
104861 q0 5054793 0
104861 q0 5073457 1
104861 q0 5073463 0
104861 q0 5138467 3
104861 q0 5138468 3
104861 q0 5138469 3
104861 q0 5138470 3
104861 q0 5138471 3
104861 q0 5138472 3
104861 q0 5138473 3
104861 q0 5138474 3
104861 q0 5138475 1
104861 q0 5138476 3
104861 q0 5150431 3
104861 q0 5242643 0
104861 q0 5248340 3
104861 q0 5248341 3
104861 q0 5248342 3
104861 q0 5248343 3
104861 q0 5248344 3
104861 q0 5340890 1
104861 q0 5340891 1
104861 q0 5347272 1
104861 q0 5379458 1
104861 q0 5379464 1
104861 q0 5394110 2
104861 q0 5405670 1
104861 q0 5438823 2
104861 q0 5438824 1
104861 q0 5457925 0
104861 q0 5483490 1
104861 q0 5582791 2
104861 q0 5652261 2
104861 q0 5652262 3
104861 q0 5652263 3
104861 q0 5652264 2
104861 q0 5652265 2
104861 q0 5652266 2
104861 q0 5662650 2
104861 q0 5662654 3
104861 q0 5666323 1
104861 q0 5667471 2
104861 q0 5667474 2
104861 q0 5667475 2
104861 q0 5670531 1
104861 q0 5670532 0
104861 q0 5685121 0
104861 q0 5688415 3
104861 q0 5688416 3
104861 q0 5688417 3
104861 q0 5688418 3
104861 q0 5688420 3
104861 q0 5688422 1
104861 q0 5688423 2
104861 q0 5690192 1
104861 q0 5690195 0
104861 q0 5692795 1
104861 q0 5703400 2
104861 q0 5703401 3
104861 q0 5776561 1
104861 q0 5778133 0
104861 q0 5785725 0
104861 q0 5801822 3
104861 q0 5836442 3
104861 q0 5836444 2
104861 q0 5846005 3
104861 q0 5860996 0
104861 q0 5864689 2
104861 q0 5864693 2
104861 q0 5864695 2
104861 q0 589626 3
104861 q0 599604 3
104861 q0 599606 2
104861 q0 599609 2
104861 q0 6008066 1
104861 q0 6009067 0
104861 q0 6023998 3
104861 q0 6056676 3
104861 q0 6123112 0
104861 q0 6159998 1
104861 q0 6187055 3
104861 q0 6187058 1
104861 q0 6200735 2
104861 q0 6202527 2
104861 q0 6241791 2
104861 q0 6241793 3
104861 q0 629270 3
104861 q0 629274 3
104861 q0 629275 2
104861 q0 629276 3
104861 q0 629277 3
104861 q0 629278 3
104861 q0 6346168 1
104861 q0 6351571 2
104861 q0 6365866 0
104861 q0 6369258 2
104861 q0 6426100 1
104861 q0 6432076 1
104861 q0 6436838 1
104861 q0 6436842 0
104861 q0 6438806 0
104861 q0 6454710 3
104861 q0 6467577 3
104861 q0 6467578 3
104861 q0 6467579 3
104861 q0 6467580 3
104861 q0 6467581 2
104861 q0 6467583 3
104861 q0 6467584 2
104861 q0 6474570 1
104861 q0 6518537 0
104861 q0 6585554 3
104861 q0 6585562 2
104861 q0 6644733 1
104861 q0 6653674 0
104861 q0 6653675 3
104861 q0 6653676 2
104861 q0 6653677 3
104861 q0 6653678 3
104861 q0 6653679 2
104861 q0 6658615 1
104861 q0 6670009 3
104861 q0 6704672 3
104861 q0 6809859 1
104861 q0 6904991 3
104861 q0 6904992 3
104861 q0 6924183 1
104861 q0 7040231 1
104861 q0 7056930 0
104861 q0 715676 3
104861 q0 7171534 1
104861 q0 7204473 1
104861 q0 7204477 2
104861 q0 7302612 3
104861 q0 7309133 1
104861 q0 7342448 1
104861 q0 7506026 2
104861 q0 7506027 3
104861 q0 7506028 2
104861 q0 7506029 3
104861 q0 7529229 1
104861 q0 7589883 0
104861 q0 7589886 0
104861 q0 76291 0
104861 q0 7921008 0
104861 q0 8056409 1
104861 q0 8056411 2
104861 q0 8138536 1
104861 q0 8141081 1
104861 q0 8259116 2
104861 q0 8260035 1
104861 q0 8260037 1
104861 q0 8260038 1
104861 q0 8286089 2
104861 q0 8307046 1
104861 q0 8349574 3
104861 q0 848202 0
104861 q0 8495099 2
104861 q0 8516149 1
104861 q0 8546158 3
104861 q0 8546159 3
104861 q0 8546160 3
104861 q0 8546162 3
104861 q0 8647858 3
104861 q0 8748173 2
104861 q0 8784322 0
104861 q0 929871 0
104861 q0 968662 1
130510 q0 1046258 0
130510 q0 1110766 1
130510 q0 1156210 0
130510 q0 1159414 1
130510 q0 1211365 0
130510 q0 1262138 0
130510 q0 1285561 0
130510 q0 1481524 1
130510 q0 1494930 2
130510 q0 1494931 2
130510 q0 1494932 1
130510 q0 1494933 1
130510 q0 1494934 3
130510 q0 1494935 1
130510 q0 1494936 3
130510 q0 1494937 1
130510 q0 1494938 3
130510 q0 1494939 2
130510 q0 1697724 0
130510 q0 1799013 0
130510 q0 1804608 1
130510 q0 1941397 0
130510 q0 1963510 1
130510 q0 203714 1
130510 q0 2061700 0
130510 q0 2061702 0
130510 q0 2061706 0
130510 q0 2079375 1
130510 q0 2174992 0
130510 q0 217594 0
130510 q0 2490150 0
130510 q0 2490152 0
130510 q0 2862518 1
130510 q0 2862522 1
130510 q0 2982053 2
130510 q0 2982054 0
130510 q0 3163980 2
130510 q0 338927 0
130510 q0 3390323 1
130510 q0 3394642 0
130510 q0 3573382 0
130510 q0 3804023 1
130510 q0 388338 0
130510 q0 3913778 0
130510 q0 3995677 1
130510 q0 4022904 1
130510 q0 4022909 1
130510 q0 4189500 1
130510 q0 4262865 1
130510 q0 4490071 0
130510 q0 4528805 0
130510 q0 4528807 0
130510 q0 4528808 0
130510 q0 5022837 1
130510 q0 5144927 0
130510 q0 537152 0
130510 q0 5685706 0
130510 q0 5731519 0
130510 q0 5791395 0
130510 q0 5914270 0
130510 q0 5930013 0
130510 q0 5981957 0
130510 q0 5984054 0
130510 q0 6055693 0
130510 q0 617865 1
130510 q0 6183638 1
130510 q0 6229732 0
130510 q0 6229733 0
130510 q0 6323613 0
130510 q0 6391770 0
130510 q0 6418949 0
130510 q0 6486232 1
130510 q0 6621100 1
130510 q0 6763277 1
130510 q0 6766748 0
130510 q0 6815300 2
130510 q0 6862766 0
130510 q0 6881818 0
130510 q0 6881820 0
130510 q0 6881821 0
130510 q0 6960326 1
130510 q0 7007667 0
130510 q0 7079881 0
130510 q0 7092536 1
130510 q0 7098470 1
130510 q0 7125239 3
130510 q0 7127694 1
130510 q0 7136329 1
130510 q0 7136333 0
130510 q0 7186622 0
130510 q0 7203252 1
130510 q0 7386954 1
130510 q0 7479905 1
130510 q0 7501557 1
130510 q0 7501558 3
130510 q0 7501560 1
130510 q0 7501562 3
130510 q0 7501563 1
130510 q0 7507613 0
130510 q0 7603931 1
130510 q0 7671741 0
130510 q0 769287 0
130510 q0 7717230 0
130510 q0 7792405 1
130510 q0 779340 0
130510 q0 783662 0
130510 q0 783665 0
130510 q0 7861502 0
130510 q0 79445 1
130510 q0 799647 3
130510 q0 8029019 0
130510 q0 8094068 0
130510 q0 8180119 1
130510 q0 8213952 0
130510 q0 8223834 1
130510 q0 8287352 0
130510 q0 8290938 0
130510 q0 8362399 0
130510 q0 8391407 1
130510 q0 8514425 1
130510 q0 8612902 2
130510 q0 8612903 3
130510 q0 8612904 1
130510 q0 8612905 1
130510 q0 8612906 3
130510 q0 8612908 3
130510 q0 8612909 3
130510 q0 8612910 3
130510 q0 8762809 0
130510 q0 978177 1
130510 q0 978180 1
130510 q0 996732 1
130510 q0 996740 1
131843 q0 1033903 0
131843 q0 1116862 1
131843 q0 1160501 0
131843 q0 1313466 0
131843 q0 1398253 1
131843 q0 14055 1
131843 q0 1453832 0
131843 q0 1587424 0
131843 q0 1733695 0
131843 q0 1795993 0
131843 q0 2008201 1
131843 q0 202309 1
131843 q0 2041693 1
131843 q0 2064776 0
131843 q0 2068929 0
131843 q0 2080441 0
131843 q0 2084706 0
131843 q0 2130346 0
131843 q0 2141062 0
131843 q0 2173642 0
131843 q0 2192100 0
131843 q0 2193404 1
131843 q0 2227327 0
131843 q0 2398676 0
131843 q0 2518689 0
131843 q0 2595487 1
131843 q0 2683747 1
131843 q0 284784 0
131843 q0 2943307 1
131843 q0 3065018 0
131843 q0 3165709 0
131843 q0 3173221 0
131843 q0 3299960 0
131843 q0 3471976 0
131843 q0 3727491 0
131843 q0 3740966 0
131843 q0 3773270 0
131843 q0 3801087 0
131843 q0 3841396 2
131843 q0 3977555 0
131843 q0 423033 0
131843 q0 4290952 0
131843 q0 4331032 0
131843 q0 4486193 0
131843 q0 4574277 0
131843 q0 4617920 0
131843 q0 4658868 0
131843 q0 4735877 0
131843 q0 4740919 0
131843 q0 4751877 0
131843 q0 4853820 0
131843 q0 5044392 0
131843 q0 5048193 0
131843 q0 5260758 0
131843 q0 5268242 0
131843 q0 5286902 0
131843 q0 5366085 0
131843 q0 5406126 0
131843 q0 5599902 1
131843 q0 5599904 0
131843 q0 5678180 0
131843 q0 5777617 0
131843 q0 58233 0
131843 q0 5854311 0
131843 q0 5921674 0
131843 q0 6036658 0
131843 q0 6038230 0
131843 q0 6054149 1
131843 q0 6054151 0
131843 q0 6740579 0
131843 q0 683465 0
131843 q0 6858933 0
131843 q0 6926607 1
131843 q0 6973289 0
131843 q0 7001595 0
131843 q0 7176532 0
131843 q0 7275645 0
131843 q0 7410359 0
131843 q0 7473330 0
131843 q0 7487346 0
131843 q0 7487347 0
131843 q0 7487352 0
131843 q0 7591291 0
131843 q0 7617929 0
131843 q0 7707868 1
131843 q0 7777218 0
131843 q0 7807162 0
131843 q0 7807170 0
131843 q0 7811093 1
131843 q0 7856760 0
131843 q0 788586 0
131843 q0 8029271 0
131843 q0 8044668 0
131843 q0 8058389 0
131843 q0 8078900 0
131843 q0 8078904 1
131843 q0 8102602 1
131843 q0 8156986 0
131843 q0 8257094 0
131843 q0 8305151 1
131843 q0 8305152 3
131843 q0 8305153 3
131843 q0 8305154 2
131843 q0 8305155 1
131843 q0 8305156 3
131843 q0 8305157 1
131843 q0 8305158 3
131843 q0 8316385 0
131843 q0 8440883 0
131843 q0 849228 0
131843 q0 8554765 0
131843 q0 8621364 1
131843 q0 8710808 1
131843 q0 8710809 1
131843 q0 8710810 1
131843 q0 8710811 0
131843 q0 8710812 1
131843 q0 8710813 1
131843 q0 8710814 1
131843 q0 8834196 0
131843 q0 985988 1
131843 q0 985989 1
131843 q0 985990 1
131843 q0 985991 3
131843 q0 985992 1
131843 q0 985993 1
131843 q0 985994 3
131843 q0 985995 1
131843 q0 988472 0
131843 q0 988473 0
131843 q0 988474 0
131843 q0 988476 0
146187 q0 1028971 0
146187 q0 1028972 0
146187 q0 1131101 0
146187 q0 1138801 0
146187 q0 1230566 0
146187 q0 1246346 0
146187 q0 1254157 0
146187 q0 1329681 0
146187 q0 1329682 0
146187 q0 1369241 0
146187 q0 1464098 0
146187 q0 1483042 0
146187 q0 1505132 0
146187 q0 1536947 1
146187 q0 1841192 0
146187 q0 1841195 0
146187 q0 1841196 0
146187 q0 1841197 0
146187 q0 1944092 0
146187 q0 1972078 0
146187 q0 2009634 0
146187 q0 2009640 0
146187 q0 2040185 0
146187 q0 2058706 0
146187 q0 209474 0
146187 q0 2226093 1
146187 q0 2246721 0
146187 q0 2257806 0
146187 q0 2261027 0
146187 q0 2330206 0
146187 q0 2511620 0
146187 q0 262494 0
146187 q0 2857627 0
146187 q0 3036929 0
146187 q0 3129298 0
146187 q0 315525 0
146187 q0 315526 0
146187 q0 3193119 0
146187 q0 3207058 0
146187 q0 32188 0
146187 q0 32195 0
146187 q0 3354935 0
146187 q0 3615724 0
146187 q0 3615725 0
146187 q0 3615731 0
146187 q0 3758649 0
146187 q0 3886011 0
146187 q0 3963185 0
146187 q0 409930 0
146187 q0 409933 0
146187 q0 4178942 0
146187 q0 4214923 1
146187 q0 4214925 1
146187 q0 4227179 0
146187 q0 425836 0
146187 q0 4570379 0
146187 q0 4631167 0
146187 q0 4741857 1
146187 q0 4777144 3
146187 q0 4777145 0
146187 q0 4777146 0
146187 q0 4777147 0
146187 q0 4777148 0
146187 q0 480353 0
146187 q0 4887772 0
146187 q0 4921740 0
146187 q0 5090006 0
146187 q0 5206421 0
146187 q0 5217815 0
146187 q0 5238595 0
146187 q0 5332231 0
146187 q0 5548651 1
146187 q0 5590506 0
146187 q0 5590508 1
146187 q0 5624871 0
146187 q0 5746033 0
146187 q0 5929430 0
146187 q0 5937357 0
146187 q0 5937360 0
146187 q0 594649 0
146187 q0 5952424 0
146187 q0 5965686 0
146187 q0 5999108 0
146187 q0 6015024 1
146187 q0 6015026 1
146187 q0 6066658 0
146187 q0 6082309 0
146187 q0 6309578 0
146187 q0 6430258 0
146187 q0 6430259 0
146187 q0 6430260 0
146187 q0 6447372 0
146187 q0 6447377 0
146187 q0 6561118 0
146187 q0 6573190 0
146187 q0 6658185 0
146187 q0 6677488 0
146187 q0 6748421 0
146187 q0 7019597 0
146187 q0 7019602 1
146187 q0 7061638 0
146187 q0 7095976 0
146187 q0 7096817 0
146187 q0 7176957 0
146187 q0 7306056 0
146187 q0 7309304 0
146187 q0 7404796 0
146187 q0 7405002 0
146187 q0 744165 1
146187 q0 744167 0
146187 q0 744168 0
146187 q0 744171 0
146187 q0 7572646 0
146187 q0 76348 1
146187 q0 7704674 0
146187 q0 7704676 0
146187 q0 7704679 0
146187 q0 7836296 0
146187 q0 7956019 0
146187 q0 8042967 0
146187 q0 8042971 0
146187 q0 8042972 0
146187 q0 8071661 0
146187 q0 8434617 2
146187 q0 8434618 2
146187 q0 8434619 3
146187 q0 8434620 1
146187 q0 8434621 3
146187 q0 8434622 1
146187 q0 8434623 2
146187 q0 8434624 3
146187 q0 8434625 3
146187 q0 8434626 3
146187 q0 8480408 0
146187 q0 8544933 0
146187 q0 8664004 0
146187 q0 8792967 0
146187 q0 8795494 0
148538 q0 1299824 2
148538 q0 1299830 1
148538 q0 1311202 1
148538 q0 1311204 1
148538 q0 1311206 1
148538 q0 1311209 1
148538 q0 1314489 2
148538 q0 1384441 2
148538 q0 1384442 1
148538 q0 1384446 2
148538 q0 1384447 3
148538 q0 1384448 2
148538 q0 1392971 1
148538 q0 1392973 1
148538 q0 1392974 1
148538 q0 1495660 2
148538 q0 153920 2
148538 q0 1559002 2
148538 q0 1559011 1
148538 q0 1573498 1
148538 q0 1736918 1
148538 q0 1807279 0
148538 q0 1816663 0
148538 q0 1828165 1
148538 q0 1828170 1
148538 q0 1950974 2
148538 q0 1950975 1
148538 q0 1950976 2
148538 q0 1950977 2
148538 q0 1950979 1
148538 q0 1950980 2
148538 q0 1969518 2
148538 q0 1969519 1
148538 q0 1985491 2
148538 q0 1985494 2
148538 q0 2061700 0
148538 q0 2061702 0
148538 q0 2061706 0
148538 q0 217588 0
148538 q0 217594 0
148538 q0 231452 1
148538 q0 231453 2
148538 q0 231455 2
148538 q0 2368186 2
148538 q0 245019 1
148538 q0 2455774 3
148538 q0 2455776 1
148538 q0 2643562 2
148538 q0 2713526 0
148538 q0 2798938 1
148538 q0 2915322 1
148538 q0 2915323 1
148538 q0 2915327 1
148538 q0 2951883 2
148538 q0 3165111 1
148538 q0 3310962 1
148538 q0 332400 1
148538 q0 332401 1
148538 q0 360949 2
148538 q0 3701822 1
148538 q0 377418 1
148538 q0 3798241 1
148538 q0 3798247 1
148538 q0 3836151 1
148538 q0 388338 0
148538 q0 3918785 1
148538 q0 3918787 2
148538 q0 3969005 0
148538 q0 3989976 1
148538 q0 3997733 1
148538 q0 4046976 1
148538 q0 4185812 2
148538 q0 4185814 1
148538 q0 4264121 2
148538 q0 4264124 2
148538 q0 4264127 1
148538 q0 4264128 2
148538 q0 4264129 1
148538 q0 4271667 2
148538 q0 4282153 0
148538 q0 4447598 1
148538 q0 4447601 3
148538 q0 4490071 0
148538 q0 4539654 3
148538 q0 4539657 2
148538 q0 4539660 1
148538 q0 4625343 1
148538 q0 4634425 2
148538 q0 4902096 1
148538 q0 4976411 2
148538 q0 5010072 2
148538 q0 5020788 1
148538 q0 5077704 1
148538 q0 5077705 1
148538 q0 5077707 1
148538 q0 512199 1
148538 q0 5123256 0
148538 q0 5144927 0
148538 q0 5171599 3
148538 q0 5171603 2
148538 q0 5305311 1
148538 q0 541655 1
148538 q0 5567407 1
148538 q0 5601322 1
148538 q0 5679983 1
148538 q0 581145 1
148538 q0 5825399 1
148538 q0 5828353 1
148538 q0 5843047 1
148538 q0 6090334 1
148538 q0 615407 1
148538 q0 6293679 0
148538 q0 6303284 0
148538 q0 6434592 1
148538 q0 644688 1
148538 q0 6485504 1
148538 q0 6487981 2
148538 q0 6508151 0
148538 q0 6536612 1
148538 q0 6697437 1
148538 q0 6704661 2
148538 q0 6889357 1
148538 q0 6894608 2
148538 q0 7129904 1
148538 q0 7157818 1
148538 q0 7407803 3
148538 q0 7407804 1
148538 q0 7407811 1
148538 q0 7407812 2
148538 q0 7496116 2
148538 q0 7507613 0
148538 q0 7529434 1
148538 q0 753805 1
148538 q0 7548356 1
148538 q0 7599536 2
148538 q0 769287 0
148538 q0 7696389 1
148538 q0 791676 2
148538 q0 7916958 1
148538 q0 811946 1
148538 q0 8139872 1
148538 q0 8181574 1
148538 q0 8181579 1
148538 q0 8283527 1
148538 q0 8283528 2
148538 q0 8283530 2
148538 q0 8283531 3
148538 q0 8283532 2
148538 q0 8710428 0
148538 q0 8730434 1
148538 q0 8814767 2
148538 q0 8835172 1
148538 q0 958231 1
148538 q0 985488 1
148538 q0 985490 2
148538 q0 985491 2
148538 q0 985492 2
148538 q0 985493 1
148538 q0 985494 2
156493 q0 1034435 1
156493 q0 1101607 1
156493 q0 1113693 0
156493 q0 1171591 1
156493 q0 117188 0
156493 q0 1172283 0
156493 q0 1172287 0
156493 q0 1277720 1
156493 q0 1277721 2
156493 q0 1277722 3
156493 q0 1277723 3
156493 q0 1277724 3
156493 q0 1277725 3
156493 q0 1277726 2
156493 q0 1277727 3
156493 q0 1277728 1
156493 q0 1321883 1
156493 q0 1341656 0
156493 q0 1347264 2
156493 q0 1347266 2
156493 q0 1420608 1
156493 q0 1464632 0
156493 q0 1583800 1
156493 q0 1685650 0
156493 q0 1788797 0
156493 q0 1820469 1
156493 q0 1861640 2
156493 q0 1861641 2
156493 q0 1861642 2
156493 q0 1861645 1
156493 q0 1939297 0
156493 q0 1939301 1
156493 q0 1939302 1
156493 q0 1960253 2
156493 q0 1960254 2
156493 q0 1960255 2
156493 q0 1960256 2
156493 q0 1960257 3
156493 q0 1960259 3
156493 q0 1960260 3
156493 q0 1960261 3
156493 q0 1979598 0
156493 q0 2115154 0
156493 q0 2123395 2
156493 q0 2141938 0
156493 q0 2154542 0
156493 q0 2154543 0
156493 q0 2154545 1
156493 q0 2154550 1
156493 q0 2225587 0
156493 q0 2236388 2
156493 q0 2236390 0
156493 q0 2259179 1
156493 q0 2259180 3
156493 q0 2259182 3
156493 q0 2259183 2
156493 q0 2259184 1
156493 q0 2259185 1
156493 q0 2317800 1
156493 q0 2317802 2
156493 q0 2317803 0
156493 q0 2317807 3
156493 q0 2317808 3
156493 q0 2361987 0
156493 q0 2373354 0
156493 q0 2403231 1
156493 q0 2403232 1
156493 q0 2411918 3
156493 q0 2598786 1
156493 q0 2598787 1
156493 q0 2598792 0
156493 q0 26121 1
156493 q0 2612486 2
156493 q0 2612490 2
156493 q0 2612491 3
156493 q0 2612492 2
156493 q0 2612493 3
156493 q0 26129 2
156493 q0 2616512 2
156493 q0 2616514 1
156493 q0 2616515 0
156493 q0 2659082 0
156493 q0 2708304 2
156493 q0 2708305 1
156493 q0 2708307 2
156493 q0 2717163 3
156493 q0 2717165 2
156493 q0 2928700 3
156493 q0 2928702 3
156493 q0 2928704 2
156493 q0 2928705 2
156493 q0 2928706 2
156493 q0 2928707 3
156493 q0 293048 0
156493 q0 293050 1
156493 q0 2940587 0
156493 q0 2940589 1
156493 q0 2944740 0
156493 q0 2949797 1
156493 q0 2949801 1
156493 q0 2949802 2
156493 q0 3015801 0
156493 q0 316872 1
156493 q0 3288595 2
156493 q0 3288596 3
156493 q0 3288597 2
156493 q0 3288598 1
156493 q0 3288599 2
156493 q0 3288600 2
156493 q0 3288601 2
156493 q0 3288603 3
156493 q0 3370619 0
156493 q0 3403643 2
156493 q0 349637 1
156493 q0 349638 3
156493 q0 349641 1
156493 q0 349642 2
156493 q0 349643 3
156493 q0 349645 1
156493 q0 349646 2
156493 q0 3603920 2
156493 q0 3603922 3
156493 q0 3603923 2
156493 q0 3635703 0
156493 q0 3732381 2
156493 q0 3985474 0
156493 q0 4131137 0
156493 q0 4131138 3
156493 q0 4164310 0
156493 q0 4264246 0
156493 q0 4311054 0
156493 q0 4367826 0
156493 q0 4369922 3
156493 q0 4380944 0
156493 q0 4396055 0
156493 q0 4400818 0
156493 q0 4454107 0
156493 q0 4527706 1
156493 q0 4527708 0
156493 q0 4527709 0
156493 q0 4542584 2
156493 q0 4571844 0
156493 q0 4583221 3
156493 q0 4588174 1
156493 q0 4588177 1
156493 q0 4623707 1
156493 q0 4623709 0
156493 q0 4623711 1
156493 q0 4800899 0
156493 q0 490166 0
156493 q0 4940228 3
156493 q0 4940230 2
156493 q0 4940231 0
156493 q0 4940234 3
156493 q0 5009742 1
156493 q0 5009743 2
156493 q0 5009744 0
156493 q0 5022716 1
156493 q0 5022725 1
156493 q0 5122743 0
156493 q0 5202973 0
156493 q0 5346658 1
156493 q0 5346660 1
156493 q0 5434666 0
156493 q0 5437919 1
156493 q0 5479185 0
156493 q0 5506858 1
156493 q0 5530080 0
156493 q0 5530082 3
156493 q0 5549994 1
156493 q0 5555919 3
156493 q0 5555924 0
156493 q0 5640843 0
156493 q0 5694167 0
156493 q0 5718745 0
156493 q0 5752572 2
156493 q0 5834207 0
156493 q0 5834209 0
156493 q0 5877552 1
156493 q0 59106 0
156493 q0 6092036 0
156493 q0 6139380 0
156493 q0 6139382 3
156493 q0 6139383 3
156493 q0 6139386 3
156493 q0 6139387 3
156493 q0 6152109 0
156493 q0 6165998 0
156493 q0 627302 1
156493 q0 627307 1
156493 q0 6302722 0
156493 q0 6343401 1
156493 q0 6357270 1
156493 q0 6456910 0
156493 q0 6456916 0
156493 q0 6456917 1
156493 q0 6464089 0
156493 q0 6465956 1
156493 q0 6471884 0
156493 q0 6492047 0
156493 q0 6524741 1
156493 q0 6524746 3
156493 q0 6536125 0
156493 q0 6536126 0
156493 q0 6595537 1
156493 q0 6669867 0
156493 q0 6748164 0
156493 q0 6775071 2
156493 q0 6775079 0
156493 q0 6859023 0
156493 q0 6859026 1
156493 q0 6859027 0
156493 q0 6859028 0
156493 q0 6983817 0
156493 q0 6983820 0
156493 q0 6983821 3
156493 q0 6983822 1
156493 q0 6983825 1
156493 q0 7032937 2
156493 q0 7032938 1
156493 q0 7055262 3
156493 q0 7055263 2
156493 q0 7076180 1
156493 q0 7076186 1
156493 q0 7104323 2
156493 q0 7112226 0
156493 q0 713983 2
156493 q0 7346937 0
156493 q0 7371075 1
156493 q0 7371077 3
156493 q0 7371078 3
156493 q0 7371079 2
156493 q0 7399606 0
156493 q0 7431316 2
156493 q0 750106 0
156493 q0 750111 2
156493 q0 7508919 0
156493 q0 7529416 1
156493 q0 7529423 0
156493 q0 7566876 0
156493 q0 7580418 1
156493 q0 7610587 0
156493 q0 7663267 0
156493 q0 7760653 0
156493 q0 7768645 1
156493 q0 7976153 1
156493 q0 8029433 2
156493 q0 8029436 1
156493 q0 8182159 2
156493 q0 8182160 2
156493 q0 8182161 1
156493 q0 8182162 1
156493 q0 8182165 3
156493 q0 8182166 2
156493 q0 8245439 1
156493 q0 8245441 1
156493 q0 8245444 3
156493 q0 8266015 1
156493 q0 8266017 2
156493 q0 8273011 2
156493 q0 8273013 2
156493 q0 8273015 2
156493 q0 8273017 3
156493 q0 8273018 0
156493 q0 8273019 3
156493 q0 8277657 0
156493 q0 8300106 1
156493 q0 8300112 1
156493 q0 8300113 1
156493 q0 8376842 2
156493 q0 8376847 1
156493 q0 8393766 2
156493 q0 8432080 0
156493 q0 8440633 0
156493 q0 8697904 0
156493 q0 8725855 2
156493 q0 8725858 0
156493 q0 8725859 0
156493 q0 8725860 0
156493 q0 8725862 2
156493 q0 8803136 2
156493 q0 8820525 2
156493 q0 8820526 3
156493 q0 885944 3
156493 q0 892005 0
156493 q0 89620 0
156493 q0 911791 1
156493 q0 911794 2
156493 q0 935827 0
156493 q0 95512 3
156493 q0 95513 3
156493 q0 95514 3
156493 q0 95515 2
156493 q0 95517 1
156493 q0 95518 3
156493 q0 95519 2
156493 q0 95521 2
156493 q0 994482 1
156493 q0 994486 3
156493 q0 994488 0
168216 q0 1011043 1
168216 q0 1090088 3
168216 q0 1090089 3
168216 q0 1090091 2
168216 q0 1090095 3
168216 q0 1181393 1
168216 q0 1183703 3
168216 q0 1183706 3
168216 q0 119130 2
168216 q0 1274194 3
168216 q0 1301465 3
168216 q0 1301466 2
168216 q0 1301467 3
168216 q0 1301468 2
168216 q0 1301469 3
168216 q0 1301470 2
168216 q0 1301471 2
168216 q0 1301472 3
168216 q0 1301473 3
168216 q0 1301474 3
168216 q0 13492 1
168216 q0 13499 3
168216 q0 1381477 3
168216 q0 1381482 1
168216 q0 1389835 0
168216 q0 141221 1
168216 q0 141223 1
168216 q0 141226 0
168216 q0 1444926 1
168216 q0 147948 1
168216 q0 1502302 1
168216 q0 1508223 0
168216 q0 1529943 1
168216 q0 1612625 0
168216 q0 1651835 0
168216 q0 1662239 0
168216 q0 1677023 1
168216 q0 1677027 3
168216 q0 1677028 1
168216 q0 1696466 1
168216 q0 1735358 3
168216 q0 1735360 3
168216 q0 1735365 0
168216 q0 1757258 2
168216 q0 1766533 1
168216 q0 1766535 1
168216 q0 1779100 1
168216 q0 1780785 1
168216 q0 1780787 0
168216 q0 183192 2
168216 q0 1832002 1
168216 q0 1860841 1
168216 q0 1860843 3
168216 q0 1860844 0
168216 q0 1860848 2
168216 q0 1924796 3
168216 q0 1924800 3
168216 q0 1932143 1
168216 q0 1938663 1
168216 q0 1957179 0
168216 q0 1974320 0
168216 q0 1974321 1
168216 q0 1974327 0
168216 q0 1982106 2
168216 q0 2036276 1
168216 q0 2036277 1
168216 q0 2036278 1
168216 q0 2036279 3
168216 q0 2036280 1
168216 q0 2036281 1
168216 q0 2036282 2
168216 q0 2036283 2
168216 q0 2036284 1
168216 q0 2036285 1
168216 q0 2069988 2
168216 q0 2069992 3
168216 q0 2069995 3
168216 q0 2085296 0
168216 q0 2090435 1
168216 q0 2160685 1
168216 q0 2160687 0
168216 q0 2199602 0
168216 q0 2210772 2
168216 q0 2210773 2
168216 q0 2210774 2
168216 q0 2210775 3
168216 q0 2210776 1
168216 q0 2210778 3
168216 q0 2210780 3
168216 q0 2265768 1
168216 q0 2265769 3
168216 q0 2265771 1
168216 q0 2265772 3
168216 q0 2265774 0
168216 q0 2298018 0
168216 q0 2303676 0
168216 q0 2444467 0
168216 q0 2514500 0
168216 q0 2514503 0
168216 q0 25528 0
168216 q0 25530 0
168216 q0 2600135 0
168216 q0 2611845 1
168216 q0 2651080 1
168216 q0 2659074 3
168216 q0 267543 0
168216 q0 267547 1
168216 q0 2714956 0
168216 q0 2735305 1
168216 q0 27418 0
168216 q0 2774854 0
168216 q0 2774855 1
168216 q0 2774860 1
168216 q0 2774862 2
168216 q0 2790904 3
168216 q0 2806307 3
168216 q0 2823656 0
168216 q0 290819 1
168216 q0 290826 3
168216 q0 3004214 1
168216 q0 3018988 1
168216 q0 3033359 3
168216 q0 3034378 3
168216 q0 3034382 2
168216 q0 3040681 1
168216 q0 3040682 1
168216 q0 3087258 1
168216 q0 3096688 2
168216 q0 317379 0
168216 q0 3174832 1
168216 q0 3174833 0
168216 q0 3174834 0
168216 q0 3174836 0
168216 q0 3174838 0
168216 q0 3174840 3
168216 q0 3174841 0
168216 q0 3198680 1
168216 q0 3198681 2
168216 q0 3198682 3
168216 q0 3198683 3
168216 q0 3198684 1
168216 q0 3198685 2
168216 q0 3198686 3
168216 q0 3198687 3
168216 q0 3198689 3
168216 q0 3284042 0
168216 q0 3342536 2
168216 q0 3344828 3
168216 q0 3344829 1
168216 q0 3344830 2
168216 q0 3344832 1
168216 q0 3344833 2
168216 q0 3344834 3
168216 q0 3344835 1
168216 q0 3344837 2
168216 q0 3399712 3
168216 q0 3399713 3
168216 q0 3399714 1
168216 q0 3399715 3
168216 q0 3399716 3
168216 q0 3399717 3
168216 q0 3399718 3
168216 q0 3399719 2
168216 q0 3399720 2
168216 q0 3401389 2
168216 q0 3415208 1
168216 q0 3463549 1
168216 q0 3463551 1
168216 q0 3463552 2
168216 q0 3463554 0
168216 q0 3463555 2
168216 q0 3463556 3
168216 q0 3496739 1
168216 q0 3496742 0
168216 q0 3496743 0
168216 q0 3507767 1
168216 q0 3528662 0
168216 q0 3540200 1
168216 q0 3552861 0
168216 q0 3556122 0
168216 q0 3556745 1
168216 q0 3670625 1
168216 q0 3670943 1
168216 q0 3670949 0
168216 q0 3681093 2
168216 q0 3681094 3
168216 q0 3681095 3
168216 q0 3681096 1
168216 q0 3681097 2
168216 q0 3681098 1
168216 q0 3681099 3
168216 q0 3681100 3
168216 q0 3730141 1
168216 q0 3788437 1
168216 q0 3790896 1
168216 q0 3830854 1
168216 q0 3830857 3
168216 q0 385916 1
168216 q0 385917 1
168216 q0 385918 1
168216 q0 385921 1
168216 q0 3906528 0
168216 q0 3908773 3
168216 q0 3908774 3
168216 q0 3908775 3
168216 q0 3908776 3
168216 q0 3908777 3
168216 q0 3908778 2
168216 q0 3908779 3
168216 q0 3908780 2
168216 q0 3908781 3
168216 q0 3974534 1
168216 q0 4073425 0
168216 q0 4090174 0
168216 q0 4119829 3
168216 q0 4152489 0
168216 q0 4160802 1
168216 q0 4179862 0
168216 q0 4191388 1
168216 q0 4191389 1
168216 q0 4191390 3
168216 q0 4191391 3
168216 q0 4191392 2
168216 q0 4191393 2
168216 q0 4191395 3
168216 q0 4191396 3
168216 q0 4215272 1
168216 q0 4215276 3
168216 q0 4243074 1
168216 q0 4245217 1
168216 q0 4245218 3
168216 q0 4245219 1
168216 q0 4245221 1
168216 q0 4245222 1
168216 q0 4245223 2
168216 q0 4245224 1
168216 q0 4255405 0
168216 q0 4301959 1
168216 q0 4317150 1
168216 q0 4324486 3
168216 q0 4324487 3
168216 q0 4324491 3
168216 q0 4324492 3
168216 q0 4324493 2
168216 q0 4329739 1
168216 q0 4461560 0
168216 q0 4461561 0
168216 q0 4461562 0
168216 q0 4481323 2
168216 q0 4481326 0
168216 q0 4481331 0
168216 q0 4493876 1
168216 q0 4493877 2
168216 q0 4493878 1
168216 q0 4493879 2
168216 q0 4493882 3
168216 q0 4493883 1
168216 q0 4493884 1
168216 q0 4498419 3
168216 q0 4498420 1
168216 q0 4498423 2
168216 q0 4599514 0
168216 q0 4600607 2
168216 q0 4600608 3
168216 q0 4600609 3
168216 q0 4600610 2
168216 q0 4624904 0
168216 q0 4656291 2
168216 q0 4656297 3
168216 q0 4713638 0
168216 q0 4713640 0
168216 q0 4713641 0
168216 q0 4721488 0
168216 q0 4741403 2
168216 q0 4741406 3
168216 q0 4741407 1
168216 q0 4792582 3
168216 q0 4792583 2
168216 q0 4875144 0
168216 q0 4886488 0
168216 q0 4918399 2
168216 q0 492722 1
168216 q0 4935823 1
168216 q0 4938900 1
168216 q0 4956407 1
168216 q0 4959804 0
168216 q0 5004346 3
168216 q0 5024306 3
168216 q0 5024307 3
168216 q0 5024308 3
168216 q0 5024309 1
168216 q0 5024310 2
168216 q0 5024311 3
168216 q0 5024312 3
168216 q0 5024313 2
168216 q0 5024314 2
168216 q0 5028470 0
168216 q0 5029546 0
168216 q0 504720 1
168216 q0 504725 1
168216 q0 5050210 2
168216 q0 5098832 1
168216 q0 5114458 3
168216 q0 5216034 1
168216 q0 5239348 0
168216 q0 527409 2
168216 q0 5293612 1
168216 q0 5293614 3
168216 q0 5298477 1
168216 q0 5298478 0
168216 q0 5298480 0
168216 q0 5298481 0
168216 q0 5298482 0
168216 q0 5298483 0
168216 q0 5298484 1
168216 q0 5298486 0
168216 q0 5314644 2
168216 q0 5332126 2
168216 q0 5336828 0
168216 q0 5336829 0
168216 q0 5336830 0
168216 q0 5346757 1
168216 q0 5346758 1
168216 q0 5346759 1
168216 q0 5370224 1
168216 q0 5562279 0
168216 q0 5568759 1
168216 q0 5657932 2
168216 q0 5690224 2
168216 q0 5771045 2
168216 q0 5880511 0
168216 q0 5880512 1
168216 q0 5935472 2
168216 q0 5935473 1
168216 q0 5935474 2
168216 q0 5935476 3
168216 q0 5935477 2
168216 q0 5935478 3
168216 q0 5935479 1
168216 q0 5947826 1
168216 q0 6012597 3
168216 q0 6012598 3
168216 q0 6012600 3
168216 q0 6061717 2
168216 q0 6061718 3
168216 q0 6061719 3
168216 q0 6061720 1
168216 q0 6061721 3
168216 q0 6061722 3
168216 q0 6061723 2
168216 q0 6061724 2
168216 q0 6061725 3
168216 q0 6061726 2
168216 q0 6073041 0
168216 q0 6169326 1
168216 q0 6172551 2
168216 q0 6182732 0
168216 q0 6199602 1
168216 q0 6201930 1
168216 q0 6213322 3
168216 q0 6213323 3
168216 q0 6213324 3
168216 q0 6213325 3
168216 q0 6213326 2
168216 q0 6214542 3
168216 q0 6219117 3
168216 q0 6219118 3
168216 q0 6219119 0
168216 q0 6219120 0
168216 q0 6219121 3
168216 q0 6219122 2
168216 q0 6223984 0
168216 q0 6223985 0
168216 q0 6223986 0
168216 q0 6223987 0
168216 q0 6223988 0
168216 q0 6223989 0
168216 q0 6223990 0
168216 q0 6231569 1
168216 q0 6244209 0
168216 q0 6244216 0
168216 q0 6244217 0
168216 q0 6249505 0
168216 q0 6249506 1
168216 q0 6249510 0
168216 q0 6249512 3
168216 q0 6249513 0
168216 q0 625087 0
168216 q0 6264729 3
168216 q0 6264730 1
168216 q0 6264731 3
168216 q0 6264732 3
168216 q0 6264733 3
168216 q0 6264734 3
168216 q0 6264735 3
168216 q0 6282559 1
168216 q0 6282560 3
168216 q0 6282561 3
168216 q0 6282562 3
168216 q0 6282563 0
168216 q0 6282564 2
168216 q0 6282565 1
168216 q0 6282566 1
168216 q0 6282567 3
168216 q0 6328826 1
168216 q0 6328832 0
168216 q0 6329928 1
168216 q0 6329932 2
168216 q0 6335248 1
168216 q0 6426630 3
168216 q0 6426631 3
168216 q0 6426632 3
168216 q0 6426633 3
168216 q0 6426634 3
168216 q0 6426635 2
168216 q0 6426636 2
168216 q0 6426637 2
168216 q0 6426638 3
168216 q0 6457806 1
168216 q0 6501691 1
168216 q0 6504674 1
168216 q0 6542650 0
168216 q0 6548726 2
168216 q0 6555034 3
168216 q0 6584042 2
168216 q0 6584045 0
168216 q0 6584046 0
168216 q0 6584047 0
168216 q0 6606723 1
168216 q0 6606728 1
168216 q0 661750 2
168216 q0 661753 2
168216 q0 661757 2
168216 q0 6643451 2
168216 q0 6643453 0
168216 q0 6643454 0
168216 q0 6643455 1
168216 q0 6679170 0
168216 q0 6719975 0
168216 q0 6784127 0
168216 q0 6786380 2
168216 q0 6786381 0
168216 q0 6796706 1
168216 q0 6796711 1
168216 q0 6817965 1
168216 q0 6827479 0
168216 q0 6868730 1
168216 q0 689769 1
168216 q0 6907143 1
168216 q0 6944135 0
168216 q0 6982715 0
168216 q0 6988262 0
168216 q0 6988265 0
168216 q0 6988654 0
168216 q0 6989580 0
168216 q0 6996835 2
168216 q0 7034888 0
168216 q0 7034890 0
168216 q0 7034893 0
168216 q0 7043985 1
168216 q0 7049039 2
168216 q0 7130115 1
168216 q0 7130121 1
168216 q0 7139368 1
168216 q0 7139374 0
168216 q0 7154815 1
168216 q0 7159297 1
168216 q0 7295056 0
168216 q0 7306072 0
168216 q0 7309812 1
168216 q0 731200 3
168216 q0 7337062 0
168216 q0 7337063 1
168216 q0 7337064 0
168216 q0 7337513 3
168216 q0 7337516 2
168216 q0 7337517 1
168216 q0 7337518 2
168216 q0 7337519 3
168216 q0 7393108 0
168216 q0 7393109 1
168216 q0 7431801 0
168216 q0 746509 1
168216 q0 7490446 1
168216 q0 7492748 2
168216 q0 7492752 2
168216 q0 7492753 3
168216 q0 7492754 3
168216 q0 7492755 3
168216 q0 7492756 1
168216 q0 7494463 0
168216 q0 7554451 0
168216 q0 7595676 1
168216 q0 7595680 1
168216 q0 7595682 3
168216 q0 7595684 3
168216 q0 7620589 1
168216 q0 762994 0
168216 q0 7642190 1
168216 q0 7650565 0
168216 q0 7682760 1
168216 q0 7682762 1
168216 q0 7745780 0
168216 q0 7798492 0
168216 q0 7835773 1
168216 q0 7904622 1
168216 q0 7917629 0
168216 q0 8044498 1
168216 q0 8048968 2
168216 q0 8048969 1
168216 q0 8048970 0
168216 q0 8048971 2
168216 q0 8048972 0
168216 q0 8048973 0
168216 q0 8048974 1
168216 q0 8048977 2
168216 q0 8053472 0
168216 q0 8080259 0
168216 q0 8114211 0
168216 q0 8114214 0
168216 q0 8141128 3
168216 q0 8175329 0
168216 q0 8185129 2
168216 q0 8185131 3
168216 q0 8185134 2
168216 q0 8185135 3
168216 q0 8185137 3
168216 q0 821622 1
168216 q0 8224023 1
168216 q0 8244850 1
168216 q0 8252757 2
168216 q0 8252758 1
168216 q0 8252759 0
168216 q0 8252760 0
168216 q0 8252761 2
168216 q0 8252762 1
168216 q0 8252763 3
168216 q0 8252764 1
168216 q0 826042 1
168216 q0 826043 1
168216 q0 8282177 0
168216 q0 8319214 1
168216 q0 8319215 2
168216 q0 8319216 1
168216 q0 8319218 3
168216 q0 8320715 2
168216 q0 8387100 0
168216 q0 8387102 1
168216 q0 8400578 1
168216 q0 8456058 0
168216 q0 8494353 0
168216 q0 851272 0
168216 q0 851276 3
168216 q0 856274 3
168216 q0 8614059 0
168216 q0 8627333 1
168216 q0 8639627 3
168216 q0 8639630 3
168216 q0 8639633 3
168216 q0 8703263 0
168216 q0 8723467 3
168216 q0 8731617 3
168216 q0 8731618 3
168216 q0 8731619 0
168216 q0 8731620 0
168216 q0 8731621 3
168216 q0 8731622 3
168216 q0 8731623 3
168216 q0 8731624 2
168216 q0 8731625 3
168216 q0 8743646 2
168216 q0 8766386 2
168216 q0 8766387 1
168216 q0 8766388 0
168216 q0 8766389 1
168216 q0 8766390 1
168216 q0 8766391 1
168216 q0 8811121 1
168216 q0 8820895 0
168216 q0 903717 1
168216 q0 938736 1
168216 q0 997006 0
182539 q0 1030532 2
182539 q0 120982 0
182539 q0 1267246 0
182539 q0 1284406 0
182539 q0 1307232 1
182539 q0 1307234 1
182539 q0 1307235 1
182539 q0 133635 1
182539 q0 139775 1
182539 q0 1402161 0
182539 q0 1444135 2
182539 q0 1638687 2
182539 q0 1638688 0
182539 q0 1638689 1
182539 q0 1638690 1
182539 q0 1638691 0
182539 q0 1638694 0
182539 q0 171653 0
182539 q0 2092202 2
182539 q0 2310549 0
182539 q0 2585437 1
182539 q0 2623668 2
182539 q0 2641842 0
182539 q0 2671959 0
182539 q0 2751871 1
182539 q0 2821884 0
182539 q0 2821885 0
182539 q0 2909954 1
182539 q0 2909960 1
182539 q0 2909961 1
182539 q0 301839 0
182539 q0 3040505 0
182539 q0 3127071 0
182539 q0 3186471 0
182539 q0 3198392 0
182539 q0 3395863 0
182539 q0 3760957 0
182539 q0 3760964 1
182539 q0 3883077 1
182539 q0 3883081 3
182539 q0 4027218 0
182539 q0 429002 0
182539 q0 4370020 1
182539 q0 4488475 0
182539 q0 4573314 0
182539 q0 4730803 1
182539 q0 4962101 0
182539 q0 4998339 0
182539 q0 5543580 0
182539 q0 5567729 1
182539 q0 5567732 1
182539 q0 5636990 1
182539 q0 5692901 0
182539 q0 5701365 1
182539 q0 57443 1
182539 q0 57444 1
182539 q0 57447 3
182539 q0 57448 1
182539 q0 57449 3
182539 q0 57450 1
182539 q0 57452 1
182539 q0 5745931 0
182539 q0 5793580 0
182539 q0 6037973 1
182539 q0 6135907 1
182539 q0 6155089 0
182539 q0 6155093 1
182539 q0 6155095 0
182539 q0 63077 1
182539 q0 6326180 2
182539 q0 6349650 0
182539 q0 6368045 0
182539 q0 6570493 0
182539 q0 6596440 0
182539 q0 6783449 2
182539 q0 681057 2
182539 q0 6816571 1
182539 q0 6816572 1
182539 q0 6816573 1
182539 q0 6816574 1
182539 q0 6816577 0
182539 q0 6816579 1
182539 q0 6957819 1
182539 q0 6957823 1
182539 q0 6980965 2
182539 q0 6981225 0
182539 q0 7111248 0
182539 q0 711547 0
182539 q0 7148714 0
182539 q0 7303730 0
182539 q0 7371255 1
182539 q0 7371257 1
182539 q0 7371259 1
182539 q0 7371261 1
182539 q0 7371262 2
182539 q0 738025 1
182539 q0 7527837 3
182539 q0 7579346 0
182539 q0 7579347 1
182539 q0 7579349 0
182539 q0 7579350 0
182539 q0 7579351 0
182539 q0 7583024 3
182539 q0 763288 0
182539 q0 7637811 0
182539 q0 7770390 0
182539 q0 7850108 0
182539 q0 7919971 0
182539 q0 7919974 0
182539 q0 7919976 0
182539 q0 7984051 0
182539 q0 8169124 0
182539 q0 8288561 0
182539 q0 8299659 1
182539 q0 8299661 1
182539 q0 8299665 1
182539 q0 8299668 1
182539 q0 8300579 0
182539 q0 8321156 0
182539 q0 8515182 2
182539 q0 8579153 0
182539 q0 8598792 3
182539 q0 860931 0
182539 q0 8757177 1
182539 q0 8757178 1
182539 q0 8757179 1
182539 q0 8757180 1
182539 q0 8757181 1
182539 q0 8757182 1
182539 q0 8757183 0
182539 q0 8757184 1
182539 q0 949231 0
183378 q0 1050571 1
183378 q0 1087366 2
183378 q0 1115509 1
183378 q0 1127571 0
183378 q0 1239964 3
183378 q0 1239966 2
183378 q0 1247358 1
183378 q0 1289489 3
183378 q0 1289490 3
183378 q0 1289492 3
183378 q0 1289493 3
183378 q0 1289494 1
183378 q0 1289495 2
183378 q0 1289496 3
183378 q0 1289497 3
183378 q0 1314299 1
183378 q0 1357682 1
183378 q0 1393375 1
183378 q0 1401314 1
183378 q0 1497008 1
183378 q0 1555656 1
183378 q0 1561158 1
183378 q0 1566057 1
183378 q0 1566064 0
183378 q0 1605672 2
183378 q0 1605768 1
183378 q0 1625043 1
183378 q0 1644613 0
183378 q0 1678832 1
183378 q0 1678834 1
183378 q0 1678836 1
183378 q0 1678838 1
183378 q0 1730037 1
183378 q0 1730040 1
183378 q0 1730043 1
183378 q0 1730044 1
183378 q0 1730858 2
183378 q0 1750227 2
183378 q0 1773958 2
183378 q0 1773959 2
183378 q0 1795916 1
183378 q0 1854176 2
183378 q0 1863147 0
183378 q0 1865221 1
183378 q0 1865315 0
183378 q0 1865316 0
183378 q0 1886705 1
183378 q0 19056 0
183378 q0 1908513 1
183378 q0 1913447 1
183378 q0 192535 3
183378 q0 1960310 3
183378 q0 2046681 1
183378 q0 2061700 0
183378 q0 2061702 0
183378 q0 2061706 0
183378 q0 206299 2
183378 q0 206304 1
183378 q0 2068968 1
183378 q0 2089154 1
183378 q0 2095235 2
183378 q0 2095237 1
183378 q0 217594 0
183378 q0 2203341 0
183378 q0 2234245 2
183378 q0 2234247 2
183378 q0 2272251 2
183378 q0 229739 1
183378 q0 229743 2
183378 q0 229745 2
183378 q0 2352713 2
183378 q0 2352716 3
183378 q0 237976 1
183378 q0 237979 2
183378 q0 2382255 1
183378 q0 2386134 1
183378 q0 239017 1
183378 q0 2403808 1
183378 q0 2403809 1
183378 q0 2403811 2
183378 q0 2478813 1
183378 q0 2485242 0
183378 q0 2493332 2
183378 q0 2499861 2
183378 q0 2499865 1
183378 q0 2524527 1
183378 q0 2533256 3
183378 q0 2533259 1
183378 q0 2533260 2
183378 q0 2533262 1
183378 q0 2557310 0
183378 q0 256433 0
183378 q0 2574033 2
183378 q0 2593965 1
183378 q0 2623065 0
183378 q0 2639939 1
183378 q0 2644128 2
183378 q0 2644131 1
183378 q0 2644132 2
183378 q0 2644601 1
183378 q0 26660 2
183378 q0 2674419 1
183378 q0 2710646 1
183378 q0 2718563 1
183378 q0 2725653 1
183378 q0 2742677 0
183378 q0 2787780 0
183378 q0 2874543 3
183378 q0 2902549 1
183378 q0 3009378 3
183378 q0 304958 1
183378 q0 3093214 3
183378 q0 3093215 3
183378 q0 3093217 3
183378 q0 3093218 2
183378 q0 3093220 1
183378 q0 3093222 1
183378 q0 3113412 1
183378 q0 3119899 2
183378 q0 3128361 2
183378 q0 3128362 3
183378 q0 3129136 1
183378 q0 3150335 1
183378 q0 3156614 2
183378 q0 3185607 3
183378 q0 3185609 1
183378 q0 3185611 3
183378 q0 324175 0
183378 q0 3243573 0
183378 q0 3243575 0
183378 q0 327908 2
183378 q0 327909 2
183378 q0 327910 1
183378 q0 327912 1
183378 q0 327913 3
183378 q0 327914 1
183378 q0 327917 1
183378 q0 3362411 1
183378 q0 3362417 0
183378 q0 3377749 2
183378 q0 3389578 3
183378 q0 3389579 3
183378 q0 3389580 3
183378 q0 3389581 3
183378 q0 3389582 2
183378 q0 3389583 0
183378 q0 3389584 3
183378 q0 3389585 3
183378 q0 349581 1
183378 q0 349585 1
183378 q0 3561703 2
183378 q0 3561706 1
183378 q0 3573382 0
183378 q0 3578563 3
183378 q0 3605397 1
183378 q0 3605404 1
183378 q0 3614551 0
183378 q0 3617216 1
183378 q0 3624847 1
183378 q0 3624848 1
183378 q0 3662782 1
183378 q0 371475 1
183378 q0 3719069 2
183378 q0 3719076 2
183378 q0 3752862 0
183378 q0 376576 0
183378 q0 3790601 1
183378 q0 3854211 1
183378 q0 3854428 2
183378 q0 3867601 2
183378 q0 3867603 1
183378 q0 3867604 1
183378 q0 388338 0
183378 q0 3888461 2
183378 q0 388938 1
183378 q0 3909768 1
183378 q0 3917524 1
183378 q0 3922973 2
183378 q0 3928768 3
183378 q0 3947464 0
183378 q0 3953758 2
183378 q0 3953760 2
183378 q0 3976867 0
183378 q0 3987911 1
183378 q0 4014207 1
183378 q0 4034821 2
183378 q0 4062201 0
183378 q0 4089637 2
183378 q0 4089638 2
183378 q0 4134894 3
183378 q0 4134895 3
183378 q0 4134896 3
183378 q0 4134897 3
183378 q0 4134899 3
183378 q0 4134901 3
183378 q0 4134902 3
183378 q0 4223863 0
183378 q0 424997 0
183378 q0 4285001 1
183378 q0 4285002 1
183378 q0 4285004 2
183378 q0 4285008 1
183378 q0 4312691 1
183378 q0 4312697 1
183378 q0 4325623 1
183378 q0 4330392 1
183378 q0 4402556 1
183378 q0 448707 1
183378 q0 4490071 0
183378 q0 4493913 3
183378 q0 4493914 3
183378 q0 4493915 3
183378 q0 4493916 3
183378 q0 4493917 3
183378 q0 4493918 2
183378 q0 4493919 1
183378 q0 4493920 3
183378 q0 4493921 3
183378 q0 4493922 3
183378 q0 4512308 1
183378 q0 4552882 0
183378 q0 4671026 0
183378 q0 4716324 1
183378 q0 4727412 3
183378 q0 4727416 3
183378 q0 4727417 3
183378 q0 4727418 3
183378 q0 4727419 2
183378 q0 4727421 0
183378 q0 4803847 3
183378 q0 4803848 3
183378 q0 4803850 1
183378 q0 4803851 1
183378 q0 4803853 1
183378 q0 4803854 1
183378 q0 4803855 1
183378 q0 4803856 1
183378 q0 4824883 1
183378 q0 483411 1
183378 q0 4835769 1
183378 q0 4856305 1
183378 q0 4862063 1
183378 q0 4883384 1
183378 q0 4977773 1
183378 q0 5026678 3
183378 q0 5026680 2
183378 q0 5026684 2
183378 q0 5040199 2
183378 q0 5064305 0
183378 q0 5088210 2
183378 q0 508998 1
183378 q0 509354 1
183378 q0 5098266 2
183378 q0 5144927 0
183378 q0 5196832 1
183378 q0 5259281 1
183378 q0 5260515 2
183378 q0 5260519 2
183378 q0 5280054 0
183378 q0 5318552 1
183378 q0 5325846 0
183378 q0 5331361 1
183378 q0 5335533 1
183378 q0 5391353 2
183378 q0 5391354 1
183378 q0 5391357 1
183378 q0 5391358 1
183378 q0 5400140 1
183378 q0 5420808 1
183378 q0 5452480 2
183378 q0 5460936 2
183378 q0 5460937 1
183378 q0 5460939 3
183378 q0 5460941 1
183378 q0 5462817 0
183378 q0 5481068 0
183378 q0 5486284 2
183378 q0 5534703 3
183378 q0 5534704 1
183378 q0 5534707 3
183378 q0 5534708 1
183378 q0 5534709 1
183378 q0 5534710 2
183378 q0 5534711 3
183378 q0 5553207 0
183378 q0 5731099 1
183378 q0 5760906 2
183378 q0 5798333 2
183378 q0 5798338 2
183378 q0 5807413 2
183378 q0 5817926 2
183378 q0 5817927 3
183378 q0 5824064 1
183378 q0 58272 1
183378 q0 58279 1
183378 q0 58281 1
183378 q0 5860420 1
183378 q0 5861577 0
183378 q0 5861580 1
183378 q0 5867680 1
183378 q0 5867683 1
183378 q0 5867685 1
183378 q0 5899214 2
183378 q0 5931994 1
183378 q0 6096576 2
183378 q0 6109454 1
183378 q0 6109459 1
183378 q0 6109460 2
183378 q0 6109461 3
183378 q0 6114693 1
183378 q0 6134568 1
183378 q0 6176526 1
183378 q0 6185861 2
183378 q0 6220736 3
183378 q0 6247404 2
183378 q0 6247405 3
183378 q0 6291377 0
183378 q0 6291380 3
183378 q0 6301977 2
183378 q0 6338918 1
183378 q0 6437631 0
183378 q0 6484763 1
183378 q0 6533300 3
183378 q0 6548233 0
183378 q0 6548235 1
183378 q0 6626074 1
183378 q0 6626236 2
183378 q0 6653851 1
183378 q0 6653856 1
183378 q0 676766 1
183378 q0 678584 1
183378 q0 6788947 2
183378 q0 6788949 1
183378 q0 6846314 1
183378 q0 6846321 1
183378 q0 6879259 1
183378 q0 6880045 1
183378 q0 6944330 2
183378 q0 6944335 2
183378 q0 7039080 1
183378 q0 7045994 2
183378 q0 7060842 0
183378 q0 711450 0
183378 q0 7128532 1
183378 q0 7145667 0
183378 q0 7145668 1
183378 q0 716319 1
183378 q0 7212210 1
183378 q0 7213524 2
183378 q0 7398706 3
183378 q0 7448286 2
183378 q0 7448291 2
183378 q0 7449743 3
183378 q0 7449744 3
183378 q0 7449746 1
183378 q0 7449747 2
183378 q0 7449748 3
183378 q0 7449750 3
183378 q0 7449751 3
183378 q0 7449752 3
183378 q0 749539 2
183378 q0 749540 2
183378 q0 749541 1
183378 q0 749542 3
183378 q0 749544 2
183378 q0 749545 1
183378 q0 749546 2
183378 q0 749547 1
183378 q0 749548 2
183378 q0 7507613 0
183378 q0 7512749 1
183378 q0 7640545 2
183378 q0 7648114 1
183378 q0 7677968 3
183378 q0 7677974 1
183378 q0 7677975 3
183378 q0 7677976 0
183378 q0 7678696 3
183378 q0 769287 0
183378 q0 7703397 3
183378 q0 7718047 3
183378 q0 7718054 2
183378 q0 7734209 1
183378 q0 7805473 1
183378 q0 7811888 2
183378 q0 7849372 1
183378 q0 7920165 3
183378 q0 7952865 2
183378 q0 7952868 1
183378 q0 7952869 2
183378 q0 7969193 0
183378 q0 8006512 3
183378 q0 8025018 1
183378 q0 8079970 0
183378 q0 8116925 1
183378 q0 8116929 1
183378 q0 8121374 1
183378 q0 8121375 3
183378 q0 8121377 1
183378 q0 8121378 0
183378 q0 8121379 1
183378 q0 8121380 1
183378 q0 8154707 1
183378 q0 8168056 0
183378 q0 8168374 0
183378 q0 8177162 2
183378 q0 8180407 1
183378 q0 8191188 1
183378 q0 8192307 3
183378 q0 8217632 0
183378 q0 823210 1
183378 q0 823211 2
183378 q0 823212 1
183378 q0 8260787 3
183378 q0 8381280 1
183378 q0 8422490 1
183378 q0 8485658 1
183378 q0 8488211 1
183378 q0 8507874 1
183378 q0 8507876 1
183378 q0 8507877 1
183378 q0 8548608 1
183378 q0 8567665 2
183378 q0 8567669 1
183378 q0 8570255 2
183378 q0 8570256 3
183378 q0 8570257 3
183378 q0 8570258 3
183378 q0 8570259 0
183378 q0 8570260 3
183378 q0 8570261 3
183378 q0 8570262 1
183378 q0 8570263 3
183378 q0 8575895 1
183378 q0 8577215 1
183378 q0 8577216 1
183378 q0 8598372 1
183378 q0 8623015 1
183378 q0 8767239 3
183378 q0 8767240 2
183378 q0 8767241 1
183378 q0 8779628 1
183378 q0 8794302 2
183378 q0 8794303 1
183378 q0 8794304 3
183378 q0 8794306 3
183378 q0 8794307 3
183378 q0 8794308 3
183378 q0 914900 1
183378 q0 914901 1
183378 q0 950480 2
207786 q0 1029962 2
207786 q0 1085406 0
207786 q0 1275020 0
207786 q0 13253 0
207786 q0 1361413 0
207786 q0 1392577 0
207786 q0 1392580 0
207786 q0 1392581 1
207786 q0 1392585 2
207786 q0 1401013 0
207786 q0 1614449 0
207786 q0 1654357 0
207786 q0 1765284 0
207786 q0 1884813 0
207786 q0 1931368 0
207786 q0 2051020 1
207786 q0 2145226 0
207786 q0 2253657 0
207786 q0 2322019 0
207786 q0 2322023 0
207786 q0 236200 0
207786 q0 2430032 1
207786 q0 2467877 0
207786 q0 2513093 0
207786 q0 2513097 0
207786 q0 2565197 0
207786 q0 2621344 0
207786 q0 2628326 1
207786 q0 2763917 2
207786 q0 294630 1
207786 q0 2998723 0
207786 q0 3005378 1
207786 q0 3005379 1
207786 q0 3051650 0
207786 q0 3322533 0
207786 q0 3352521 0
207786 q0 3407770 0
207786 q0 3522830 0
207786 q0 353692 0
207786 q0 3564390 0
207786 q0 3600015 1
207786 q0 3717766 1
207786 q0 3717767 0
207786 q0 3717772 0
207786 q0 3758118 0
207786 q0 3773663 1
207786 q0 3839375 0
207786 q0 3855673 0
207786 q0 3931762 0
207786 q0 3998355 0
207786 q0 4181531 0
207786 q0 4218702 0
207786 q0 4218707 2
207786 q0 4311442 0
207786 q0 4322308 0
207786 q0 4342052 1
207786 q0 4416679 0
207786 q0 4486236 2
207786 q0 458649 0
207786 q0 4599409 0
207786 q0 4672265 0
207786 q0 4759180 0
207786 q0 4900223 0
207786 q0 493420 0
207786 q0 4963372 0
207786 q0 4978402 1
207786 q0 4978403 0
207786 q0 5120776 0
207786 q0 5120777 0
207786 q0 5170143 0
207786 q0 5175108 0
207786 q0 5175113 0
207786 q0 521821 0
207786 q0 5220226 0
207786 q0 5231750 0
207786 q0 5288616 0
207786 q0 5297034 1
207786 q0 5388266 0
207786 q0 5415097 0
207786 q0 5436924 0
207786 q0 5521301 0
207786 q0 5545683 0
207786 q0 5598165 0
207786 q0 5624831 0
207786 q0 5804666 0
207786 q0 6003357 0
207786 q0 6003360 0
207786 q0 6031630 2
207786 q0 6133371 1
207786 q0 6683523 0
207786 q0 6736451 0
207786 q0 6822430 1
207786 q0 6882359 0
207786 q0 706241 0
207786 q0 7124120 1
207786 q0 7216048 0
207786 q0 7229815 0
207786 q0 733092 0
207786 q0 7413617 0
207786 q0 7510472 3
207786 q0 7510473 0
207786 q0 7599318 1
207786 q0 7639366 2
207786 q0 7780968 0
207786 q0 7808141 0
207786 q0 7941579 1
207786 q0 7963301 0
207786 q0 8049019 0
207786 q0 805252 0
207786 q0 8053029 1
207786 q0 817177 2
207786 q0 817180 2
207786 q0 8185061 0
207786 q0 8185064 1
207786 q0 8273754 2
207786 q0 8273755 1
207786 q0 8273756 1
207786 q0 8273757 0
207786 q0 8273758 1
207786 q0 8273759 1
207786 q0 8273760 1
207786 q0 8273761 2
207786 q0 8273762 3
207786 q0 8273763 2
207786 q0 8293151 0
207786 q0 8367880 0
207786 q0 8421669 0
207786 q0 8532111 0
207786 q0 8610073 0
207786 q0 8622992 0
207786 q0 8694439 0
207786 q0 8724506 0
207786 q0 8724507 0
207786 q0 8724508 0
207786 q0 874678 0
207786 q0 8819656 0
207786 q0 8829137 0
264014 q0 1181075 0
264014 q0 1181081 1
264014 q0 1240266 1
264014 q0 1240268 0
264014 q0 1240269 1
264014 q0 125023 0
264014 q0 1274088 0
264014 q0 1313263 0
264014 q0 1444285 0
264014 q0 1444286 2
264014 q0 1546910 0
264014 q0 1546916 0
264014 q0 1568516 0
264014 q0 1576442 0
264014 q0 1610706 3
264014 q0 1610707 3
264014 q0 1610709 1
264014 q0 1610710 1
264014 q0 1610711 1
264014 q0 1610712 1
264014 q0 1610714 1
264014 q0 1611213 1
264014 q0 1611215 1
264014 q0 1611220 0
264014 q0 1611221 1
264014 q0 1679460 0
264014 q0 1702969 1
264014 q0 1702970 1
264014 q0 1702971 1
264014 q0 1702972 1
264014 q0 1702973 0
264014 q0 1804644 1
264014 q0 1873744 0
264014 q0 1929530 0
264014 q0 1960396 0
264014 q0 2089031 1
264014 q0 2090881 0
264014 q0 2164136 1
264014 q0 2173392 1
264014 q0 2223171 2
264014 q0 2337592 1
264014 q0 2412995 1
264014 q0 2420367 1
264014 q0 2420368 1
264014 q0 2438164 1
264014 q0 2472895 1
264014 q0 2472898 0
264014 q0 2474340 2
264014 q0 2474341 1
264014 q0 2474342 2
264014 q0 2474346 3
264014 q0 2498163 0
264014 q0 2498164 0
264014 q0 2498165 1
264014 q0 2498169 1
264014 q0 2508577 0
264014 q0 2526785 1
264014 q0 2572553 0
264014 q0 2572557 1
264014 q0 2612494 0
264014 q0 2616296 2
264014 q0 2645227 0
264014 q0 2688537 1
264014 q0 2689662 2
264014 q0 276900 0
264014 q0 2810700 1
264014 q0 2841479 0
264014 q0 2852378 2
264014 q0 2876956 0
264014 q0 2876958 0
264014 q0 2927396 1
264014 q0 2991665 1
264014 q0 3105355 0
264014 q0 3115998 0
264014 q0 3116002 0
264014 q0 3201487 0
264014 q0 3218156 0
264014 q0 323601 0
264014 q0 324420 0
264014 q0 331928 1
264014 q0 331929 2
264014 q0 331931 2
264014 q0 331932 2
264014 q0 331934 1
264014 q0 331936 1
264014 q0 3338819 1
264014 q0 3338821 1
264014 q0 3338822 1
264014 q0 3338824 1
264014 q0 3338825 2
264014 q0 3338826 2
264014 q0 3338827 3
264014 q0 3338828 1
264014 q0 3362112 0
264014 q0 3362699 0
264014 q0 3372501 2
264014 q0 3389744 1
264014 q0 3396076 3
264014 q0 3396080 1
264014 q0 343739 0
264014 q0 3499341 0
264014 q0 3525790 1
264014 q0 3577338 1
264014 q0 3577339 0
264014 q0 3577340 1
264014 q0 3577341 2
264014 q0 3577342 1
264014 q0 3577343 1
264014 q0 3577344 1
264014 q0 3577345 2
264014 q0 3577347 2
264014 q0 3601328 1
264014 q0 3601329 0
264014 q0 3601330 0
264014 q0 3601331 1
264014 q0 3601332 1
264014 q0 3601333 1
264014 q0 3601334 1
264014 q0 3601337 1
264014 q0 3666583 1
264014 q0 3666584 1
264014 q0 3683671 1
264014 q0 3683674 1
264014 q0 3720137 1
264014 q0 3763995 1
264014 q0 3763996 0
264014 q0 3835935 1
264014 q0 3841908 3
264014 q0 3841909 1
264014 q0 3841910 1
264014 q0 3844367 1
264014 q0 3977555 0
264014 q0 4016008 1
264014 q0 4016011 1
264014 q0 4016017 1
264014 q0 4021598 1
264014 q0 4043723 1
264014 q0 4126497 1
264014 q0 4134250 0
264014 q0 4139113 0
264014 q0 4239608 1
264014 q0 4239610 0
264014 q0 4239612 1
264014 q0 4239616 0
264014 q0 4259223 0
264014 q0 4259225 1
264014 q0 4259227 1
264014 q0 4367667 1
264014 q0 4389024 0
264014 q0 447992 3
264014 q0 450849 0
264014 q0 4539746 2
264014 q0 4566598 0
264014 q0 4615177 1
264014 q0 4641915 1
264014 q0 4641917 0
264014 q0 4647186 3
264014 q0 4687213 3
264014 q0 4710716 1
264014 q0 4710717 1
264014 q0 4712433 0
264014 q0 4754388 0
264014 q0 4762058 0
264014 q0 4762063 0
264014 q0 4790248 0
264014 q0 4816996 0
264014 q0 4825862 1
264014 q0 4825863 2
264014 q0 4834543 3
264014 q0 4834544 1
264014 q0 4834545 1
264014 q0 4834546 1
264014 q0 4834547 3
264014 q0 4834548 3
264014 q0 4891237 0
264014 q0 4943879 0
264014 q0 4970621 0
264014 q0 4993096 0
264014 q0 5151339 3
264014 q0 5269173 1
264014 q0 528372 1
264014 q0 528373 1
264014 q0 528374 0
264014 q0 528375 2
264014 q0 528376 1
264014 q0 528377 1
264014 q0 528378 1
264014 q0 528379 1
264014 q0 528380 3
264014 q0 528381 1
264014 q0 5324946 2
264014 q0 5324948 2
264014 q0 5328095 3
264014 q0 5386309 1
264014 q0 5409962 1
264014 q0 5424242 0
264014 q0 5496360 0
264014 q0 5518647 0
264014 q0 5518648 0
264014 q0 552765 1
264014 q0 5541837 0
264014 q0 5563402 1
264014 q0 5563759 0
264014 q0 5583423 0
264014 q0 5583424 2
264014 q0 5583426 1
264014 q0 5611210 2
264014 q0 5611211 2
264014 q0 5611212 3
264014 q0 5611213 1
264014 q0 5611214 2
264014 q0 5611215 2
264014 q0 5611216 1
264014 q0 5611217 2
264014 q0 5611218 2
264014 q0 5611219 3
264014 q0 5627206 0
264014 q0 5635514 1
264014 q0 5635515 2
264014 q0 5635516 1
264014 q0 5635517 1
264014 q0 5635518 1
264014 q0 5635519 1
264014 q0 5635520 1
264014 q0 5635521 1
264014 q0 5635522 2
264014 q0 5635523 2
264014 q0 5672391 2
264014 q0 5688727 1
264014 q0 5688730 2
264014 q0 5699175 0
264014 q0 5719682 1
264014 q0 5780490 1
264014 q0 5780498 1
264014 q0 5819142 1
264014 q0 58384 1
264014 q0 58385 1
264014 q0 58386 1
264014 q0 58387 1
264014 q0 5849267 2
264014 q0 5849268 3
264014 q0 5849270 1
264014 q0 5849271 2
264014 q0 5849272 2
264014 q0 5849274 2
264014 q0 5849711 1
264014 q0 5854311 0
264014 q0 5950718 3
264014 q0 5950719 3
264014 q0 5950720 1
264014 q0 5950721 3
264014 q0 5950722 3
264014 q0 5950723 2
264014 q0 5950724 1
264014 q0 5950726 2
264014 q0 605519 1
264014 q0 6098526 2
264014 q0 6105566 3
264014 q0 6105567 1
264014 q0 6105568 1
264014 q0 6105569 2
264014 q0 6105571 1
264014 q0 6105572 3
264014 q0 6126984 0
264014 q0 6136168 0
264014 q0 6153519 0
264014 q0 6157971 0
264014 q0 6164853 0
264014 q0 6198286 0
264014 q0 6198294 0
264014 q0 6198295 0
264014 q0 6236828 0
264014 q0 6303771 0
264014 q0 631867 0
264014 q0 6321354 0
264014 q0 6333839 2
264014 q0 6333841 2
264014 q0 6334964 1
264014 q0 6334966 0
264014 q0 6337909 1
264014 q0 6350210 1
264014 q0 6370026 0
264014 q0 6413944 1
264014 q0 6413947 1
264014 q0 6413949 1
264014 q0 6413950 1
264014 q0 6413951 2
264014 q0 6501719 1
264014 q0 6501722 1
264014 q0 6501723 1
264014 q0 6523463 0
264014 q0 6555321 1
264014 q0 6555322 2
264014 q0 6571168 0
264014 q0 6598119 0
264014 q0 66151 0
264014 q0 6616555 0
264014 q0 6641238 2
264014 q0 6641241 2
264014 q0 6641244 1
264014 q0 6645737 0
264014 q0 6773914 1
264014 q0 6773920 1
264014 q0 6791755 1
264014 q0 6791757 1
264014 q0 6791760 3
264014 q0 680851 0
264014 q0 682652 0
264014 q0 684615 0
264014 q0 684616 3
264014 q0 684618 1
264014 q0 684621 2
264014 q0 684622 1
264014 q0 7196300 1
264014 q0 7313943 0
264014 q0 7323462 2
264014 q0 7323463 1
264014 q0 7323466 1
264014 q0 7323467 2
264014 q0 7323468 2
264014 q0 7323469 0
264014 q0 7323470 1
264014 q0 7323471 2
264014 q0 7326824 0
264014 q0 7326828 0
264014 q0 7326829 0
264014 q0 7326932 2
264014 q0 7326933 1
264014 q0 7326934 1
264014 q0 7326935 2
264014 q0 7326936 2
264014 q0 7331598 2
264014 q0 7428006 0
264014 q0 7473330 0
264014 q0 7679721 0
264014 q0 7775306 0
264014 q0 7809272 1
264014 q0 7827444 0
264014 q0 7830612 0
264014 q0 7906002 1
264014 q0 7910956 1
264014 q0 7938084 0
264014 q0 8008357 0
264014 q0 8008359 1
264014 q0 8012101 2
264014 q0 8012103 1
264014 q0 814520 0
264014 q0 8193531 0
264014 q0 8274727 0
264014 q0 8313604 0
264014 q0 8332126 0
264014 q0 8332127 2
264014 q0 8344953 0
264014 q0 8368472 0
264014 q0 838341 0
264014 q0 8434168 0
264014 q0 8434173 0
264014 q0 8449002 0
264014 q0 8480107 0
264014 q0 8502491 1
264014 q0 8531384 1
264014 q0 8555145 0
264014 q0 857191 0
264014 q0 8608903 1
264014 q0 8608908 1
264014 q0 8631617 0
264014 q0 8760488 1
264014 q0 8784890 0
264014 q0 8801656 3
264014 q0 8801661 2
264014 q0 924740 0
264014 q0 935825 3
264014 q0 945640 0
264014 q0 96851 3
264014 q0 96852 2
264014 q0 96853 1
264014 q0 96854 2
264014 q0 96855 3
264014 q0 96856 1
264014 q0 96857 3
264014 q0 96858 3
264014 q0 96859 1
359349 q0 1394085 0
359349 q0 1394086 1
359349 q0 1394087 3
359349 q0 1394088 0
359349 q0 15799 0
359349 q0 15803 0
359349 q0 15804 0
359349 q0 15807 0
359349 q0 1622452 0
359349 q0 1830509 0
359349 q0 1830512 2
359349 q0 1830515 1
359349 q0 1830516 3
359349 q0 1830517 3
359349 q0 1935183 0
359349 q0 1979828 0
359349 q0 1979830 0
359349 q0 1979833 0
359349 q0 205472 1
359349 q0 2259902 1
359349 q0 2259905 1
359349 q0 2293818 1
359349 q0 2293820 3
359349 q0 2434861 0
359349 q0 2490389 0
359349 q0 2826509 1
359349 q0 2826510 2
359349 q0 2826511 0
359349 q0 2826512 2
359349 q0 2826513 1
359349 q0 2851752 0
359349 q0 3126806 0
359349 q0 3176543 1
359349 q0 3176544 1
359349 q0 3176546 0
359349 q0 3193824 3
359349 q0 3193825 1
359349 q0 3215627 0
359349 q0 3223831 3
359349 q0 3223832 0
359349 q0 3223833 2
359349 q0 3265497 1
359349 q0 3265498 0
359349 q0 3265504 0
359349 q0 3645754 1
359349 q0 3645755 1
359349 q0 3739664 1
359349 q0 3739666 1
359349 q0 3900185 2
359349 q0 3977555 0
359349 q0 4013718 1
359349 q0 4013723 2
359349 q0 4020470 2
359349 q0 4020471 1
359349 q0 4020472 0
359349 q0 4020474 2
359349 q0 4020475 1
359349 q0 4020476 0
359349 q0 4020477 2
359349 q0 4020478 0
359349 q0 4020479 0
359349 q0 4087265 0
359349 q0 4185530 0
359349 q0 4344098 0
359349 q0 4344099 0
359349 q0 4344100 0
359349 q0 4344101 0
359349 q0 4463574 0
359349 q0 4474871 0
359349 q0 4474872 0
359349 q0 4551559 0
359349 q0 457673 2
359349 q0 4624153 1
359349 q0 4738155 0
359349 q0 4816996 0
359349 q0 5219974 3
359349 q0 5248756 0
359349 q0 5345720 1
359349 q0 5547389 1
359349 q0 5615180 0
359349 q0 5615181 2
359349 q0 5615187 1
359349 q0 576627 1
359349 q0 576628 2
359349 q0 576629 3
359349 q0 576630 0
359349 q0 576632 0
359349 q0 576635 0
359349 q0 5773714 0
359349 q0 5806106 1
359349 q0 5806110 0
359349 q0 5854311 0
359349 q0 6031049 1
359349 q0 6108721 2
359349 q0 6113312 0
359349 q0 6113313 0
359349 q0 6113314 0
359349 q0 6226412 0
359349 q0 6412425 1
359349 q0 6440028 0
359349 q0 6440029 0
359349 q0 6549384 0
359349 q0 6751857 0
359349 q0 682652 0
359349 q0 6834175 0
359349 q0 68647 3
359349 q0 68648 3
359349 q0 68649 3
359349 q0 68650 2
359349 q0 68653 2
359349 q0 68656 1
359349 q0 6873860 0
359349 q0 7062669 1
359349 q0 7062670 1
359349 q0 7062671 1
359349 q0 7277971 1
359349 q0 7579883 1
359349 q0 7857631 0
359349 q0 792264 0
359349 q0 8058867 2
359349 q0 8058868 0
359349 q0 8058869 1
359349 q0 8058873 3
359349 q0 8167110 0
359349 q0 8167111 1
359349 q0 8167114 3
359349 q0 838341 0
359349 q0 8398222 0
359349 q0 8398223 0
359349 q0 8456698 1
359349 q0 8502520 0
359349 q0 8547674 0
359349 q0 8748954 0
359349 q0 8811558 0
359349 q0 885427 0
359349 q0 924740 0
359349 q0 943229 3
359349 q0 943235 0
359349 q0 943237 1
405717 q0 1111371 1
405717 q0 1111372 0
405717 q0 1111375 0
405717 q0 1538943 0
405717 q0 1538949 0
405717 q0 1589738 2
405717 q0 1594706 0
405717 q0 1619423 1
405717 q0 1849743 2
405717 q0 1984962 2
405717 q0 2089 0
405717 q0 2125637 0
405717 q0 2125641 1
405717 q0 2354132 0
405717 q0 2365659 2
405717 q0 2365660 1
405717 q0 2365661 2
405717 q0 2365663 1
405717 q0 2365665 1
405717 q0 2514107 2
405717 q0 2642838 2
405717 q0 2702419 1
405717 q0 2702423 2
405717 q0 2702426 1
405717 q0 273851 1
405717 q0 2747484 2
405717 q0 2747485 1
405717 q0 2747486 1
405717 q0 2747488 2
405717 q0 2747491 2
405717 q0 2747492 1
405717 q0 2759862 0
405717 q0 2768521 1
405717 q0 28365 1
405717 q0 2879959 0
405717 q0 2879960 0
405717 q0 2879964 1
405717 q0 3007835 0
405717 q0 3007837 0
405717 q0 3033898 0
405717 q0 3033900 2
405717 q0 3033903 0
405717 q0 3033904 1
405717 q0 3033905 1
405717 q0 3033907 1
405717 q0 305214 0
405717 q0 3274915 0
405717 q0 3274918 1
405717 q0 3514259 1
405717 q0 3730200 0
405717 q0 3986303 1
405717 q0 3986305 1
405717 q0 3986307 0
405717 q0 3986308 0
405717 q0 3986309 0
405717 q0 4196816 0
405717 q0 4212551 0
405717 q0 4418059 1
405717 q0 4489661 1
405717 q0 4489666 1
405717 q0 4704975 2
405717 q0 4704978 2
405717 q0 4776926 1
405717 q0 4828118 1
405717 q0 4904116 0
405717 q0 506336 1
405717 q0 5079482 1
405717 q0 5079484 0
405717 q0 5079486 1
405717 q0 5079487 0
405717 q0 5110256 0
405717 q0 5219521 0
405717 q0 5274649 1
405717 q0 5428443 2
405717 q0 5428444 1
405717 q0 5615458 1
405717 q0 5638740 1
405717 q0 5641165 0
405717 q0 5668741 1
405717 q0 5690233 1
405717 q0 5690234 1
405717 q0 5690236 1
405717 q0 5690237 2
405717 q0 5690238 1
405717 q0 5690239 1
405717 q0 5690240 1
405717 q0 576346 0
405717 q0 6019053 0
405717 q0 6020673 0
405717 q0 619037 0
405717 q0 6419725 0
405717 q0 6426483 0
405717 q0 6442862 1
405717 q0 659101 0
405717 q0 6654653 3
405717 q0 6654655 1
405717 q0 6678050 2
405717 q0 6786303 0
405717 q0 6786304 1
405717 q0 6917254 0
405717 q0 702383 2
405717 q0 702386 1
405717 q0 702391 2
405717 q0 7170625 1
405717 q0 7170626 3
405717 q0 7170629 1
405717 q0 7170630 3
405717 q0 7170631 1
405717 q0 7201359 0
405717 q0 7201361 1
405717 q0 7259325 0
405717 q0 7288996 3
405717 q0 7442727 0
405717 q0 7447941 0
405717 q0 7447942 1
405717 q0 7447943 1
405717 q0 7464807 0
405717 q0 758582 1
405717 q0 758586 1
405717 q0 7631901 1
405717 q0 7727353 1
405717 q0 7728831 2
405717 q0 7817131 0
405717 q0 7896210 0
405717 q0 7896211 2
405717 q0 7896212 1
405717 q0 7965240 1
405717 q0 8156519 1
405717 q0 8272571 0
405717 q0 8433852 1
405717 q0 8433854 1
405717 q0 8433856 0
405717 q0 8433857 3
405717 q0 8433858 2
405717 q0 846414 0
405717 q0 84778 0
405717 q0 8532416 0
405717 q0 8610271 1
405717 q0 8792407 0
405717 q0 931517 2
405717 q0 947024 0
405717 q0 963392 0
405717 q0 963395 0
405717 q0 963396 0
443396 q0 1055834 2
443396 q0 1055835 1
443396 q0 1061980 1
443396 q0 1091609 0
443396 q0 1091614 0
443396 q0 1365634 0
443396 q0 1365639 0
443396 q0 1365641 0
443396 q0 1371893 0
443396 q0 1386591 0
443396 q0 1386596 0
443396 q0 1455924 0
443396 q0 1457146 0
443396 q0 1465664 2
443396 q0 1465667 1
443396 q0 179830 0
443396 q0 1871319 0
443396 q0 2007121 1
443396 q0 2038000 0
443396 q0 2130373 1
443396 q0 2130375 0
443396 q0 2130381 1
443396 q0 2169377 1
443396 q0 2282017 0
443396 q0 2349193 0
443396 q0 2490482 2
443396 q0 2671287 1
443396 q0 2733683 0
443396 q0 2733689 0
443396 q0 286498 0
443396 q0 2871009 0
443396 q0 2871013 0
443396 q0 2871447 0
443396 q0 2876232 1
443396 q0 289513 1
443396 q0 2976738 0
443396 q0 2976740 0
443396 q0 2976741 0
443396 q0 3007982 1
443396 q0 3117623 0
443396 q0 3222557 0
443396 q0 3323246 0
443396 q0 3440848 2
443396 q0 3440849 1
443396 q0 3440850 2
443396 q0 3440851 1
443396 q0 3440853 1
443396 q0 3440854 1
443396 q0 3519033 0
443396 q0 3526407 0
443396 q0 3526411 0
443396 q0 355277 3
443396 q0 3617225 1
443396 q0 368001 1
443396 q0 3721948 2
443396 q0 4052112 2
443396 q0 4205261 1
443396 q0 4205264 2
443396 q0 4205265 2
443396 q0 4452727 0
443396 q0 4513336 1
443396 q0 4513339 0
443396 q0 4513342 1
443396 q0 4526747 0
443396 q0 453706 0
443396 q0 4565615 0
443396 q0 456708 2
443396 q0 456710 0
443396 q0 456712 0
443396 q0 457791 0
443396 q0 4600638 0
443396 q0 4633352 0
443396 q0 4708168 0
443396 q0 4774806 1
443396 q0 4792649 1
443396 q0 4792650 1
443396 q0 4792652 1
443396 q0 4792656 0
443396 q0 4792657 2
443396 q0 483935 0
443396 q0 4864260 0
443396 q0 4879056 0
443396 q0 4900486 0
443396 q0 5027088 0
443396 q0 5048839 1
443396 q0 5048840 0
443396 q0 5048842 0
443396 q0 5053511 2
443396 q0 5054292 1
443396 q0 5065439 0
443396 q0 5142387 0
443396 q0 5308674 0
443396 q0 5444257 0
443396 q0 5447938 1
443396 q0 5460399 0
443396 q0 5503972 1
443396 q0 5515426 2
443396 q0 6096578 1
443396 q0 6346929 1
443396 q0 6374053 1
443396 q0 6397543 0
443396 q0 6449327 1
443396 q0 6555770 0
443396 q0 6555771 1
443396 q0 6555772 1
443396 q0 6555773 0
443396 q0 6555774 1
443396 q0 6555775 0
443396 q0 6555776 0
443396 q0 6555778 0
443396 q0 6555779 0
443396 q0 6639382 0
443396 q0 6717682 1
443396 q0 674091 1
443396 q0 6743157 0
443396 q0 6941089 1
443396 q0 6953654 3
443396 q0 7054522 0
443396 q0 706688 0
443396 q0 7116091 1
443396 q0 7231589 0
443396 q0 7251120 3
443396 q0 725938 1
443396 q0 725939 1
443396 q0 725940 0
443396 q0 725941 0
443396 q0 725942 0
443396 q0 725943 1
443396 q0 725944 1
443396 q0 725945 0
443396 q0 725947 0
443396 q0 7259659 0
443396 q0 7305588 1
443396 q0 7422742 1
443396 q0 7519443 1
443396 q0 7519448 1
443396 q0 7620278 0
443396 q0 7656427 1
443396 q0 7706389 0
443396 q0 7708932 0
443396 q0 7708933 0
443396 q0 7708934 0
443396 q0 7708935 0
443396 q0 7708936 0
443396 q0 7708937 2
443396 q0 7708938 0
443396 q0 7708939 1
443396 q0 7748070 0
443396 q0 7890878 0
443396 q0 7890882 0
443396 q0 7922077 0
443396 q0 7979502 0
443396 q0 8077405 0
443396 q0 8079039 1
443396 q0 8079040 1
443396 q0 8079042 1
443396 q0 8079043 2
443396 q0 8079046 1
443396 q0 8152556 0
443396 q0 8171402 1
443396 q0 8219031 1
443396 q0 8235587 0
443396 q0 8416862 1
443396 q0 8441048 1
443396 q0 8536118 3
443396 q0 8536121 2
443396 q0 8536122 2
443396 q0 8536123 3
443396 q0 8693530 0
443396 q0 8693532 0
443396 q0 8760085 2
443396 q0 8760090 1
443396 q0 8769481 0
443396 q0 8769489 0
443396 q0 8769905 0
443396 q0 8769907 0
443396 q0 8769908 0
443396 q0 8769911 1
443396 q0 8790078 0
443396 q0 8790079 0
443396 q0 8790080 1
443396 q0 8790081 0
443396 q0 8790082 1
443396 q0 8790083 0
443396 q0 8790084 1
443396 q0 8790085 0
443396 q0 8790086 1
443396 q0 8793491 1
451602 q0 103181 1
451602 q0 1078132 1
451602 q0 1078134 1
451602 q0 1094131 1
451602 q0 1094132 1
451602 q0 1094139 1
451602 q0 1096342 0
451602 q0 1211642 0
451602 q0 1211643 1
451602 q0 1211647 1
451602 q0 124065 0
451602 q0 1251646 0
451602 q0 1277289 1
451602 q0 1277290 1
451602 q0 1343863 0
451602 q0 1345709 1
451602 q0 1373769 1
451602 q0 1379712 1
451602 q0 1487899 1
451602 q0 1542548 1
451602 q0 1554231 1
451602 q0 1580615 1
451602 q0 1640289 1
451602 q0 1732923 0
451602 q0 1732924 0
451602 q0 1836258 0
451602 q0 1868905 1
451602 q0 1897978 0
451602 q0 1897981 1
451602 q0 2031662 1
451602 q0 2065190 1
451602 q0 2084909 1
451602 q0 2133671 1
451602 q0 2142558 1
451602 q0 2164297 0
451602 q0 2176450 1
451602 q0 2176453 1
451602 q0 2176454 1
451602 q0 2176455 1
451602 q0 2176458 1
451602 q0 2176459 1
451602 q0 2231421 2
451602 q0 2231589 0
451602 q0 2244882 1
451602 q0 2329895 0
451602 q0 23565 1
451602 q0 2382274 0
451602 q0 2382279 0
451602 q0 2382280 0
451602 q0 2383971 0
451602 q0 2414919 1
451602 q0 2482418 0
451602 q0 2486936 0
451602 q0 2618829 1
451602 q0 264875 1
451602 q0 264876 1
451602 q0 264881 1
451602 q0 2671181 0
451602 q0 2785222 0
451602 q0 2785223 0
451602 q0 2796545 1
451602 q0 2922141 1
451602 q0 2922142 1
451602 q0 2922145 1
451602 q0 2922147 1
451602 q0 2922148 1
451602 q0 3052114 1
451602 q0 3090663 0
451602 q0 3090664 0
451602 q0 3090666 0
451602 q0 3090667 0
451602 q0 3090672 0
451602 q0 3177691 1
451602 q0 3177692 1
451602 q0 3234481 1
451602 q0 3509960 1
451602 q0 3602215 0
451602 q0 362771 1
451602 q0 362780 1
451602 q0 3781323 1
451602 q0 3781331 1
451602 q0 3790251 1
451602 q0 384317 1
451602 q0 3877256 1
451602 q0 4061142 1
451602 q0 4176454 1
451602 q0 4233760 1
451602 q0 4345752 1
451602 q0 4352596 0
451602 q0 4352597 0
451602 q0 4352600 0
451602 q0 436291 1
451602 q0 4380277 1
451602 q0 4453598 1
451602 q0 4453605 1
451602 q0 4467811 1
451602 q0 4487185 1
451602 q0 4495080 1
451602 q0 4578310 1
451602 q0 4798722 1
451602 q0 4798729 1
451602 q0 4863797 1
451602 q0 4863800 0
451602 q0 4874640 1
451602 q0 4874642 1
451602 q0 4874643 1
451602 q0 4874644 1
451602 q0 4985343 1
451602 q0 5008865 0
451602 q0 508601 1
451602 q0 5122675 1
451602 q0 5179251 1
451602 q0 521666 1
451602 q0 5241633 1
451602 q0 5320781 1
451602 q0 5451777 0
451602 q0 5475308 1
451602 q0 5538936 1
451602 q0 5538938 1
451602 q0 5538942 1
451602 q0 5655693 1
451602 q0 5661134 0
451602 q0 5913111 0
451602 q0 5915191 1
451602 q0 601510 1
451602 q0 6149891 1
451602 q0 6158710 0
451602 q0 6171396 1
451602 q0 6286973 1
451602 q0 6286974 1
451602 q0 6286975 1
451602 q0 6286976 1
451602 q0 6286977 1
451602 q0 6286978 1
451602 q0 6286979 1
451602 q0 6286980 1
451602 q0 6286981 1
451602 q0 6286982 1
451602 q0 631383 1
451602 q0 638673 0
451602 q0 6454936 1
451602 q0 6587791 1
451602 q0 6618756 0
451602 q0 6618758 1
451602 q0 6618759 1
451602 q0 6618763 1
451602 q0 6639625 1
451602 q0 6697737 1
451602 q0 678179 1
451602 q0 6824692 0
451602 q0 6824695 0
451602 q0 6827517 0
451602 q0 6942418 1
451602 q0 6942790 0
451602 q0 7012102 1
451602 q0 7127634 1
451602 q0 7172679 1
451602 q0 7179468 1
451602 q0 7179473 1
451602 q0 7210883 0
451602 q0 7232293 1
451602 q0 7232295 0
451602 q0 7315074 1
451602 q0 7326276 0
451602 q0 7403459 1
451602 q0 7428019 1
451602 q0 7428020 1
451602 q0 7428021 1
451602 q0 7444911 1
451602 q0 7510020 1
451602 q0 7558643 1
451602 q0 7574511 1
451602 q0 7666413 1
451602 q0 7693252 1
451602 q0 7784294 0
451602 q0 7792099 1
451602 q0 7792100 1
451602 q0 7800959 1
451602 q0 7800961 0
451602 q0 7800962 1
451602 q0 7800963 1
451602 q0 7859334 1
451602 q0 7871479 1
451602 q0 8019873 1
451602 q0 8047626 0
451602 q0 8214451 0
451602 q0 8214452 1
451602 q0 8281322 0
451602 q0 8295161 1
451602 q0 8382005 1
451602 q0 8383461 1
451602 q0 8383462 1
451602 q0 8383463 1
451602 q0 8390518 1
451602 q0 8390519 1
451602 q0 8390521 0
451602 q0 8390525 1
451602 q0 8434177 0
451602 q0 8434178 1
451602 q0 8434180 0
451602 q0 8456061 1
451602 q0 847210 1
451602 q0 8485136 1
451602 q0 8540468 1
451602 q0 8540470 1
451602 q0 8595356 1
451602 q0 8621776 1
451602 q0 8621779 1
451602 q0 8621784 1
451602 q0 8695415 1
451602 q0 8742537 1
451602 q0 875582 1
451602 q0 888516 1
451602 q0 930490 1
451602 q0 930493 1
451602 q0 930497 1
451602 q0 949152 0
451602 q0 96222 1
451602 q0 96223 1
451602 q0 96229 1
489204 q0 1051494 2
489204 q0 1051498 1
489204 q0 1090435 2
489204 q0 1114410 2
489204 q0 113238 1
489204 q0 114148 2
489204 q0 1225589 2
489204 q0 1225590 2
489204 q0 1231674 1
489204 q0 1231678 2
489204 q0 1251821 1
489204 q0 1310101 1
489204 q0 1310106 1
489204 q0 1310107 1
489204 q0 1310108 1
489204 q0 1373674 1
489204 q0 1383251 0
489204 q0 139999 1
489204 q0 1430550 3
489204 q0 1430555 1
489204 q0 1430557 0
489204 q0 1431271 1
489204 q0 1479542 1
489204 q0 1513820 2
489204 q0 152948 2
489204 q0 152954 2
489204 q0 1538587 1
489204 q0 1557550 0
489204 q0 1664640 2
489204 q0 1664643 1
489204 q0 1688164 1
489204 q0 1705031 1
489204 q0 1739317 2
489204 q0 1759354 1
489204 q0 1759358 1
489204 q0 1760397 0
489204 q0 1778458 1
489204 q0 1820199 2
489204 q0 1820203 1
489204 q0 187571 0
489204 q0 1905740 2
489204 q0 1950269 1
489204 q0 2163701 1
489204 q0 216492 1
489204 q0 2268657 1
489204 q0 2445205 1
489204 q0 2645311 0
489204 q0 2653410 1
489204 q0 2798566 0
489204 q0 2899721 2
489204 q0 3049941 1
489204 q0 3075337 2
489204 q0 320071 1
489204 q0 320073 1
489204 q0 320076 1
489204 q0 320079 2
489204 q0 3291935 0
489204 q0 3310420 2
489204 q0 3353678 0
489204 q0 3353685 0
489204 q0 3435940 0
489204 q0 3438217 2
489204 q0 34400 0
489204 q0 359316 0
489204 q0 3608627 1
489204 q0 3710413 0
489204 q0 3728445 2
489204 q0 385083 1
489204 q0 3980122 1
489204 q0 4015716 2
489204 q0 415420 0
489204 q0 4159098 1
489204 q0 4159416 0
489204 q0 417344 1
489204 q0 4222521 0
489204 q0 4327516 0
489204 q0 4520976 2
489204 q0 4538296 0
489204 q0 4552409 1
489204 q0 4574496 0
489204 q0 4586570 2
489204 q0 4662177 1
489204 q0 4711143 1
489204 q0 4761967 1
489204 q0 4917998 1
489204 q0 4918005 1
489204 q0 5005611 0
489204 q0 5005765 2
489204 q0 5143975 1
489204 q0 5156386 2
489204 q0 518994 1
489204 q0 523745 1
489204 q0 5513331 1
489204 q0 5541646 1
489204 q0 5541650 2
489204 q0 5583224 1
489204 q0 5629373 1
489204 q0 5640841 2
489204 q0 5640844 2
489204 q0 5640846 1
489204 q0 5640849 1
489204 q0 5695163 0
489204 q0 5815957 2
489204 q0 5842850 2
489204 q0 5856565 0
489204 q0 5856566 0
489204 q0 5856571 0
489204 q0 5895917 1
489204 q0 6087666 2
489204 q0 6181765 0
489204 q0 6237429 2
489204 q0 6237430 2
489204 q0 6327175 2
489204 q0 6337933 1
489204 q0 6435264 0
489204 q0 6510227 0
489204 q0 6542578 1
489204 q0 6581779 1
489204 q0 6620077 0
489204 q0 6652052 1
489204 q0 6665318 2
489204 q0 6727272 1
489204 q0 678245 1
489204 q0 6816322 1
489204 q0 6879782 2
489204 q0 7037597 2
489204 q0 7064814 1
489204 q0 7112941 2
489204 q0 7113084 3
489204 q0 7113153 2
489204 q0 7113309 1
489204 q0 7116533 1
489204 q0 7134737 1
489204 q0 7134742 2
489204 q0 7146090 0
489204 q0 7279011 0
489204 q0 7432758 2
489204 q0 750071 1
489204 q0 7564977 1
489204 q0 7564980 1
489204 q0 759508 2
489204 q0 759509 2
489204 q0 759510 2
489204 q0 7652972 0
489204 q0 769136 2
489204 q0 7815337 0
489204 q0 7974415 2
489204 q0 8047853 2
489204 q0 8056328 0
489204 q0 8133951 1
489204 q0 8238825 1
489204 q0 827173 1
489204 q0 827174 2
489204 q0 8395205 1
489204 q0 852250 1
489204 q0 852257 1
489204 q0 855963 2
489204 q0 8582293 2
489204 q0 8585820 2
489204 q0 8594271 1
489204 q0 8594272 2
489204 q0 8594273 2
489204 q0 8614761 0
489204 q0 8724362 0
489204 q0 872471 1
489204 q0 8737046 3
489204 q0 8737047 1
489204 q0 8737050 1
489204 q0 8737051 1
489204 q0 8737053 1
489204 q0 8773552 1
489204 q0 883663 1
489204 q0 889060 1
489204 q0 94879 0
489204 q0 973923 2
490595 q0 1160842 1
490595 q0 1160847 2
490595 q0 1160848 0
490595 q0 1288938 2
490595 q0 1288940 1
490595 q0 1473259 2
490595 q0 1620438 2
490595 q0 1652460 3
490595 q0 1814180 2
490595 q0 1845423 1
490595 q0 1853477 3
490595 q0 1894652 2
490595 q0 1894882 1
490595 q0 1929910 2
490595 q0 1929911 1
490595 q0 1999442 0
490595 q0 2061700 0
490595 q0 2061702 0
490595 q0 2061706 0
490595 q0 2135793 1
490595 q0 217594 0
490595 q0 2433508 0
490595 q0 2586069 0
490595 q0 2682556 0
490595 q0 2850740 2
490595 q0 3175975 2
490595 q0 3329498 1
490595 q0 3497870 1
490595 q0 3497872 0
490595 q0 3503014 1
490595 q0 3503015 1
490595 q0 3572695 1
490595 q0 3573382 0
490595 q0 3595607 0
490595 q0 3833407 1
490595 q0 3833408 1
490595 q0 3833409 1
490595 q0 3833410 2
490595 q0 3833413 1
490595 q0 388338 0
490595 q0 3937195 1
490595 q0 3937196 1
490595 q0 3937197 2
490595 q0 3937200 1
490595 q0 3937202 1
490595 q0 3937203 2
490595 q0 3948082 1
490595 q0 4082315 0
490595 q0 4082316 1
490595 q0 4082317 0
490595 q0 4082319 0
490595 q0 4096610 0
490595 q0 4096611 0
490595 q0 4490071 0
490595 q0 4534210 1
490595 q0 4671026 1
490595 q0 4737059 2
490595 q0 4737060 2
490595 q0 4737061 2
490595 q0 4737063 3
490595 q0 4737064 1
490595 q0 4737065 1
490595 q0 4737066 2
490595 q0 4737067 2
490595 q0 4737068 1
490595 q0 4763065 1
490595 q0 4763066 1
490595 q0 4763067 1
490595 q0 4763070 2
490595 q0 4763071 1
490595 q0 4842889 3
490595 q0 4842890 2
490595 q0 4842891 2
490595 q0 4842894 2
490595 q0 4842895 1
490595 q0 4842896 1
490595 q0 4842897 2
490595 q0 48492 1
490595 q0 5112294 1
490595 q0 5112297 0
490595 q0 5144927 0
490595 q0 5149754 1
490595 q0 5207728 1
490595 q0 5247992 3
490595 q0 5247999 2
490595 q0 5248000 1
490595 q0 526091 0
490595 q0 526092 0
490595 q0 526093 1
490595 q0 5349564 0
490595 q0 5359207 1
490595 q0 5359212 1
490595 q0 5359213 1
490595 q0 5460466 1
490595 q0 5488538 1
490595 q0 549465 2
490595 q0 549466 1
490595 q0 5597755 0
490595 q0 5612094 0
490595 q0 5612095 0
490595 q0 5612099 0
490595 q0 5633631 1
490595 q0 565283 0
490595 q0 6023901 0
490595 q0 6066623 1
490595 q0 6412650 1
490595 q0 6599070 0
490595 q0 6649155 1
490595 q0 6686784 0
490595 q0 6742119 3
490595 q0 6971306 0
490595 q0 6976960 0
490595 q0 7045860 0
490595 q0 7045864 0
490595 q0 7045868 0
490595 q0 7065739 0
490595 q0 7072535 1
490595 q0 7119229 0
490595 q0 7153396 1
490595 q0 7165638 1
490595 q0 7279004 1
490595 q0 7279006 1
490595 q0 7340532 1
490595 q0 7340533 2
490595 q0 7422677 0
490595 q0 7507613 0
490595 q0 7621284 0
490595 q0 7666093 0
490595 q0 7666097 0
490595 q0 769287 0
490595 q0 7698193 1
490595 q0 7698199 1
490595 q0 7704024 1
490595 q0 7704029 2
490595 q0 7756604 1
490595 q0 7839904 1
490595 q0 7839906 1
490595 q0 7994361 0
490595 q0 805046 2
490595 q0 805047 1
490595 q0 805048 2
490595 q0 805049 1
490595 q0 805051 2
490595 q0 8485138 2
490595 q0 8485139 2
490595 q0 8485140 1
490595 q0 8485141 1
490595 q0 8709994 1
527433 q0 1000485 1
527433 q0 1101462 1
527433 q0 1187918 1
527433 q0 1212778 1
527433 q0 1212782 1
527433 q0 1212784 1
527433 q0 1212785 0
527433 q0 1212786 1
527433 q0 1212787 0
527433 q0 1251475 0
527433 q0 129387 1
527433 q0 1317224 0
527433 q0 1317225 0
527433 q0 1379236 1
527433 q0 1379237 1
527433 q0 1379238 1
527433 q0 1379239 1
527433 q0 1379240 1
527433 q0 1379242 1
527433 q0 1379245 1
527433 q0 1404580 1
527433 q0 1664517 1
527433 q0 1664518 1
527433 q0 1664523 1
527433 q0 1721940 0
527433 q0 1993691 1
527433 q0 1993699 0
527433 q0 2045580 1
527433 q0 2281137 1
527433 q0 2331982 0
527433 q0 2496224 0
527433 q0 2496227 1
527433 q0 2573888 0
527433 q0 2649533 0
527433 q0 269423 1
527433 q0 269425 1
527433 q0 269428 1
527433 q0 269430 1
527433 q0 272148 0
527433 q0 2767587 0
527433 q0 2773789 1
527433 q0 286674 0
527433 q0 288675 1
527433 q0 2931558 1
527433 q0 2931559 0
527433 q0 2931562 1
527433 q0 3093197 1
527433 q0 3224400 1
527433 q0 3224403 1
527433 q0 3224404 0
527433 q0 3256671 0
527433 q0 3405417 1
527433 q0 3425595 0
527433 q0 3425601 1
527433 q0 3425604 1
527433 q0 3774355 1
527433 q0 3774357 1
527433 q0 3774358 1
527433 q0 3774360 1
527433 q0 3827084 1
527433 q0 3827087 1
527433 q0 3835729 1
527433 q0 3835731 1
527433 q0 3835734 1
527433 q0 3835735 1
527433 q0 3835736 1
527433 q0 3973282 1
527433 q0 3973283 1
527433 q0 3973284 1
527433 q0 3973285 1
527433 q0 3973286 1
527433 q0 3973287 1
527433 q0 3973288 0
527433 q0 3973290 1
527433 q0 4064455 1
527433 q0 432993 0
527433 q0 452708 1
527433 q0 452715 1
527433 q0 467601 1
527433 q0 4903731 1
527433 q0 4952129 1
527433 q0 4952135 0
527433 q0 4958696 1
527433 q0 4958697 0
527433 q0 5034544 1
527433 q0 5034546 1
527433 q0 5121382 1
527433 q0 5295980 0
527433 q0 5401184 0
527433 q0 542050 1
527433 q0 5466805 1
527433 q0 5466807 1
527433 q0 5466810 1
527433 q0 5466811 0
527433 q0 547444 1
527433 q0 5479497 1
527433 q0 5479502 1
527433 q0 5501454 0
527433 q0 5603298 1
527433 q0 5690943 0
527433 q0 5690947 1
527433 q0 5878263 0
527433 q0 6015376 1
527433 q0 6032636 0
527433 q0 6038398 1
527433 q0 6038411 1
527433 q0 6045939 1
527433 q0 6065675 1
527433 q0 6065678 1
527433 q0 6065681 0
527433 q0 6184080 0
527433 q0 6186391 0
527433 q0 6214994 0
527433 q0 6214995 0
527433 q0 6215001 1
527433 q0 6215002 1
527433 q0 6398043 1
527433 q0 6498113 1
527433 q0 653103 0
527433 q0 6667277 1
527433 q0 6803516 0
527433 q0 6889396 0
527433 q0 6950955 0
527433 q0 7051394 0
527433 q0 7105525 1
527433 q0 7105528 0
527433 q0 7105531 1
527433 q0 7182504 0
527433 q0 7226291 1
527433 q0 7252838 0
527433 q0 7252840 0
527433 q0 729489 1
527433 q0 7347241 0
527433 q0 7357591 1
527433 q0 7514088 0
527433 q0 7572901 0
527433 q0 7607669 1
527433 q0 7607672 1
527433 q0 7787755 1
527433 q0 7799466 1
527433 q0 7904112 1
527433 q0 7932171 1
527433 q0 7991767 1
527433 q0 8126064 1
527433 q0 8306449 1
527433 q0 8306451 1
527433 q0 8322920 1
527433 q0 8362259 1
527433 q0 8371764 1
527433 q0 8536842 0
527433 q0 8586716 1
527433 q0 8615714 1
527433 q0 8617269 1
527433 q0 8617271 3
527433 q0 8617274 1
527433 q0 8633563 0
527433 q0 8737880 0
527433 q0 8827928 1
527433 q0 890536 1
527433 q0 975967 1
573724 q0 1005338 1
573724 q0 104856 1
573724 q0 1053303 0
573724 q0 1165128 1
573724 q0 1165129 3
573724 q0 1293333 1
573724 q0 1509939 1
573724 q0 1509940 3
573724 q0 1509942 3
573724 q0 162151 3
573724 q0 1720394 1
573724 q0 1787867 0
573724 q0 1816038 3
573724 q0 1854797 0
573724 q0 1891075 0
573724 q0 1935389 0
573724 q0 2002448 1
573724 q0 2021252 1
573724 q0 2133806 3
573724 q0 2172 2
573724 q0 2186124 1
573724 q0 2417985 1
573724 q0 2621257 1
573724 q0 2635262 3
573724 q0 2772677 1
573724 q0 2819390 1
573724 q0 2958056 1
573724 q0 2999527 0
573724 q0 3043361 0
573724 q0 3059586 1
573724 q0 3059589 2
573724 q0 3059592 2
573724 q0 3146238 2
573724 q0 3365597 1
573724 q0 3365631 2
573724 q0 3365633 2
573724 q0 3365635 2
573724 q0 3365636 3
573724 q0 3365638 3
573724 q0 3365639 2
573724 q0 3517209 1
573724 q0 3535239 1
573724 q0 3617636 1
573724 q0 3644944 0
573724 q0 3762920 0
573724 q0 3770960 0
573724 q0 387251 1
573724 q0 3937080 1
573724 q0 394136 3
573724 q0 394138 3
573724 q0 394139 2
573724 q0 394141 2
573724 q0 394142 3
573724 q0 4017883 1
573724 q0 41433 1
573724 q0 4360246 2
573724 q0 448326 0
573724 q0 4546857 0
573724 q0 5007172 0
573724 q0 5017496 1
573724 q0 5020265 0
573724 q0 5028843 1
573724 q0 5047796 3
573724 q0 5306910 1
573724 q0 5310530 3
573724 q0 5339620 3
573724 q0 5721829 3
573724 q0 5721831 3
573724 q0 5785717 1
573724 q0 5962420 1
573724 q0 5962423 3
573724 q0 5962426 2
573724 q0 5962428 1
573724 q0 6084690 1
573724 q0 613337 1
573724 q0 6275697 0
573724 q0 6462957 1
573724 q0 6524584 1
573724 q0 6776717 3
573724 q0 6789025 2
573724 q0 7016041 0
573724 q0 7104825 2
573724 q0 7104826 2
573724 q0 7104827 1
573724 q0 7134411 1
573724 q0 7166496 1
573724 q0 7199667 1
573724 q0 7199669 3
573724 q0 7199672 1
573724 q0 7199673 3
573724 q0 7199674 1
573724 q0 7199675 2
573724 q0 7233865 0
573724 q0 7279080 0
573724 q0 7352209 1
573724 q0 7384325 1
573724 q0 7384326 1
573724 q0 7384329 1
573724 q0 7384331 2
573724 q0 7384332 2
573724 q0 7384333 1
573724 q0 7392294 1
573724 q0 7426076 1
573724 q0 7474210 1
573724 q0 7498096 2
573724 q0 7586523 0
573724 q0 7589690 1
573724 q0 7609926 1
573724 q0 7609927 2
573724 q0 7609928 1
573724 q0 7609929 2
573724 q0 7609930 3
573724 q0 7609932 1
573724 q0 7674858 1
573724 q0 7674859 3
573724 q0 7709475 1
573724 q0 7783283 0
573724 q0 787203 1
573724 q0 7964601 2
573724 q0 7992473 0
573724 q0 7992474 0
573724 q0 8047166 2
573724 q0 8272972 1
573724 q0 8275380 1
573724 q0 8301492 1
573724 q0 8357747 0
573724 q0 8362282 1
573724 q0 8441642 3
573724 q0 8444728 2
573724 q0 8444730 1
573724 q0 8450652 0
573724 q0 8466537 0
573724 q0 8530902 2
573724 q0 8626954 2
573724 q0 8690218 2
573724 q0 87400 2
573724 q0 87404 2
573724 q0 87405 3
573724 q0 8833192 3
573724 q0 8833194 3
573724 q0 8833199 1
833860 q0 1026570 0
833860 q0 115142 0
833860 q0 1290162 0
833860 q0 1501734 0
833860 q0 1524401 0
833860 q0 1524402 0
833860 q0 1524403 0
833860 q0 1524406 0
833860 q0 1524644 0
833860 q0 1656992 0
833860 q0 1791883 0
833860 q0 1793612 0
833860 q0 1889863 2
833860 q0 1969741 0
833860 q0 1971028 0
833860 q0 2022688 2
833860 q0 2037474 1
833860 q0 2188108 0
833860 q0 2206193 0
833860 q0 2206194 2
833860 q0 2206195 2
833860 q0 2206196 2
833860 q0 2206197 1
833860 q0 2206198 1
833860 q0 2386361 2
833860 q0 2386362 1
833860 q0 2424770 1
833860 q0 2488236 0
833860 q0 2576067 0
833860 q0 2626241 1
833860 q0 2626243 1
833860 q0 2626245 1
833860 q0 2654111 0
833860 q0 2673534 1
833860 q0 2673539 1
833860 q0 2673542 1
833860 q0 2702357 2
833860 q0 2757422 0
833860 q0 2789095 0
833860 q0 2829180 0
833860 q0 2829181 0
833860 q0 2830558 0
833860 q0 307252 1
833860 q0 3087477 0
833860 q0 3087479 1
833860 q0 3087481 1
833860 q0 3273424 1
833860 q0 3273425 2
833860 q0 3273428 2
833860 q0 3273430 2
833860 q0 3421947 1
833860 q0 3437281 2
833860 q0 3437284 2
833860 q0 3437285 1
833860 q0 3437286 2
833860 q0 3437288 2
833860 q0 3437289 1
833860 q0 3437290 2
833860 q0 3494809 0
833860 q0 3504317 0
833860 q0 3621540 2
833860 q0 3681810 0
833860 q0 4046122 1
833860 q0 4046123 0
833860 q0 4046129 0
833860 q0 4094377 0
833860 q0 4190986 0
833860 q0 4308076 0
833860 q0 4431444 1
833860 q0 4431446 1
833860 q0 45135 1
833860 q0 4596543 0
833860 q0 4620277 0
833860 q0 4675806 0
833860 q0 474455 1
833860 q0 4841618 1
833860 q0 4881965 2
833860 q0 4905510 0
833860 q0 5010758 0
833860 q0 5048286 0
833860 q0 5127788 0
833860 q0 5167510 2
833860 q0 5167512 1
833860 q0 5167513 2
833860 q0 5167515 0
833860 q0 5167518 1
833860 q0 5178289 0
833860 q0 520699 0
833860 q0 5404106 1
833860 q0 549237 1
833860 q0 5595071 0
833860 q0 5595072 0
833860 q0 5628270 0
833860 q0 5832656 1
833860 q0 5832657 2
833860 q0 5832660 2
833860 q0 5832661 2
833860 q0 5902300 0
833860 q0 596153 1
833860 q0 6083482 0
833860 q0 6083487 0
833860 q0 6088911 0
833860 q0 61680 0
833860 q0 6211806 2
833860 q0 6218032 2
833860 q0 6218035 1
833860 q0 6218039 0
833860 q0 6218040 1
833860 q0 6230220 2
833860 q0 6230221 2
833860 q0 6230222 2
833860 q0 6230223 3
833860 q0 6230224 1
833860 q0 6230225 2
833860 q0 6230226 2
833860 q0 6230227 1
833860 q0 6230228 2
833860 q0 6230229 2
833860 q0 6292957 1
833860 q0 6297606 0
833860 q0 6804385 1
833860 q0 6812180 1
833860 q0 6943598 1
833860 q0 6943600 1
833860 q0 7038170 1
833860 q0 7061638 0
833860 q0 7061642 1
833860 q0 7103434 0
833860 q0 7153355 0
833860 q0 7166531 0
833860 q0 7172599 0
833860 q0 7184644 0
833860 q0 7706738 1
833860 q0 7826521 0
833860 q0 7831470 1
833860 q0 7885548 0
833860 q0 7886341 0
833860 q0 8068230 0
833860 q0 8068231 1
833860 q0 8068233 1
833860 q0 8069063 0
833860 q0 8105806 0
833860 q0 8284965 0
833860 q0 8344031 2
833860 q0 8374729 0
833860 q0 8494105 2
833860 q0 8683095 0
833860 q0 871334 0
833860 q0 8742336 0
833860 q0 883252 0
833860 q0 8833502 2
833860 q0 8833504 2
833860 q0 8833505 2
833860 q0 8833506 1
833860 q0 8833507 1
833860 q0 8833509 2
833860 q0 918663 1
855410 q0 1041939 0
855410 q0 1075228 1
855410 q0 1094091 0
855410 q0 1095309 0
855410 q0 1095539 0
855410 q0 1147809 0
855410 q0 1147810 0
855410 q0 1147811 0
855410 q0 1172328 1
855410 q0 1310254 0
855410 q0 1365235 0
855410 q0 1459700 0
855410 q0 1481865 0
855410 q0 1732923 0
855410 q0 1732924 0
855410 q0 1804585 0
855410 q0 181258 0
855410 q0 181259 0
855410 q0 181262 0
855410 q0 181264 0
855410 q0 1824280 0
855410 q0 1886069 0
855410 q0 1956109 0
855410 q0 197471 0
855410 q0 200269 0
855410 q0 2025625 0
855410 q0 2147202 0
855410 q0 216245 0
855410 q0 2164297 0
855410 q0 2171731 1
855410 q0 2201031 0
855410 q0 2221056 0
855410 q0 2240114 0
855410 q0 2269747 1
855410 q0 2382274 0
855410 q0 2382279 0
855410 q0 2382280 0
855410 q0 2519611 0
855410 q0 2519613 0
855410 q0 2519615 0
855410 q0 2519616 0
855410 q0 2519618 0
855410 q0 2531289 0
855410 q0 2718880 0
855410 q0 2745889 0
855410 q0 2781827 0
855410 q0 2785222 0
855410 q0 2785223 0
855410 q0 2851709 0
855410 q0 2851711 0
855410 q0 2945339 0
855410 q0 3249944 1
855410 q0 3276027 0
855410 q0 329117 0
855410 q0 3486066 0
855410 q0 3594261 0
855410 q0 3620854 0
855410 q0 3771664 0
855410 q0 3771667 0
855410 q0 3893478 0
855410 q0 3984720 1
855410 q0 4111047 0
855410 q0 4174479 1
855410 q0 4181961 0
855410 q0 4196520 1
855410 q0 4246116 0
855410 q0 4263016 0
855410 q0 4299367 0
855410 q0 4335130 0
855410 q0 4354935 0
855410 q0 4406031 0
855410 q0 4420015 0
855410 q0 4635595 0
855410 q0 4716710 0
855410 q0 4810232 0
855410 q0 4810235 1
855410 q0 4831460 0
855410 q0 4929361 0
855410 q0 5008541 0
855410 q0 5008542 0
855410 q0 5008543 0
855410 q0 5008545 0
855410 q0 5008549 0
855410 q0 5021348 1
855410 q0 5081400 1
855410 q0 5095701 0
855410 q0 5095702 0
855410 q0 510943 0
855410 q0 510946 0
855410 q0 5117667 0
855410 q0 515982 0
855410 q0 5210914 0
855410 q0 5210916 0
855410 q0 5210917 0
855410 q0 5210919 0
855410 q0 5329993 0
855410 q0 5440420 0
855410 q0 5465332 0
855410 q0 5676595 0
855410 q0 5708492 0
855410 q0 5954609 0
855410 q0 5959308 0
855410 q0 6090181 0
855410 q0 6306434 0
855410 q0 638673 0
855410 q0 6425421 1
855410 q0 6427817 0
855410 q0 6441075 0
855410 q0 6467175 0
855410 q0 6467180 0
855410 q0 6680949 0
855410 q0 6704335 0
855410 q0 6707516 0
855410 q0 6734483 1
855410 q0 6734486 0
855410 q0 6734487 0
855410 q0 6734488 0
855410 q0 6734489 0
855410 q0 6798093 0
855410 q0 6806702 0
855410 q0 6892344 0
855410 q0 6892345 0
855410 q0 6892350 0
855410 q0 6934651 0
855410 q0 6978945 0
855410 q0 7004256 0
855410 q0 7004260 0
855410 q0 7012786 1
855410 q0 7064912 0
855410 q0 7070232 0
855410 q0 7070234 0
855410 q0 7099015 0
855410 q0 7128710 0
855410 q0 7128929 0
855410 q0 7137616 0
855410 q0 7140868 0
855410 q0 7164602 0
855410 q0 717359 0
855410 q0 7190705 0
855410 q0 7210883 0
855410 q0 7238608 0
855410 q0 7238783 0
855410 q0 7291107 0
855410 q0 7440840 0
855410 q0 7440846 1
855410 q0 7440849 0
855410 q0 7509177 0
855410 q0 7560274 0
855410 q0 7613452 1
855410 q0 7972228 1
855410 q0 7972231 0
855410 q0 7972233 0
855410 q0 7972234 0
855410 q0 802813 0
855410 q0 8051001 0
855410 q0 8087245 0
855410 q0 8122700 0
855410 q0 8144663 0
855410 q0 8200956 0
855410 q0 8200961 0
855410 q0 8289737 0
855410 q0 8310088 0
855410 q0 8361990 0
855410 q0 8373834 0
855410 q0 840666 0
855410 q0 8416994 0
855410 q0 8468783 0
855410 q0 8489189 0
855410 q0 8543392 0
855410 q0 8543413 0
855410 q0 8651770 2
855410 q0 8651771 1
855410 q0 8651772 1
855410 q0 8651775 2
855410 q0 8651776 0
855410 q0 8736256 0
855410 q0 8750864 0
855410 q0 8751749 2
855410 q0 8751751 0
855410 q0 941543 0
855410 q0 968253 0
855410 q0 983642 0
855410 q0 984533 0
915593 q0 1396701 1
915593 q0 1396704 1
915593 q0 1396705 1
915593 q0 1396707 0
915593 q0 1396708 2
915593 q0 1453630 0
915593 q0 1605506 1
915593 q0 1652605 1
915593 q0 1772930 1
915593 q0 1772932 0
915593 q0 1815965 1
915593 q0 1907207 1
915593 q0 1972028 1
915593 q0 2025485 2
915593 q0 2077310 0
915593 q0 210379 1
915593 q0 210384 1
915593 q0 2210591 1
915593 q0 2210592 2
915593 q0 2210593 1
915593 q0 2210595 1
915593 q0 2210597 1
915593 q0 2232789 0
915593 q0 2393704 1
915593 q0 2401465 1
915593 q0 252142 0
915593 q0 2588143 1
915593 q0 2627023 0
915593 q0 275724 1
915593 q0 275726 1
915593 q0 275728 1
915593 q0 275732 1
915593 q0 2872589 1
915593 q0 2923493 1
915593 q0 2923494 1
915593 q0 2923496 1
915593 q0 2923497 2
915593 q0 2923498 1
915593 q0 2923501 1
915593 q0 2969050 0
915593 q0 3143377 1
915593 q0 3203819 0
915593 q0 3305804 0
915593 q0 3357360 2
915593 q0 3385968 2
915593 q0 3385971 1
915593 q0 3450898 2
915593 q0 3485337 1
915593 q0 3523599 1
915593 q0 3523602 0
915593 q0 3538160 3
915593 q0 3538161 2
915593 q0 3538162 0
915593 q0 3538163 1
915593 q0 3538164 1
915593 q0 3538165 0
915593 q0 3538166 1
915593 q0 3538167 2
915593 q0 3538168 2
915593 q0 3545107 0
915593 q0 3573471 0
915593 q0 3573474 0
915593 q0 3573477 0
915593 q0 3573478 1
915593 q0 3573479 0
915593 q0 3918680 1
915593 q0 3930148 1
915593 q0 4044822 1
915593 q0 4245927 0
915593 q0 4257001 0
915593 q0 4272446 0
915593 q0 4279298 1
915593 q0 4279299 0
915593 q0 4289598 0
915593 q0 4378740 0
915593 q0 4393631 0
915593 q0 4549698 0
915593 q0 4566815 1
915593 q0 4566816 1
915593 q0 4566818 3
915593 q0 4566819 1
915593 q0 4566822 1
915593 q0 4566823 1
915593 q0 4656722 1
915593 q0 4691129 1
915593 q0 4801563 1
915593 q0 4834224 0
915593 q0 4834226 1
915593 q0 4889894 0
915593 q0 4910037 1
915593 q0 4927817 1
915593 q0 4998398 1
915593 q0 5007631 1
915593 q0 5063813 1
915593 q0 5117497 1
915593 q0 5359304 0
915593 q0 5379124 0
915593 q0 5568031 0
915593 q0 5652031 0
915593 q0 5702414 0
915593 q0 5774013 2
915593 q0 5774014 1
915593 q0 5866302 0
915593 q0 5931262 2
915593 q0 5931263 1
915593 q0 5931264 1
915593 q0 5931265 1
915593 q0 5931266 2
915593 q0 5931267 1
915593 q0 5931268 2
915593 q0 5931269 1
915593 q0 5931270 1
915593 q0 5931271 1
915593 q0 6142152 1
915593 q0 6181638 2
915593 q0 6226401 1
915593 q0 6260059 0
915593 q0 6263225 0
915593 q0 6351110 0
915593 q0 6462880 0
915593 q0 6521993 2
915593 q0 6761344 1
915593 q0 6761347 2
915593 q0 6923052 1
915593 q0 6923054 0
915593 q0 6923055 0
915593 q0 6923056 0
915593 q0 6944106 0
915593 q0 7082922 1
915593 q0 7176430 2
915593 q0 7313730 1
915593 q0 7313733 1
915593 q0 7327683 0
915593 q0 7565849 0
915593 q0 7643828 1
915593 q0 7709320 2
915593 q0 7742098 1
915593 q0 7816726 1
915593 q0 7832420 1
915593 q0 7837084 1
915593 q0 7837086 1
915593 q0 7861747 1
915593 q0 7861748 1
915593 q0 7861749 2
915593 q0 7861750 2
915593 q0 7861751 1
915593 q0 7861753 1
915593 q0 7861755 3
915593 q0 7861756 2
915593 q0 7885529 2
915593 q0 8002846 2
915593 q0 8002850 2
915593 q0 8002851 1
915593 q0 8002852 1
915593 q0 8002853 2
915593 q0 8002854 2
915593 q0 8002855 2
915593 q0 8029524 2
915593 q0 8029527 1
915593 q0 8029530 2
915593 q0 8029531 1
915593 q0 8029533 1
915593 q0 8103063 0
915593 q0 8103065 1
915593 q0 8103066 1
915593 q0 8103067 1
915593 q0 8103068 1
915593 q0 8178996 1
915593 q0 8178997 1
915593 q0 8178998 1
915593 q0 8179000 0
915593 q0 8179001 1
915593 q0 8179003 0
915593 q0 82105 0
915593 q0 82106 3
915593 q0 82107 3
915593 q0 82108 2
915593 q0 82109 0
915593 q0 82110 2
915593 q0 82111 1
915593 q0 82113 2
915593 q0 82114 1
915593 q0 8304084 0
915593 q0 8402970 1
915593 q0 8402971 2
915593 q0 8402972 2
915593 q0 8420020 1
915593 q0 8455300 2
915593 q0 8455301 0
915593 q0 850454 1
915593 q0 94879 0
915593 q0 98515 0
962179 q0 1006865 0
962179 q0 1006866 0
962179 q0 1006867 0
962179 q0 1006868 0
962179 q0 1016940 0
962179 q0 1512086 0
962179 q0 1512090 0
962179 q0 1645080 2
962179 q0 1645084 0
962179 q0 1645086 0
962179 q0 1864257 0
962179 q0 1882903 0
962179 q0 2017003 0
962179 q0 2131893 0
962179 q0 2131895 1
962179 q0 2186433 0
962179 q0 2274381 0
962179 q0 2274386 1
962179 q0 2329692 1
962179 q0 2329693 1
962179 q0 2329694 1
962179 q0 2329695 1
962179 q0 2329696 1
962179 q0 2329697 1
962179 q0 2329698 1
962179 q0 2329699 3
962179 q0 2329700 1
962179 q0 2329701 2
962179 q0 2802581 0
962179 q0 2929469 0
962179 q0 2978864 3
962179 q0 2978865 1
962179 q0 2978866 3
962179 q0 2978867 0
962179 q0 2978868 0
962179 q0 2978869 1
962179 q0 2978870 1
962179 q0 2978871 1
962179 q0 2986779 0
962179 q0 3026310 0
962179 q0 302864 0
962179 q0 302867 0
962179 q0 3150561 0
962179 q0 3170886 0
962179 q0 3173623 0
962179 q0 3173625 1
962179 q0 3271742 0
962179 q0 3304256 0
962179 q0 3422319 0
962179 q0 3422321 0
962179 q0 3469097 0
962179 q0 3579693 0
962179 q0 3579694 0
962179 q0 3701853 0
962179 q0 3705165 3
962179 q0 3705169 0
962179 q0 372500 0
962179 q0 3800173 0
962179 q0 3896629 0
962179 q0 3896630 0
962179 q0 3896631 1
962179 q0 3896632 3
962179 q0 3896634 0
962179 q0 3982060 0
962179 q0 4002583 0
962179 q0 4002584 0
962179 q0 4072168 0
962179 q0 4257871 1
962179 q0 4257872 1
962179 q0 4257873 1
962179 q0 4257876 0
962179 q0 4309122 0
962179 q0 4511498 0
962179 q0 4511499 3
962179 q0 4511501 0
962179 q0 4511503 1
962179 q0 4511504 0
962179 q0 4537135 0
962179 q0 4590200 0
962179 q0 4606386 3
962179 q0 4606387 3
962179 q0 4606389 0
962179 q0 4606390 0
962179 q0 4606841 0
962179 q0 4850931 0
962179 q0 4916892 0
962179 q0 5254297 0
962179 q0 5320368 0
962179 q0 534563 2
962179 q0 536176 3
962179 q0 536177 1
962179 q0 536178 0
962179 q0 5427063 0
962179 q0 5427064 0
962179 q0 5427070 1
962179 q0 5591962 0
962179 q0 5642479 0
962179 q0 5653652 0
962179 q0 5653653 0
962179 q0 5653655 0
962179 q0 5653656 0
962179 q0 5653659 3
962179 q0 5773184 0
962179 q0 5773189 0
962179 q0 5919338 0
962179 q0 5919340 1
962179 q0 5919341 0
962179 q0 5919342 2
962179 q0 6137844 0
962179 q0 6186348 1
962179 q0 6374289 0
962179 q0 6499468 0
962179 q0 6575560 0
962179 q0 6675259 2
962179 q0 6675262 1
962179 q0 6699451 0
962179 q0 6699453 0
962179 q0 6898289 3
962179 q0 6898290 0
962179 q0 6898295 0
962179 q0 6901240 1
962179 q0 6904859 1
962179 q0 6904863 1
962179 q0 6980697 3
962179 q0 6980699 0
962179 q0 7126025 0
962179 q0 7215064 0
962179 q0 7394153 0
962179 q0 7428144 0
962179 q0 7470729 0
962179 q0 8032264 1
962179 q0 8032269 0
962179 q0 8067398 0
962179 q0 8123703 0
962179 q0 8123706 0
962179 q0 8192974 0
962179 q0 8198034 0
962179 q0 8675967 0
962179 q0 8689053 0
962179 q0 8689054 0
962179 q0 8689055 0
962179 q0 8689056 0
962179 q0 8689057 0
962179 q0 8689058 0
962179 q0 8693653 0
962179 q0 8774364 0
962179 q0 8785367 2
962179 q0 8785368 1
962179 q0 8785369 2
962179 q0 8785370 0
962179 q0 8785371 3
962179 q0 8785373 1
962179 q0 8785374 1
962179 q0 8785375 0
962179 q0 8811425 0
962179 q0 8811426 0
962179 q0 8819395 0
962179 q0 8836712 0
962179 q0 908620 0
962179 q0 931120 0
962179 q0 931124 0
1037798 q0 1085628 0
1037798 q0 1308037 0
1037798 q0 1639088 0
1037798 q0 1720808 0
1037798 q0 1833624 0
1037798 q0 1840395 0
1037798 q0 1840397 0
1037798 q0 1840400 0
1037798 q0 184064 0
1037798 q0 1920443 0
1037798 q0 2021467 0
1037798 q0 2104865 0
1037798 q0 2144889 0
1037798 q0 2157450 0
1037798 q0 2157456 0
1037798 q0 2215188 0
1037798 q0 2254133 0
1037798 q0 2258765 0
1037798 q0 2299038 0
1037798 q0 2338889 0
1037798 q0 2360248 0
1037798 q0 2431943 0
1037798 q0 248029 0
1037798 q0 2540690 0
1037798 q0 2569756 0
1037798 q0 2607360 0
1037798 q0 2607366 0
1037798 q0 2608688 2
1037798 q0 2723493 0
1037798 q0 2729504 0
1037798 q0 2787508 0
1037798 q0 2804716 0
1037798 q0 2914156 0
1037798 q0 2950440 0
1037798 q0 2970892 0
1037798 q0 2970895 0
1037798 q0 2970896 0
1037798 q0 3030654 0
1037798 q0 3030655 0
1037798 q0 304381 0
1037798 q0 3145757 0
1037798 q0 3150376 0
1037798 q0 3153011 0
1037798 q0 3162279 0
1037798 q0 3167284 2
1037798 q0 317741 0
1037798 q0 3182977 0
1037798 q0 3212040 0
1037798 q0 3213750 0
1037798 q0 3227356 0
1037798 q0 3247266 0
1037798 q0 3295801 0
1037798 q0 3310854 0
1037798 q0 336322 0
1037798 q0 3387556 2
1037798 q0 3416568 0
1037798 q0 3416569 0
1037798 q0 3507427 0
1037798 q0 3620983 3
1037798 q0 3620986 1
1037798 q0 3620991 1
1037798 q0 3641634 3
1037798 q0 3641638 0
1037798 q0 3641640 2
1037798 q0 3693683 0
1037798 q0 3775169 0
1037798 q0 3900180 0
1037798 q0 3922535 1
1037798 q0 4006832 0
1037798 q0 4083926 0
1037798 q0 4095286 2
1037798 q0 4117639 0
1037798 q0 4291373 0
1037798 q0 4296396 0
1037798 q0 4297405 0
1037798 q0 4436037 0
1037798 q0 4482918 0
1037798 q0 4729563 0
1037798 q0 473202 0
1037798 q0 4788860 0
1037798 q0 4788864 0
1037798 q0 4968778 0
1037798 q0 4974552 2
1037798 q0 5067699 0
1037798 q0 5249989 0
1037798 q0 5373617 0
1037798 q0 5403228 0
1037798 q0 5438878 0
1037798 q0 5438881 2
1037798 q0 5696579 0
1037798 q0 5896698 0
1037798 q0 6060285 1
1037798 q0 6089089 0
1037798 q0 6089091 0
1037798 q0 6089093 1
1037798 q0 6089095 0
1037798 q0 6089096 1
1037798 q0 6118832 0
1037798 q0 6384920 0
1037798 q0 6421952 0
1037798 q0 6606712 0
1037798 q0 666437 0
1037798 q0 666442 0
1037798 q0 6822247 0
1037798 q0 6908549 0
1037798 q0 6917254 0
1037798 q0 6919149 0
1037798 q0 6921843 0
1037798 q0 6999097 0
1037798 q0 7081469 0
1037798 q0 7081474 0
1037798 q0 7081475 0
1037798 q0 720665 2
1037798 q0 7244943 0
1037798 q0 7272215 0
1037798 q0 7466648 0
1037798 q0 7466652 2
1037798 q0 7818758 0
1037798 q0 7818759 0
1037798 q0 7820355 0
1037798 q0 7822415 3
1037798 q0 7921173 1
1037798 q0 7943228 0
1037798 q0 7943358 0
1037798 q0 7961603 1
1037798 q0 8170721 0
1037798 q0 8170997 0
1037798 q0 8200339 0
1037798 q0 8224672 0
1037798 q0 8230729 0
1037798 q0 835829 0
1037798 q0 8402857 0
1037798 q0 8417092 0
1037798 q0 8441717 0
1037798 q0 8451818 0
1037798 q0 8537479 1
1037798 q0 8745283 0
1037798 q0 8752317 0
1037798 q0 8760864 1
1037798 q0 8760866 3
1037798 q0 8760867 3
1037798 q0 8760868 2
1037798 q0 8760870 3
1037798 q0 8760871 3
1037798 q0 8760873 2
1037798 q0 8764647 0
1037798 q0 8766188 0
1037798 q0 8780801 0
1037798 q0 8780803 0
1037798 q0 8780804 0
1037798 q0 8780808 0
1037798 q0 8820474 0
1037798 q0 930052 0
1037798 q0 994978 2
1063750 q0 1048074 2
1063750 q0 1055218 0
1063750 q0 1074552 2
1063750 q0 1086039 1
1063750 q0 1086043 2
1063750 q0 1098172 3
1063750 q0 1098177 1
1063750 q0 1123931 0
1063750 q0 1124053 3
1063750 q0 1124058 2
1063750 q0 1153635 0
1063750 q0 1191942 3
1063750 q0 1191945 2
1063750 q0 1191950 2
1063750 q0 12258 2
1063750 q0 12260 2
1063750 q0 12261 2
1063750 q0 12264 3
1063750 q0 12266 2
1063750 q0 1248663 2
1063750 q0 1276347 0
1063750 q0 1326918 0
1063750 q0 1423669 1
1063750 q0 1423677 3
1063750 q0 1523261 2
1063750 q0 1523265 1
1063750 q0 1523266 3
1063750 q0 1569814 0
1063750 q0 1580961 3
1063750 q0 1585089 3
1063750 q0 16689 0
1063750 q0 16693 3
1063750 q0 1697236 2
1063750 q0 1697238 3
1063750 q0 1866482 3
1063750 q0 1866485 2
1063750 q0 1866486 3
1063750 q0 1922586 3
1063750 q0 1922587 2
1063750 q0 1922590 1
1063750 q0 1923499 2
1063750 q0 1923506 3
1063750 q0 2047790 0
1063750 q0 2075184 0
1063750 q0 2075185 1
1063750 q0 2075189 3
1063750 q0 2091257 1
1063750 q0 2091261 2
1063750 q0 2176552 1
1063750 q0 2197526 0
1063750 q0 2220579 2
1063750 q0 2220585 3
1063750 q0 2220587 2
1063750 q0 2230088 2
1063750 q0 2230089 3
1063750 q0 2230090 2
1063750 q0 2230095 2
1063750 q0 2242826 1
1063750 q0 2243178 3
1063750 q0 2391455 3
1063750 q0 2391456 3
1063750 q0 2391457 1
1063750 q0 2391458 1
1063750 q0 2391460 1
1063750 q0 2399255 1
1063750 q0 2399257 2
1063750 q0 2402110 2
1063750 q0 2448911 1
1063750 q0 2470328 2
1063750 q0 2479411 2
1063750 q0 2479413 2
1063750 q0 2496764 1
1063750 q0 2496767 2
1063750 q0 2499705 0
1063750 q0 2516 0
1063750 q0 2541522 0
1063750 q0 2551914 2
1063750 q0 2569813 3
1063750 q0 2569816 2
1063750 q0 2569817 1
1063750 q0 2576067 0
1063750 q0 2578721 1
1063750 q0 2578724 2
1063750 q0 2653693 2
1063750 q0 2679612 1
1063750 q0 2728074 3
1063750 q0 2728076 1
1063750 q0 2728077 1
1063750 q0 2728079 2
1063750 q0 2768117 3
1063750 q0 2768120 2
1063750 q0 2768123 3
1063750 q0 2768421 1
1063750 q0 2768426 2
1063750 q0 2784782 2
1063750 q0 2784784 2
1063750 q0 2868845 0
1063750 q0 2951510 3
1063750 q0 2975474 3
1063750 q0 2981566 0
1063750 q0 2997653 0
1063750 q0 3013344 2
1063750 q0 3078268 2
1063750 q0 3078272 3
1063750 q0 309311 2
1063750 q0 309313 3
1063750 q0 309315 2
1063750 q0 3095450 1
1063750 q0 3098299 2
1063750 q0 3132972 2
1063750 q0 3132980 3
1063750 q0 3134988 3
1063750 q0 3134992 1
1063750 q0 3134994 1
1063750 q0 3192369 3
1063750 q0 3192413 2
1063750 q0 3192421 1
1063750 q0 3259884 3
1063750 q0 3259885 2
1063750 q0 3259887 3
1063750 q0 3259889 3
1063750 q0 3259890 3
1063750 q0 3259891 3
1063750 q0 3259892 3
1063750 q0 3268883 2
1063750 q0 3277711 1
1063750 q0 3293219 0
1063750 q0 330159 3
1063750 q0 330165 3
1063750 q0 3323557 0
1063750 q0 3327045 2
1063750 q0 3327047 2
1063750 q0 3327049 3
1063750 q0 3327051 1
1063750 q0 3327052 1
1063750 q0 3334065 2
1063750 q0 3376179 1
1063750 q0 3376182 2
1063750 q0 3376183 3
1063750 q0 3394536 2
1063750 q0 3394537 2
1063750 q0 3429512 2
1063750 q0 3455651 0
1063750 q0 3484001 1
1063750 q0 3484002 1
1063750 q0 3503271 1
1063750 q0 3504317 0
1063750 q0 3516677 3
1063750 q0 3526676 0
1063750 q0 3580892 0
1063750 q0 3610440 2
1063750 q0 3610442 1
1063750 q0 3610444 1
1063750 q0 3610445 3
1063750 q0 3610446 1
1063750 q0 3633193 0
1063750 q0 3633196 0
1063750 q0 3633198 0
1063750 q0 3654233 3
1063750 q0 3654234 2
1063750 q0 3654235 2
1063750 q0 3654236 1
1063750 q0 3672921 2
1063750 q0 3676181 1
1063750 q0 3676183 2
1063750 q0 3676185 1
1063750 q0 3765642 0
1063750 q0 3802479 1
1063750 q0 3802485 2
1063750 q0 3802487 3
1063750 q0 3802488 3
1063750 q0 3805477 0
1063750 q0 3871549 2
1063750 q0 3903902 0
1063750 q0 3943704 0
1063750 q0 3959834 0
1063750 q0 3965096 1
1063750 q0 3973418 2
1063750 q0 3973423 3
1063750 q0 4066863 3
1063750 q0 4080384 2
1063750 q0 4096516 0
1063750 q0 4100037 3
1063750 q0 4158204 1
1063750 q0 4158206 2
1063750 q0 415836 0
1063750 q0 4164404 0
1063750 q0 4193159 1
1063750 q0 4310511 3
1063750 q0 4310512 3
1063750 q0 4329899 0
1063750 q0 4330925 0
1063750 q0 4330928 0
1063750 q0 4337526 3
1063750 q0 4337527 3
1063750 q0 4337528 2
1063750 q0 4337529 2
1063750 q0 4337532 2
1063750 q0 4341365 1
1063750 q0 4487115 3
1063750 q0 4487118 2
1063750 q0 4541453 2
1063750 q0 45591 3
1063750 q0 4559127 1
1063750 q0 4559128 2
1063750 q0 4559130 2
1063750 q0 4559132 0
1063750 q0 45592 1
1063750 q0 4594376 1
1063750 q0 4594377 1
1063750 q0 4594382 2
1063750 q0 4681092 1
1063750 q0 4681094 2
1063750 q0 4712113 2
1063750 q0 4712119 3
1063750 q0 4718159 1
1063750 q0 4718161 3
1063750 q0 4788295 1
1063750 q0 4788296 1
1063750 q0 4788297 2
1063750 q0 4788299 1
1063750 q0 4802035 3
1063750 q0 4802036 1
1063750 q0 4823168 0
1063750 q0 4823169 0
1063750 q0 4834969 2
1063750 q0 4834974 2
1063750 q0 4844353 0
1063750 q0 4854132 1
1063750 q0 4895432 0
1063750 q0 4905510 0
1063750 q0 4914009 1
1063750 q0 5006969 2
1063750 q0 5006973 1
1063750 q0 5057640 0
1063750 q0 5115489 2
1063750 q0 5115490 2
1063750 q0 5120823 1
1063750 q0 5138673 2
1063750 q0 5138680 2
1063750 q0 5166434 3
1063750 q0 5204902 2
1063750 q0 5204904 2
1063750 q0 5204905 1
1063750 q0 5204906 1
1063750 q0 5256198 0
1063750 q0 5287968 3
1063750 q0 5311939 1
1063750 q0 5311940 1
1063750 q0 5360356 2
1063750 q0 5360360 1
1063750 q0 5360361 2
1063750 q0 5412858 3
1063750 q0 5416787 2
1063750 q0 5416789 1
1063750 q0 5423930 1
1063750 q0 5423931 1
1063750 q0 5424172 2
1063750 q0 5442711 3
1063750 q0 5442713 3
1063750 q0 5442715 0
1063750 q0 5442716 0
1063750 q0 5442717 2
1063750 q0 5442718 2
1063750 q0 5452779 1
1063750 q0 5489026 3
1063750 q0 5519516 2
1063750 q0 5539843 0
1063750 q0 5657603 2
1063750 q0 5766337 2
1063750 q0 5766342 2
1063750 q0 5766345 2
1063750 q0 5825113 0
1063750 q0 584334 2
1063750 q0 5956099 3
1063750 q0 5956102 3
1063750 q0 5956106 2
1063750 q0 6093904 0
1063750 q0 6093907 0
1063750 q0 6093910 0
1063750 q0 6093911 0
1063750 q0 6127382 1
1063750 q0 6127385 1
1063750 q0 6127389 3
1063750 q0 621539 3
1063750 q0 621544 2
1063750 q0 6232574 3
1063750 q0 6331478 2
1063750 q0 6331481 2
1063750 q0 6341347 1
1063750 q0 6347199 3
1063750 q0 6347200 3
1063750 q0 6347203 2
1063750 q0 6347205 3
1063750 q0 6347206 3
1063750 q0 6347207 3
1063750 q0 6436703 0
1063750 q0 6463845 0
1063750 q0 6465909 1
1063750 q0 6465910 2
1063750 q0 6465912 3
1063750 q0 6572590 2
1063750 q0 6572591 2
1063750 q0 6572596 1
1063750 q0 6599404 2
1063750 q0 6666444 3
1063750 q0 6666451 1
1063750 q0 6673653 2
1063750 q0 684828 3
1063750 q0 689732 0
1063750 q0 6987647 3
1063750 q0 7122836 1
1063750 q0 7122842 3
1063750 q0 7122843 2
1063750 q0 7146775 2
1063750 q0 7146776 2
1063750 q0 7146777 2
1063750 q0 7146779 3
1063750 q0 7146780 2
1063750 q0 7146781 2
1063750 q0 7146782 2
1063750 q0 7146783 1
1063750 q0 7166531 0
1063750 q0 7247262 3
1063750 q0 7247263 1
1063750 q0 7247264 1
1063750 q0 7247268 1
1063750 q0 7412324 0
1063750 q0 7494554 0
1063750 q0 7497727 0
1063750 q0 7571423 3
1063750 q0 7571424 3
1063750 q0 7571428 3
1063750 q0 759813 2
1063750 q0 7742956 3
1063750 q0 7778337 2
1063750 q0 7778348 0
1063750 q0 7778351 1
1063750 q0 7778354 3
1063750 q0 7791760 3
1063750 q0 7791761 1
1063750 q0 7837936 3
1063750 q0 7837938 2
1063750 q0 7857767 1
1063750 q0 7860029 1
1063750 q0 7862343 2
1063750 q0 7862344 3
1063750 q0 7874986 1
1063750 q0 7882525 1
1063750 q0 7952964 3
1063750 q0 7952965 3
1063750 q0 7952966 1
1063750 q0 7952967 2
1063750 q0 7952969 3
1063750 q0 7952971 3
1063750 q0 7959124 1
1063750 q0 7989977 0
1063750 q0 8000911 1
1063750 q0 8006005 0
1063750 q0 8123913 3
1063750 q0 8157237 0
1063750 q0 8170637 2
1063750 q0 8170638 2
1063750 q0 8170640 2
1063750 q0 8183810 2
1063750 q0 819283 1
1063750 q0 819284 1
1063750 q0 8194910 3
1063750 q0 8239876 3
1063750 q0 8239877 3
1063750 q0 8384972 2
1063750 q0 8384973 1
1063750 q0 8384975 2
1063750 q0 8384979 3
1063750 q0 8418275 2
1063750 q0 8640242 3
1063750 q0 8658912 2
1063750 q0 8658915 1
1063750 q0 8658918 2
1063750 q0 8669866 2
1063750 q0 8689799 0
1063750 q0 8697948 2
1063750 q0 8722081 3
1063750 q0 876066 1
1063750 q0 8778501 1
1063750 q0 8781645 2
1063750 q0 8821734 2
1063750 q0 8821735 2
1063750 q0 8821736 3
1063750 q0 8821738 3
1063750 q0 8821739 2
1063750 q0 973371 3
1103812 q0 1016020 1
1103812 q0 1059165 0
1103812 q0 1059166 0
1103812 q0 1089781 1
1103812 q0 1101246 1
1103812 q0 124921 0
1103812 q0 1315739 1
1103812 q0 1446946 0
1103812 q0 1614303 3
1103812 q0 1614305 2
1103812 q0 1614308 0
1103812 q0 1659850 2
1103812 q0 1659852 2
1103812 q0 2111232 0
1103812 q0 2165733 1
1103812 q0 2288 0
1103812 q0 2332189 3
1103812 q0 2334432 1
1103812 q0 2360676 0
1103812 q0 2473598 0
1103812 q0 2514948 2
1103812 q0 2535841 0
1103812 q0 2557565 1
1103812 q0 2703111 0
1103812 q0 2703113 0
1103812 q0 2745573 0
1103812 q0 2749975 0
1103812 q0 2750960 1
1103812 q0 2750961 3
1103812 q0 2750965 3
1103812 q0 2845346 0
1103812 q0 2919990 1
1103812 q0 2919991 0
1103812 q0 2919992 1
1103812 q0 2945092 0
1103812 q0 2945095 1
1103812 q0 2945096 1
1103812 q0 2969376 1
1103812 q0 2969378 1
1103812 q0 3049484 0
1103812 q0 3234230 0
1103812 q0 3248098 0
1103812 q0 3425644 0
1103812 q0 3543021 0
1103812 q0 3591094 0
1103812 q0 3620802 0
1103812 q0 3663740 0
1103812 q0 3672744 0
1103812 q0 3682762 1
1103812 q0 36974 0
1103812 q0 3708772 0
1103812 q0 3773617 0
1103812 q0 3773618 1
1103812 q0 3816614 0
1103812 q0 3843263 0
1103812 q0 3843266 1
1103812 q0 3843267 1
1103812 q0 3843269 1
1103812 q0 3843270 1
1103812 q0 3843271 1
1103812 q0 3887014 0
1103812 q0 3940091 1
1103812 q0 3978768 0
1103812 q0 4087886 0
1103812 q0 4103613 0
1103812 q0 4111879 0
1103812 q0 415058 0
1103812 q0 4292848 1
1103812 q0 4306205 0
1103812 q0 4306208 0
1103812 q0 4401695 2
1103812 q0 442560 0
1103812 q0 4455026 0
1103812 q0 4680854 0
1103812 q0 4726841 0
1103812 q0 4726842 0
1103812 q0 4824831 0
1103812 q0 4824834 0
1103812 q0 4824835 0
1103812 q0 4824836 0
1103812 q0 4879962 0
1103812 q0 4887121 0
1103812 q0 5096997 0
1103812 q0 5190505 0
1103812 q0 5255728 0
1103812 q0 5290795 2
1103812 q0 5300892 0
1103812 q0 5372067 0
1103812 q0 5426550 0
1103812 q0 5573704 0
1103812 q0 5581832 1
1103812 q0 5581834 1
1103812 q0 5581838 1
1103812 q0 5581839 1
1103812 q0 5581840 1
1103812 q0 5742519 0
1103812 q0 5828978 0
1103812 q0 5938750 0
1103812 q0 5944166 0
1103812 q0 5973847 0
1103812 q0 5974245 0
1103812 q0 5980975 0
1103812 q0 6122381 1
1103812 q0 6289840 1
1103812 q0 645469 0
1103812 q0 6533348 0
1103812 q0 6651077 0
1103812 q0 6651081 0
1103812 q0 6908050 0
1103812 q0 7038638 0
1103812 q0 7206366 0
1103812 q0 723320 0
1103812 q0 7280665 0
1103812 q0 7314746 0
1103812 q0 7430771 0
1103812 q0 7650899 0
1103812 q0 7753284 0
1103812 q0 7753286 0
1103812 q0 7753287 0
1103812 q0 779160 0
1103812 q0 8049013 1
1103812 q0 8138253 0
1103812 q0 8138254 0
1103812 q0 8157968 1
1103812 q0 8220081 1
1103812 q0 8220084 1
1103812 q0 8220085 3
1103812 q0 8220086 3
1103812 q0 8220087 1
1103812 q0 8220088 3
1103812 q0 8220089 1
1103812 q0 8224181 0
1103812 q0 8224183 1
1103812 q0 8257422 0
1103812 q0 8293805 1
1103812 q0 8388942 0
1103812 q0 8505499 0
1103812 q0 900790 0
1103812 q0 947378 0
1103812 q0 947384 1
1103812 q0 961775 0
1106007 q0 1020463 1
1106007 q0 1040867 2
1106007 q0 1195441 1
1106007 q0 1334328 3
1106007 q0 1334330 3
1106007 q0 1334331 3
1106007 q0 1334332 1
1106007 q0 1334334 3
1106007 q0 1334335 3
1106007 q0 1334336 3
1106007 q0 1342527 0
1106007 q0 1495798 0
1106007 q0 152843 1
1106007 q0 1530299 1
1106007 q0 1560237 2
1106007 q0 1560243 2
1106007 q0 1601160 1
1106007 q0 1628786 1
1106007 q0 1646610 2
1106007 q0 1692218 1
1106007 q0 1817847 1
1106007 q0 1869447 0
1106007 q0 1905163 2
1106007 q0 1905166 1
1106007 q0 1922002 1
1106007 q0 1985054 1
1106007 q0 1985824 0
1106007 q0 2002045 1
1106007 q0 2061700 0
1106007 q0 2061702 0
1106007 q0 2061706 0
1106007 q0 2143418 1
1106007 q0 217594 0
1106007 q0 2188708 1
1106007 q0 2379603 1
1106007 q0 2384069 2
1106007 q0 2430920 2
1106007 q0 2464375 3
1106007 q0 2503631 1
1106007 q0 2513604 1
1106007 q0 2513608 1
1106007 q0 2513609 1
1106007 q0 2602346 1
1106007 q0 2602354 1
1106007 q0 2621974 1
1106007 q0 2621980 1
1106007 q0 2621981 1
1106007 q0 2672601 3
1106007 q0 2672608 3
1106007 q0 2704141 1
1106007 q0 272753 2
1106007 q0 272761 2
1106007 q0 2770271 0
1106007 q0 2827493 1
1106007 q0 2830035 1
1106007 q0 2838380 1
1106007 q0 2866630 2
1106007 q0 2866634 1
1106007 q0 293370 0
1106007 q0 2957674 1
1106007 q0 2960558 3
1106007 q0 2960561 3
1106007 q0 2960563 3
1106007 q0 2960564 2
1106007 q0 2960566 3
1106007 q0 305023 1
1106007 q0 305024 1
1106007 q0 3137010 1
1106007 q0 3261871 2
1106007 q0 3269501 1
1106007 q0 3377051 1
1106007 q0 3470705 1
1106007 q0 3530021 1
1106007 q0 3537614 2
1106007 q0 3573382 0
1106007 q0 3686197 1
1106007 q0 388338 0
1106007 q0 3911816 1
1106007 q0 3935902 0
1106007 q0 4036926 0
1106007 q0 4089153 1
1106007 q0 4173705 1
1106007 q0 4173709 3
1106007 q0 4173712 3
1106007 q0 4255223 0
1106007 q0 4382104 1
1106007 q0 4490071 0
1106007 q0 4787149 3
1106007 q0 4787153 1
1106007 q0 4787155 1
1106007 q0 4787157 1
1106007 q0 483330 1
1106007 q0 4953437 1
1106007 q0 4997344 1
1106007 q0 5144927 0
1106007 q0 5174765 2
1106007 q0 5204536 2
1106007 q0 5204538 3
1106007 q0 5228015 1
1106007 q0 5228016 1
1106007 q0 5279699 1
1106007 q0 5279702 1
1106007 q0 5279704 1
1106007 q0 5468859 1
1106007 q0 5479544 1
1106007 q0 5716681 1
1106007 q0 5774818 3
1106007 q0 5780384 1
1106007 q0 5780388 3
1106007 q0 5780391 1
1106007 q0 5836920 2
1106007 q0 5900134 0
1106007 q0 6032859 1
1106007 q0 6126194 2
1106007 q0 6163205 0
1106007 q0 6282108 2
1106007 q0 6303269 1
1106007 q0 6523354 2
1106007 q0 6582343 1
1106007 q0 6628124 0
1106007 q0 6942456 1
1106007 q0 6958146 0
1106007 q0 701607 1
1106007 q0 7022723 1
1106007 q0 7042681 1
1106007 q0 7042683 0
1106007 q0 7500585 2
1106007 q0 7500586 1
1106007 q0 7500587 2
1106007 q0 7507613 0
1106007 q0 751502 0
1106007 q0 765658 1
1106007 q0 765663 1
1106007 q0 7685380 3
1106007 q0 7685382 3
1106007 q0 7685383 3
1106007 q0 7685384 3
1106007 q0 7685385 3
1106007 q0 7685388 3
1106007 q0 769287 0
1106007 q0 7726655 2
1106007 q0 7797163 1
1106007 q0 7797167 2
1106007 q0 788333 1
1106007 q0 7948406 0
1106007 q0 8017047 1
1106007 q0 8137967 1
1106007 q0 8141086 1
1106007 q0 8141088 1
1106007 q0 817030 1
1106007 q0 8179612 0
1106007 q0 8199520 2
1106007 q0 8199521 3
1106007 q0 8199523 2
1106007 q0 8199524 1
1106007 q0 8204457 3
1106007 q0 8204460 0
1106007 q0 8204462 2
1106007 q0 8204463 1
1106007 q0 8204464 1
1106007 q0 8398353 1
1106007 q0 8417995 0
1106007 q0 8428884 1
1106007 q0 8482490 1
1106007 q0 8489755 0
1106007 q0 8502783 1
1106007 q0 8521668 1
1106007 q0 8521673 3
1106007 q0 8596072 1
1106007 q0 8596078 2
1106007 q0 8685446 2
1106007 q0 8685453 2
1106007 q0 8742532 1
1106007 q0 883073 1
1106007 q0 920778 1
1106007 q0 954035 2
1106007 q0 954040 1
1106007 q0 99720 0
1110199 q0 1009248 0
1110199 q0 1063125 0
1110199 q0 1184082 0
1110199 q0 1276863 0
1110199 q0 1321204 1
1110199 q0 1321205 1
1110199 q0 1334300 1
1110199 q0 1426939 1
1110199 q0 167604 0
1110199 q0 1732296 2
1110199 q0 1809183 0
1110199 q0 1809283 0
1110199 q0 1852785 0
1110199 q0 1875919 0
1110199 q0 1890810 1
1110199 q0 1901875 1
1110199 q0 1901876 1
1110199 q0 1901877 2
1110199 q0 1901878 3
1110199 q0 1901879 3
1110199 q0 1901881 1
1110199 q0 1901882 2
1110199 q0 2080928 0
1110199 q0 2124236 0
1110199 q0 2218462 1
1110199 q0 2241120 1
1110199 q0 2301118 0
1110199 q0 2301119 1
1110199 q0 2316518 1
1110199 q0 2316524 1
1110199 q0 2316525 1
1110199 q0 239443 1
1110199 q0 239444 1
1110199 q0 2594143 0
1110199 q0 2655843 2
1110199 q0 2655849 1
1110199 q0 2657988 1
1110199 q0 2657989 0
1110199 q0 2710941 0
1110199 q0 2735753 0
1110199 q0 2796199 1
1110199 q0 2796830 1
1110199 q0 2811563 1
1110199 q0 2854609 1
1110199 q0 2854615 1
1110199 q0 2854616 1
1110199 q0 2925198 1
1110199 q0 3005909 0
1110199 q0 3083427 1
1110199 q0 3110637 1
1110199 q0 3110638 1
1110199 q0 3230845 0
1110199 q0 3270582 1
1110199 q0 3270584 0
1110199 q0 3272906 1
1110199 q0 3272910 1
1110199 q0 3272914 1
1110199 q0 3524269 0
1110199 q0 3583051 0
1110199 q0 3664802 1
1110199 q0 3684454 0
1110199 q0 3780506 0
1110199 q0 3838638 3
1110199 q0 3838641 1
1110199 q0 3838643 1
1110199 q0 3838645 1
1110199 q0 3882016 0
1110199 q0 3917005 1
1110199 q0 3934419 1
1110199 q0 3955247 0
1110199 q0 3972098 1
1110199 q0 398442 0
1110199 q0 4050804 1
1110199 q0 4053650 1
1110199 q0 4053652 2
1110199 q0 4057232 1
1110199 q0 4107781 0
1110199 q0 4218460 1
1110199 q0 4268428 0
1110199 q0 4489656 1
1110199 q0 4504233 2
1110199 q0 4511137 3
1110199 q0 4511144 1
1110199 q0 4824516 0
1110199 q0 4949578 0
1110199 q0 4994893 0
1110199 q0 5007789 0
1110199 q0 5049362 1
1110199 q0 5049363 1
1110199 q0 5049366 1
1110199 q0 5049368 1
1110199 q0 5060491 0
1110199 q0 5074862 1
1110199 q0 5172684 1
1110199 q0 5218014 1
1110199 q0 5355385 1
1110199 q0 5360063 2
1110199 q0 5495455 0
1110199 q0 5516092 1
1110199 q0 554521 0
1110199 q0 5550404 0
1110199 q0 557605 0
1110199 q0 558317 1
1110199 q0 5701619 1
1110199 q0 5716613 0
1110199 q0 5846443 0
1110199 q0 5857921 1
1110199 q0 5857923 1
1110199 q0 5857924 1
1110199 q0 5857927 1
1110199 q0 5905626 0
1110199 q0 6056862 0
1110199 q0 6077239 1
1110199 q0 610745 0
1110199 q0 6161010 0
1110199 q0 6287739 0
1110199 q0 6368887 1
1110199 q0 6368889 0
1110199 q0 6368891 1
1110199 q0 6368892 0
1110199 q0 6383460 0
1110199 q0 6392463 1
1110199 q0 6462667 1
1110199 q0 6508893 0
1110199 q0 6547512 1
1110199 q0 6548510 0
1110199 q0 6548514 0
1110199 q0 6549462 1
1110199 q0 666574 1
1110199 q0 7085489 1
1110199 q0 7143611 1
1110199 q0 7157857 0
1110199 q0 7221361 2
1110199 q0 7221362 1
1110199 q0 7221363 1
1110199 q0 7221366 3
1110199 q0 7240261 0
1110199 q0 7300777 0
1110199 q0 7300778 0
1110199 q0 7344199 1
1110199 q0 7430888 0
1110199 q0 7552081 1
1110199 q0 7651294 0
1110199 q0 7675377 0
1110199 q0 7680811 1
1110199 q0 7821191 0
1110199 q0 7834869 1
1110199 q0 8003348 0
1110199 q0 8157172 0
1110199 q0 8160518 3
1110199 q0 8160519 2
1110199 q0 8160520 2
1110199 q0 8160521 1
1110199 q0 8160522 1
1110199 q0 8160524 0
1110199 q0 8160526 1
1110199 q0 8160527 1
1110199 q0 8301971 1
1110199 q0 830201 0
1110199 q0 8316555 0
1110199 q0 8404305 0
1110199 q0 8478604 1
1110199 q0 847931 0
1110199 q0 8521870 1
1110199 q0 8559358 1
1110199 q0 8625338 0
1110199 q0 8627590 0
1110199 q0 863984 1
1110199 q0 865071 0
1110199 q0 8747523 0
1110199 q0 879021 1
1110199 q0 885240 1
1110199 q0 885242 0
1110199 q0 986786 0
1110199 q0 995389 0
1112341 q0 1035060 0
1112341 q0 1035061 0
1112341 q0 1035062 0
1112341 q0 1035063 0
1112341 q0 1035064 0
1112341 q0 1035065 0
1112341 q0 1035066 0
1112341 q0 1035067 0
1112341 q0 1035068 0
1112341 q0 115980 0
1112341 q0 1228458 0
1112341 q0 1253945 0
1112341 q0 1253949 0
1112341 q0 1253950 0
1112341 q0 1253952 0
1112341 q0 1267515 0
1112341 q0 1267516 0
1112341 q0 1267517 0
1112341 q0 1267518 0
1112341 q0 1267519 0
1112341 q0 1267520 1
1112341 q0 1288918 0
1112341 q0 1330287 0
1112341 q0 1369480 1
1112341 q0 1369482 1
1112341 q0 1373646 0
1112341 q0 1373648 0
1112341 q0 1373651 1
1112341 q0 1659006 0
1112341 q0 1675296 0
1112341 q0 1702898 0
1112341 q0 1702901 0
1112341 q0 1702902 0
1112341 q0 1702905 0
1112341 q0 1707312 0
1112341 q0 1707313 0
1112341 q0 1707314 0
1112341 q0 1707315 0
1112341 q0 1707316 0
1112341 q0 1707317 0
1112341 q0 1707318 0
1112341 q0 1707319 0
1112341 q0 1707321 1
1112341 q0 1998330 0
1112341 q0 1998331 0
1112341 q0 1998332 0
1112341 q0 1998333 1
1112341 q0 1998335 0
1112341 q0 1998338 0
1112341 q0 2026107 0
1112341 q0 2096427 0
1112341 q0 2096429 0
1112341 q0 2155567 0
1112341 q0 2173822 0
1112341 q0 243799 0
1112341 q0 2468291 1
1112341 q0 2468292 1
1112341 q0 2468293 1
1112341 q0 2468295 1
1112341 q0 2468296 1
1112341 q0 2468297 1
1112341 q0 2468298 1
1112341 q0 2468299 0
1112341 q0 2468300 1
1112341 q0 2596431 0
1112341 q0 2596432 0
1112341 q0 2616109 0
1112341 q0 263958 0
1112341 q0 2694630 1
1112341 q0 2694631 1
1112341 q0 2694632 1
1112341 q0 2694635 0
1112341 q0 2694636 1
1112341 q0 2735215 1
1112341 q0 2735216 0
1112341 q0 2735219 0
1112341 q0 2834563 0
1112341 q0 2834566 0
1112341 q0 2834568 0
1112341 q0 2860741 0
1112341 q0 2860744 0
1112341 q0 2860747 0
1112341 q0 2860749 0
1112341 q0 2925770 1
1112341 q0 2936512 0
1112341 q0 2936513 0
1112341 q0 3016394 0
1112341 q0 3041083 0
1112341 q0 3041085 0
1112341 q0 3041090 0
1112341 q0 3041092 0
1112341 q0 3051098 0
1112341 q0 3254436 0
1112341 q0 3352255 0
1112341 q0 3352256 0
1112341 q0 3406647 0
1112341 q0 3408231 0
1112341 q0 3408233 0
1112341 q0 3408235 0
1112341 q0 345581 0
1112341 q0 345585 0
1112341 q0 3473123 0
1112341 q0 3490001 0
1112341 q0 355109 0
1112341 q0 355110 0
1112341 q0 355114 1
1112341 q0 355115 0
1112341 q0 355117 1
1112341 q0 355118 1
1112341 q0 3552356 1
1112341 q0 3555943 1
1112341 q0 3587856 0
1112341 q0 3670747 0
1112341 q0 3670748 0
1112341 q0 3670750 0
1112341 q0 3670754 0
1112341 q0 3670756 0
1112341 q0 3795887 0
1112341 q0 400581 0
1112341 q0 400582 1
1112341 q0 4102529 0
1112341 q0 4161482 0
1112341 q0 4192795 0
1112341 q0 4236660 0
1112341 q0 4303003 0
1112341 q0 4332412 0
1112341 q0 4390797 0
1112341 q0 4415267 0
1112341 q0 4416071 0
1112341 q0 4416076 0
1112341 q0 4566122 0
1112341 q0 4566125 1
1112341 q0 4595993 1
1112341 q0 4595995 1
1112341 q0 4595999 0
1112341 q0 4610444 0
1112341 q0 4704992 0
1112341 q0 4977768 0
1112341 q0 5043407 0
1112341 q0 5043409 0
1112341 q0 5133283 0
1112341 q0 5133287 0
1112341 q0 5133288 0
1112341 q0 5192037 1
1112341 q0 524254 0
1112341 q0 550571 0
1112341 q0 5934809 0
1112341 q0 6016292 0
1112341 q0 6088911 0
1112341 q0 6102033 0
1112341 q0 6164791 1
1112341 q0 6303182 0
1112341 q0 6303183 0
1112341 q0 6303184 0
1112341 q0 6303185 0
1112341 q0 6303186 0
1112341 q0 6303187 0
1112341 q0 6311795 1
1112341 q0 6311799 1
1112341 q0 6311801 1
1112341 q0 6315810 0
1112341 q0 6342847 1
1112341 q0 6416487 0
1112341 q0 6478665 0
1112341 q0 6664183 0
1112341 q0 667310 0
1112341 q0 6715183 0
1112341 q0 6718885 0
1112341 q0 6726337 1
1112341 q0 6726340 2
1112341 q0 6726344 2
1112341 q0 6726346 0
1112341 q0 6740555 0
1112341 q0 6740558 0
1112341 q0 6947370 1
1112341 q0 7088035 0
1112341 q0 7088036 0
1112341 q0 7088037 0
1112341 q0 7088038 0
1112341 q0 7088039 0
1112341 q0 7088040 0
1112341 q0 7088041 0
1112341 q0 7166531 0
1112341 q0 733687 0
1112341 q0 7349793 0
1112341 q0 7373078 1
1112341 q0 7373085 1
1112341 q0 7404107 0
1112341 q0 7515009 0
1112341 q0 7516467 1
1112341 q0 7516470 0
1112341 q0 7615749 1
1112341 q0 7635722 0
1112341 q0 7708629 0
1112341 q0 7714607 0
1112341 q0 7752460 0
1112341 q0 8134789 0
1112341 q0 8134790 0
1112341 q0 8134792 1
1112341 q0 8134793 0
1112341 q0 8134796 0
1112341 q0 8134797 0
1112341 q0 8139249 1
1112341 q0 8139251 1
1112341 q0 8139252 1
1112341 q0 8139255 1
1112341 q0 8139256 2
1112341 q0 8139257 2
1112341 q0 8139258 2
1112341 q0 8316213 0
1112341 q0 8442174 1
1112341 q0 8442177 1
1112341 q0 8442178 0
1112341 q0 848957 0
1112341 q0 848961 0
1112341 q0 8549569 0
1112341 q0 8606160 1
1112341 q0 8700906 0
1112341 q0 8773882 0
1112341 q0 90432 0
1112341 q0 90433 0
1112341 q0 917582 1
1112341 q0 943110 0
1113437 q0 1066532 3
1113437 q0 1066539 2
1113437 q0 1218865 1
1113437 q0 1280238 1
1113437 q0 1280565 3
1113437 q0 1280568 3
1113437 q0 1280569 1
1113437 q0 1280571 0
1113437 q0 1411653 1
1113437 q0 1411655 1
1113437 q0 1454812 3
1113437 q0 1454814 3
1113437 q0 1486345 1
1113437 q0 156331 1
1113437 q0 156334 1
1113437 q0 1681783 1
1113437 q0 1681785 2
1113437 q0 1715079 0
1113437 q0 1768727 3
1113437 q0 1768728 0
1113437 q0 1768729 0
1113437 q0 1768734 0
1113437 q0 2001933 3
1113437 q0 2001934 2
1113437 q0 2001935 3
1113437 q0 2001936 3
1113437 q0 213005 1
1113437 q0 213011 0
1113437 q0 2226349 3
1113437 q0 2264197 0
1113437 q0 2302725 0
1113437 q0 2354941 1
1113437 q0 2354947 3
1113437 q0 2535148 0
1113437 q0 2641642 0
1113437 q0 2714589 0
1113437 q0 2884191 3
1113437 q0 3026984 2
1113437 q0 3044562 0
1113437 q0 3064610 1
1113437 q0 3089474 1
1113437 q0 3107751 2
1113437 q0 3125146 0
1113437 q0 3125150 2
1113437 q0 3125152 2
1113437 q0 3125153 1
1113437 q0 3125154 3
1113437 q0 3125155 2
1113437 q0 3132938 1
1113437 q0 3339525 0
1113437 q0 3357726 1
1113437 q0 3378554 0
1113437 q0 3405849 0
1113437 q0 3436902 0
1113437 q0 3440587 0
1113437 q0 351824 0
1113437 q0 351827 1
1113437 q0 3518300 1
1113437 q0 3648205 1
1113437 q0 3673401 1
1113437 q0 3685677 1
1113437 q0 3687620 2
1113437 q0 3687624 1
1113437 q0 3851625 0
1113437 q0 3880944 2
1113437 q0 3997986 1
1113437 q0 4003982 0
1113437 q0 4016930 1
1113437 q0 4016933 2
1113437 q0 4016937 1
1113437 q0 4016938 2
1113437 q0 4016939 0
1113437 q0 4216338 0
1113437 q0 4221361 1
1113437 q0 4367828 1
1113437 q0 4367832 3
1113437 q0 4486954 0
1113437 q0 4487204 0
1113437 q0 4498864 2
1113437 q0 457996 1
1113437 q0 4628484 0
1113437 q0 4715377 0
1113437 q0 4751835 3
1113437 q0 4751839 1
1113437 q0 4783292 0
1113437 q0 4841345 0
1113437 q0 4981632 1
1113437 q0 5188745 1
1113437 q0 5188746 1
1113437 q0 5188747 2
1113437 q0 520325 0
1113437 q0 5346404 2
1113437 q0 5362609 2
1113437 q0 5372030 0
1113437 q0 5514592 2
1113437 q0 5514593 1
1113437 q0 5546283 0
1113437 q0 5546284 2
1113437 q0 5546285 0
1113437 q0 5546286 1
1113437 q0 5546287 0
1113437 q0 5546288 3
1113437 q0 5546289 1
1113437 q0 5591643 1
1113437 q0 5779218 0
1113437 q0 5781995 1
1113437 q0 580971 0
1113437 q0 5863434 2
1113437 q0 5938418 1
1113437 q0 5938421 1
1113437 q0 594251 2
1113437 q0 5955948 0
1113437 q0 5987829 0
1113437 q0 5996691 2
1113437 q0 6017945 1
1113437 q0 6021898 2
1113437 q0 6021900 2
1113437 q0 6021902 3
1113437 q0 6088984 0
1113437 q0 6174327 1
1113437 q0 6174328 3
1113437 q0 6174329 2
1113437 q0 6174330 1
1113437 q0 6302495 0
1113437 q0 631949 3
1113437 q0 6455610 2
1113437 q0 6511446 1
1113437 q0 6597538 1
1113437 q0 6601847 0
1113437 q0 6601849 0
1113437 q0 6688843 3
1113437 q0 6688846 2
1113437 q0 6688848 0
1113437 q0 6765123 0
1113437 q0 6792385 0
1113437 q0 6992977 0
1113437 q0 7096023 0
1113437 q0 7368423 2
1113437 q0 7368427 2
1113437 q0 7377270 2
1113437 q0 7377271 2
1113437 q0 7377272 1
1113437 q0 7377274 1
1113437 q0 7377275 1
1113437 q0 7377276 1
1113437 q0 7377277 3
1113437 q0 7377278 1
1113437 q0 7385216 1
1113437 q0 7385217 1
1113437 q0 7385219 1
1113437 q0 7385221 2
1113437 q0 7385222 3
1113437 q0 742037 3
1113437 q0 742041 1
1113437 q0 742044 3
1113437 q0 7430236 0
1113437 q0 7430238 1
1113437 q0 7497491 2
1113437 q0 7497492 2
1113437 q0 7497493 2
1113437 q0 7497495 3
1113437 q0 7618564 0
1113437 q0 7890531 0
1113437 q0 8050330 1
1113437 q0 806849 0
1113437 q0 8128790 2
1113437 q0 8128794 3
1113437 q0 8128796 3
1113437 q0 8128798 2
1113437 q0 8162984 1
1113437 q0 8336306 1
1113437 q0 8503446 2
1113437 q0 8503453 1
1113437 q0 8503455 1
1113437 q0 8566587 1
1113437 q0 8566591 1
1113437 q0 8599281 0
1113437 q0 8729215 1
1113437 q0 8729216 2
1113437 q0 8729219 3
1114646 q0 1002453 0
1114646 q0 1216492 0
1114646 q0 1316103 3
1114646 q0 1316109 3
1114646 q0 1342262 1
1114646 q0 1342263 0
1114646 q0 1544838 3
1114646 q0 1576677 1
1114646 q0 1786848 0
1114646 q0 1881845 1
1114646 q0 1884059 3
1114646 q0 1913368 1
1114646 q0 1913374 1
1114646 q0 2190338 0
1114646 q0 2201127 3
1114646 q0 2246765 0
1114646 q0 2248435 0
1114646 q0 2296796 1
1114646 q0 2296797 1
1114646 q0 2302725 0
1114646 q0 238332 0
1114646 q0 2418194 1
1114646 q0 2472248 2
1114646 q0 2621606 1
1114646 q0 2647994 3
1114646 q0 266552 2
1114646 q0 2676807 3
1114646 q0 2695353 2
1114646 q0 272209 3
1114646 q0 2743255 1
1114646 q0 2743256 1
1114646 q0 2911035 2
1114646 q0 2911039 2
1114646 q0 2911040 1
1114646 q0 2911449 1
1114646 q0 2911450 1
1114646 q0 3015665 1
1114646 q0 3056368 3
1114646 q0 3177805 2
1114646 q0 3184850 1
1114646 q0 3184851 1
1114646 q0 3236082 0
1114646 q0 3238905 1
1114646 q0 3339525 0
1114646 q0 3440587 0
1114646 q0 3467664 2
1114646 q0 3467665 2
1114646 q0 3470481 2
1114646 q0 3470484 3
1114646 q0 3470486 2
1114646 q0 3624484 2
1114646 q0 3699874 0
1114646 q0 3733771 1
1114646 q0 3861594 3
1114646 q0 3915244 1
1114646 q0 392985 3
1114646 q0 3955773 0
1114646 q0 3991843 1
1114646 q0 4003982 0
1114646 q0 4332918 3
1114646 q0 4427037 0
1114646 q0 444374 3
1114646 q0 444375 0
1114646 q0 444376 0
1114646 q0 444377 2
1114646 q0 444379 1
1114646 q0 444380 3
1114646 q0 444382 0
1114646 q0 4487204 0
1114646 q0 4633441 2
1114646 q0 4771285 2
1114646 q0 4957140 0
1114646 q0 5041692 2
1114646 q0 5108610 1
1114646 q0 5108614 1
1114646 q0 5153519 1
1114646 q0 5229617 2
1114646 q0 5279567 3
1114646 q0 5372030 0
1114646 q0 5417949 3
1114646 q0 5417952 3
1114646 q0 5417953 3
1114646 q0 5417954 3
1114646 q0 5417956 3
1114646 q0 5418860 1
1114646 q0 5569142 3
1114646 q0 5640856 1
1114646 q0 5640859 2
1114646 q0 5640861 3
1114646 q0 5661838 2
1114646 q0 5661840 2
1114646 q0 5687476 2
1114646 q0 5687477 3
1114646 q0 5761803 1
1114646 q0 579552 2
1114646 q0 579554 3
1114646 q0 580971 0
1114646 q0 5816565 0
1114646 q0 5836029 2
1114646 q0 5854712 1
1114646 q0 5920524 0
1114646 q0 5959593 3
1114646 q0 6348309 3
1114646 q0 6455057 2
1114646 q0 6484456 3
1114646 q0 6509832 0
1114646 q0 6704400 3
1114646 q0 6704401 3
1114646 q0 6711103 3
1114646 q0 6836905 1
1114646 q0 687064 3
1114646 q0 687066 0
1114646 q0 7065010 2
1114646 q0 7088666 1
1114646 q0 7096023 0
1114646 q0 7103112 0
1114646 q0 7196954 1
1114646 q0 7196956 3
1114646 q0 7196961 2
1114646 q0 723299 0
1114646 q0 7241126 0
1114646 q0 7278603 0
1114646 q0 7490706 0
1114646 q0 7616199 1
1114646 q0 771368 2
1114646 q0 7727591 0
1114646 q0 810154 2
1114646 q0 8117087 1
1114646 q0 8117088 0
1114646 q0 8117089 3
1114646 q0 8117090 3
1114646 q0 8117091 3
1114646 q0 8117092 3
1114646 q0 8117093 0
1114646 q0 8117094 3
1114646 q0 8117095 2
1114646 q0 8117096 3
1114646 q0 8185549 2
1114646 q0 8327369 3
1114646 q0 857788 2
1114646 q0 857789 3
1114646 q0 8624973 1
1114646 q0 8646238 0
1114646 q0 8665820 3
1114646 q0 8665826 1
1114646 q0 8665828 1
1114646 q0 8762528 1
1114646 q0 8777078 1
1114646 q0 897835 1
1114646 q0 994964 1
1114646 q0 994965 0
1114819 q0 1009500 1
1114819 q0 1009502 2
1114819 q0 1036133 1
1114819 q0 104626 0
1114819 q0 1052569 0
1114819 q0 1074899 2
1114819 q0 1092242 1
1114819 q0 1119234 2
1114819 q0 11843 1
1114819 q0 1204744 2
1114819 q0 1245291 1
1114819 q0 1245292 1
1114819 q0 1245295 1
1114819 q0 1245298 1
1114819 q0 1248112 2
1114819 q0 126883 0
1114819 q0 1302004 3
1114819 q0 1302007 3
1114819 q0 1315993 3
1114819 q0 1315994 3
1114819 q0 1315995 3
1114819 q0 1315996 3
1114819 q0 1315997 1
1114819 q0 1315998 2
1114819 q0 1315999 1
1114819 q0 1316000 2
1114819 q0 1333807 1
1114819 q0 1351423 1
1114819 q0 1396258 1
1114819 q0 1419797 2
1114819 q0 1419798 1
1114819 q0 1419801 1
1114819 q0 1426631 1
1114819 q0 1434686 1
1114819 q0 1434688 1
1114819 q0 1437537 2
1114819 q0 1438788 2
1114819 q0 1467125 0
1114819 q0 1501762 1
1114819 q0 1602333 2
1114819 q0 1625829 3
1114819 q0 1625836 3
1114819 q0 1663336 2
1114819 q0 1663338 1
1114819 q0 1724519 1
1114819 q0 1724520 3
1114819 q0 1724523 1
1114819 q0 1724526 1
1114819 q0 1724528 1
1114819 q0 1735443 2
1114819 q0 1738242 3
1114819 q0 1738243 2
1114819 q0 1738244 1
1114819 q0 1738245 2
1114819 q0 1738246 1
1114819 q0 1738247 2
1114819 q0 1738248 1
1114819 q0 1738250 3
1114819 q0 1761563 1
1114819 q0 1761757 1
1114819 q0 1816950 1
1114819 q0 1816956 1
1114819 q0 1816958 1
1114819 q0 1845189 0
1114819 q0 1851540 1
1114819 q0 1852065 2
1114819 q0 1852066 1
1114819 q0 1878078 0
1114819 q0 1884289 0
1114819 q0 1891675 0
1114819 q0 1917091 1
1114819 q0 1967603 2
1114819 q0 2008569 1
1114819 q0 2008574 1
1114819 q0 2008577 1
1114819 q0 2040811 1
1114819 q0 2049582 1
1114819 q0 2136432 0
1114819 q0 2136433 1
1114819 q0 2136434 3
1114819 q0 2136437 1
1114819 q0 2147624 0
1114819 q0 2185129 2
1114819 q0 2185131 2
1114819 q0 2188726 1
1114819 q0 2192058 0
1114819 q0 2212053 1
1114819 q0 2212054 3
1114819 q0 2212056 1
1114819 q0 2212057 3
1114819 q0 2212058 1
1114819 q0 2212059 3
1114819 q0 2258946 1
1114819 q0 2312859 1
1114819 q0 2314566 2
1114819 q0 2341526 2
1114819 q0 236347 2
1114819 q0 2421176 1
1114819 q0 2477692 1
1114819 q0 2490830 1
1114819 q0 2490838 1
1114819 q0 255280 1
1114819 q0 255283 2
1114819 q0 2590446 1
1114819 q0 2590447 1
1114819 q0 2590448 1
1114819 q0 2590449 1
1114819 q0 2590450 3
1114819 q0 2590451 1
1114819 q0 2590453 1
1114819 q0 2590454 2
1114819 q0 2590455 2
1114819 q0 2617237 0
1114819 q0 264537 1
1114819 q0 2649370 0
1114819 q0 2668962 0
1114819 q0 2694515 1
1114819 q0 26983 2
1114819 q0 2756880 1
1114819 q0 2759427 0
1114819 q0 2831393 1
1114819 q0 2839946 0
1114819 q0 2926432 1
1114819 q0 3025904 0
1114819 q0 306606 1
1114819 q0 315573 0
1114819 q0 3200532 1
1114819 q0 3213416 1
1114819 q0 3225622 1
1114819 q0 3241509 0
1114819 q0 3256326 2
1114819 q0 3256328 2
1114819 q0 3256329 2
1114819 q0 3256332 2
1114819 q0 327923 2
1114819 q0 327926 2
1114819 q0 3288112 1
1114819 q0 3341895 1
1114819 q0 3353671 1
1114819 q0 344350 3
1114819 q0 344351 2
1114819 q0 344354 1
1114819 q0 344355 1
1114819 q0 344357 1
1114819 q0 3477360 1
1114819 q0 3484458 1
1114819 q0 3556105 1
1114819 q0 3588499 2
1114819 q0 3637385 1
1114819 q0 3641925 1
1114819 q0 3641926 2
1114819 q0 3641927 1
1114819 q0 3650126 1
1114819 q0 3666596 1
1114819 q0 3693260 1
1114819 q0 3734231 1
1114819 q0 3734236 1
1114819 q0 3781415 1
1114819 q0 3781416 1
1114819 q0 3781418 3
1114819 q0 3781419 3
1114819 q0 3810530 1
1114819 q0 3814005 0
1114819 q0 3814007 2
1114819 q0 3824972 1
1114819 q0 3835158 1
1114819 q0 3835163 1
1114819 q0 3906951 1
1114819 q0 3906952 2
1114819 q0 3906954 3
1114819 q0 3906955 1
1114819 q0 3906956 1
1114819 q0 3906959 2
1114819 q0 3925394 1
1114819 q0 393994 2
1114819 q0 4034972 2
1114819 q0 4077426 1
1114819 q0 4162627 1
1114819 q0 4266558 1
1114819 q0 4332977 0
1114819 q0 4354918 2
1114819 q0 4404333 1
1114819 q0 4415944 3
1114819 q0 4425328 0
1114819 q0 4496923 0
1114819 q0 4509717 2
1114819 q0 4516925 0
1114819 q0 4544845 0
1114819 q0 4550069 2
1114819 q0 458531 2
1114819 q0 4659719 0
1114819 q0 468011 2
1114819 q0 4700106 1
1114819 q0 4700110 0
1114819 q0 4700111 1
1114819 q0 4700114 1
1114819 q0 4773103 0
1114819 q0 4865754 1
1114819 q0 4865755 1
1114819 q0 4865756 1
1114819 q0 4865758 1
1114819 q0 4890560 2
1114819 q0 4945141 2
1114819 q0 5019830 1
1114819 q0 5019831 1
1114819 q0 5019832 2
1114819 q0 5019838 1
1114819 q0 5019839 2
1114819 q0 5026286 1
1114819 q0 5044485 1
1114819 q0 510716 1
1114819 q0 5165249 2
1114819 q0 517067 0
1114819 q0 5196819 1
1114819 q0 5238260 2
1114819 q0 5254264 0
1114819 q0 534362 2
1114819 q0 5363580 1
1114819 q0 5363581 1
1114819 q0 5363582 1
1114819 q0 5363583 1
1114819 q0 5375238 1
1114819 q0 5375240 1
1114819 q0 5375242 1
1114819 q0 5375243 1
1114819 q0 5375245 1
1114819 q0 5375246 1
1114819 q0 5375247 1
1114819 q0 538319 2
1114819 q0 5396765 1
1114819 q0 5469602 1
1114819 q0 5521371 3
1114819 q0 5521372 1
1114819 q0 5521373 1
1114819 q0 5533983 0
1114819 q0 5538574 1
1114819 q0 5626702 1
1114819 q0 5626706 1
1114819 q0 5628950 1
1114819 q0 5628952 3
1114819 q0 5628953 1
1114819 q0 5628955 1
1114819 q0 5628956 1
1114819 q0 5628958 1
1114819 q0 5636640 0
1114819 q0 5638833 0
1114819 q0 5673333 1
1114819 q0 5686039 1
1114819 q0 5718415 1
1114819 q0 5718417 2
1114819 q0 5718418 1
1114819 q0 5723731 0
1114819 q0 572417 0
1114819 q0 5740247 1
1114819 q0 5759333 1
1114819 q0 576249 1
1114819 q0 576253 0
1114819 q0 5790568 0
1114819 q0 5858980 1
1114819 q0 5859029 2
1114819 q0 5859030 1
1114819 q0 586944 0
1114819 q0 5891747 1
1114819 q0 5917855 0
1114819 q0 5922989 1
1114819 q0 59259 1
1114819 q0 597047 1
1114819 q0 5989800 2
1114819 q0 6027612 1
1114819 q0 6027616 1
1114819 q0 605467 1
1114819 q0 605472 2
1114819 q0 6094261 1
1114819 q0 6134462 0
1114819 q0 6202317 1
1114819 q0 6202318 1
1114819 q0 6202319 1
1114819 q0 6202321 1
1114819 q0 6202323 1
1114819 q0 6239487 2
1114819 q0 6256156 0
1114819 q0 6326221 2
1114819 q0 6329859 1
1114819 q0 6366187 1
1114819 q0 6372968 0
1114819 q0 6472425 1
1114819 q0 6564169 1
1114819 q0 6611820 1
1114819 q0 6631098 2
1114819 q0 6631099 2
1114819 q0 6688221 0
1114819 q0 6691165 1
1114819 q0 6706268 0
1114819 q0 6820823 1
1114819 q0 6900766 3
1114819 q0 6900767 1
1114819 q0 6900769 2
1114819 q0 6900773 1
1114819 q0 6900774 3
1114819 q0 6912302 1
1114819 q0 6912304 1
1114819 q0 6920586 0
1114819 q0 6920591 0
1114819 q0 6941478 3
1114819 q0 6941479 1
1114819 q0 6941481 3
1114819 q0 694735 2
1114819 q0 694737 2
1114819 q0 694738 1
1114819 q0 694740 3
1114819 q0 694741 1
1114819 q0 6988364 1
1114819 q0 7018179 0
1114819 q0 7070941 1
1114819 q0 7070942 1
1114819 q0 7070943 1
1114819 q0 7084519 1
1114819 q0 710523 0
1114819 q0 710524 0
1114819 q0 7132893 1
1114819 q0 7132894 0
1114819 q0 7132895 0
1114819 q0 7132896 1
1114819 q0 7132897 0
1114819 q0 7144266 0
1114819 q0 7156443 3
1114819 q0 7166531 0
1114819 q0 7221002 1
1114819 q0 7331748 1
1114819 q0 7355554 2
1114819 q0 7355559 2
1114819 q0 7355561 1
1114819 q0 7407231 0
1114819 q0 7407233 1
1114819 q0 7425393 2
1114819 q0 7425394 2
1114819 q0 7425395 1
1114819 q0 7425396 0
1114819 q0 7425397 2
1114819 q0 7501440 1
1114819 q0 750446 1
1114819 q0 750447 0
1114819 q0 7552823 1
1114819 q0 7562839 2
1114819 q0 7562841 1
1114819 q0 7567806 2
1114819 q0 7588042 1
1114819 q0 7588045 2
1114819 q0 7588046 1
1114819 q0 7601548 2
1114819 q0 7654165 1
1114819 q0 7655520 1
1114819 q0 7655522 1
1114819 q0 768360 1
1114819 q0 7696996 2
1114819 q0 7698085 0
1114819 q0 7714232 0
1114819 q0 771719 1
1114819 q0 7786792 1
1114819 q0 7800062 1
1114819 q0 7803429 2
1114819 q0 7803435 2
1114819 q0 7803436 1
1114819 q0 785027 3
1114819 q0 785028 1
1114819 q0 785034 0
1114819 q0 7850622 1
1114819 q0 7850623 1
1114819 q0 7851279 2
1114819 q0 7851748 0
1114819 q0 7851749 2
1114819 q0 7873197 2
1114819 q0 7914603 2
1114819 q0 7928900 2
1114819 q0 7991181 1
1114819 q0 7991186 0
1114819 q0 8022276 3
1114819 q0 8022277 1
1114819 q0 8022279 1
1114819 q0 8022280 3
1114819 q0 8022281 1
1114819 q0 8024890 3
1114819 q0 8027205 1
1114819 q0 8027206 3
1114819 q0 8027210 2
1114819 q0 8076977 1
1114819 q0 8088105 1
1114819 q0 8088107 1
1114819 q0 8088109 1
1114819 q0 8088111 1
1114819 q0 8096817 2
1114819 q0 8096819 0
1114819 q0 8096824 1
1114819 q0 8099707 2
1114819 q0 8115434 1
1114819 q0 8115435 2
1114819 q0 8115437 1
1114819 q0 8115438 0
1114819 q0 8115439 2
1114819 q0 8115440 2
1114819 q0 8115441 1
1114819 q0 8115442 1
1114819 q0 8115700 0
1114819 q0 8115703 1
1114819 q0 8115705 1
1114819 q0 8125457 1
1114819 q0 8146123 0
1114819 q0 8187766 0
1114819 q0 8215963 0
1114819 q0 8251749 1
1114819 q0 8265975 0
1114819 q0 8292500 2
1114819 q0 8299793 2
1114819 q0 8321012 1
1114819 q0 8321019 2
1114819 q0 8336223 1
1114819 q0 8336225 1
1114819 q0 8336226 1
1114819 q0 8336228 1
1114819 q0 8336229 3
1114819 q0 8336230 2
1114819 q0 8336231 1
1114819 q0 8336232 1
1114819 q0 8415266 0
1114819 q0 8446785 0
1114819 q0 8461285 1
1114819 q0 8461287 2
1114819 q0 8480573 1
1114819 q0 8480574 1
1114819 q0 8505797 1
1114819 q0 8508255 1
1114819 q0 8508259 2
1114819 q0 8508263 3
1114819 q0 8579828 1
1114819 q0 8579830 1
1114819 q0 8579832 0
1114819 q0 8579833 1
1114819 q0 858812 1
1114819 q0 8601477 2
1114819 q0 8625086 3
1114819 q0 8625092 1
1114819 q0 862865 1
1114819 q0 862869 1
1114819 q0 8651755 1
1114819 q0 8653330 1
1114819 q0 8688167 0
1114819 q0 8736056 2
1114819 q0 8736060 1
1114819 q0 8754395 1
1114819 q0 8754397 2
1114819 q0 8754398 1
1114819 q0 8754399 1
1114819 q0 8754400 1
1114819 q0 8754401 1
1114819 q0 8754403 1
1114819 q0 8754404 1
1114819 q0 8768742 2
1114819 q0 8768743 1
1114819 q0 8772339 2
1114819 q0 8789462 0
1114819 q0 8804489 2
1114819 q0 956102 2
1114819 q0 980927 1
1114819 q0 988369 1
1114819 q0 988370 2
1114819 q0 988373 1
1114819 q0 988374 1
1114819 q0 988375 1
1114819 q0 988376 3
1114819 q0 988378 1
1115776 q0 1036904 0
1115776 q0 1225084 0
1115776 q0 1440035 0
1115776 q0 1470412 0
1115776 q0 1540837 0
1115776 q0 1540838 1
1115776 q0 1589559 0
1115776 q0 1593008 0
1115776 q0 1621981 1
1115776 q0 1729571 1
1115776 q0 1729572 1
1115776 q0 1729576 1
1115776 q0 1732923 0
1115776 q0 1732924 0
1115776 q0 1774971 1
1115776 q0 1856137 0
1115776 q0 1886160 0
1115776 q0 2164297 0
1115776 q0 2230480 0
1115776 q0 2306826 0
1115776 q0 235241 1
1115776 q0 2364285 1
1115776 q0 2382274 0
1115776 q0 2382279 0
1115776 q0 2382280 0
1115776 q0 23964 0
1115776 q0 2451610 0
1115776 q0 2471196 0
1115776 q0 2495471 0
1115776 q0 2595908 0
1115776 q0 2785222 0
1115776 q0 2785223 0
1115776 q0 2966413 0
1115776 q0 3025463 1
1115776 q0 3025466 1
1115776 q0 3081626 1
1115776 q0 311302 1
1115776 q0 3203280 0
1115776 q0 3203281 1
1115776 q0 3222646 0
1115776 q0 3227499 0
1115776 q0 331549 0
1115776 q0 3330844 1
1115776 q0 3344355 1
1115776 q0 3374861 1
1115776 q0 3469357 1
1115776 q0 3673924 0
1115776 q0 3758868 1
1115776 q0 3907355 1
1115776 q0 4049233 1
1115776 q0 4051141 0
1115776 q0 4131485 1
1115776 q0 414967 0
1115776 q0 4166413 0
1115776 q0 4231618 0
1115776 q0 4314169 1
1115776 q0 4314170 2
1115776 q0 4314171 1
1115776 q0 4314172 1
1115776 q0 4314173 1
1115776 q0 4314174 2
1115776 q0 4314175 1
1115776 q0 4314176 2
1115776 q0 4314178 1
1115776 q0 4487937 1
1115776 q0 4487939 0
1115776 q0 4606188 0
1115776 q0 465438 1
1115776 q0 4675180 0
1115776 q0 480791 0
1115776 q0 480800 1
1115776 q0 4902727 0
1115776 q0 4984390 0
1115776 q0 5014104 1
1115776 q0 5130842 0
1115776 q0 5232955 1
1115776 q0 5257694 0
1115776 q0 5264931 1
1115776 q0 5357816 0
1115776 q0 5483597 1
1115776 q0 5599692 1
1115776 q0 5605159 0
1115776 q0 5605160 0
1115776 q0 5694906 0
1115776 q0 5747664 1
1115776 q0 5790943 1
1115776 q0 580734 1
1115776 q0 580736 1
1115776 q0 580737 0
1115776 q0 5888683 1
1115776 q0 5900622 1
1115776 q0 5900625 1
1115776 q0 5950737 1
1115776 q0 600966 0
1115776 q0 612896 1
1115776 q0 6150628 0
1115776 q0 622472 0
1115776 q0 6248327 0
1115776 q0 638673 0
1115776 q0 64045 0
1115776 q0 6417117 0
1115776 q0 646506 0
1115776 q0 6492656 0
1115776 q0 655776 0
1115776 q0 660826 0
1115776 q0 6616844 0
1115776 q0 6653839 0
1115776 q0 6672301 0
1115776 q0 6692795 0
1115776 q0 6816993 1
1115776 q0 6934013 0
1115776 q0 6989198 1
1115776 q0 7007569 0
1115776 q0 707642 1
1115776 q0 7129173 1
1115776 q0 7165058 1
1115776 q0 7165062 1
1115776 q0 7165064 1
1115776 q0 7210883 0
1115776 q0 7248918 0
1115776 q0 7276300 1
1115776 q0 7281526 0
1115776 q0 7318317 0
1115776 q0 7320258 1
1115776 q0 7436880 0
1115776 q0 758999 0
1115776 q0 7615797 0
1115776 q0 7625204 0
1115776 q0 7650937 0
1115776 q0 7650945 0
1115776 q0 7840022 0
1115776 q0 8048541 1
1115776 q0 8065457 1
1115776 q0 8078183 0
1115776 q0 8106317 3
1115776 q0 8106318 0
1115776 q0 8106320 2
1115776 q0 8106321 3
1115776 q0 8106322 1
1115776 q0 8106323 1
1115776 q0 8106324 1
1115776 q0 8108815 0
1115776 q0 8108818 0
1115776 q0 8188169 0
1115776 q0 848507 0
1115776 q0 8495250 1
1115776 q0 8495256 1
1115776 q0 8504500 1
1115776 q0 8521280 1
1115776 q0 8828147 1
1115776 q0 986665 0
1115776 q0 994192 0
1117099 q0 1061013 2
1117099 q0 1068642 0
1117099 q0 1123494 0
1117099 q0 1389420 3
1117099 q0 1440189 1
1117099 q0 1440191 1
1117099 q0 1440192 2
1117099 q0 1440195 1
1117099 q0 1445087 1
1117099 q0 1445091 1
1117099 q0 1466970 1
1117099 q0 1488608 2
1117099 q0 1488614 1
1117099 q0 1527735 1
1117099 q0 1527737 1
1117099 q0 1527738 1
1117099 q0 1527742 1
1117099 q0 1527743 1
1117099 q0 1565783 0
1117099 q0 1581018 1
1117099 q0 1652328 2
1117099 q0 1652329 1
1117099 q0 1682790 2
1117099 q0 1687526 3
1117099 q0 1687528 2
1117099 q0 1687531 1
1117099 q0 1726127 1
1117099 q0 1758014 2
1117099 q0 1798612 3
1117099 q0 1798614 2
1117099 q0 1798617 0
1117099 q0 1798619 2
1117099 q0 1798620 3
1117099 q0 1833548 1
1117099 q0 1833555 2
1117099 q0 1855746 1
1117099 q0 1942774 2
1117099 q0 1942775 2
1117099 q0 2036866 0
1117099 q0 2058940 1
1117099 q0 2068354 1
1117099 q0 2109701 0
1117099 q0 2153481 2
1117099 q0 2153487 1
1117099 q0 215360 1
1117099 q0 2173361 1
1117099 q0 2194583 0
1117099 q0 2345072 2
1117099 q0 2346648 0
1117099 q0 2359305 1
1117099 q0 2381739 1
1117099 q0 2504563 2
1117099 q0 2515909 1
1117099 q0 2515910 1
1117099 q0 2537884 1
1117099 q0 2579691 2
1117099 q0 2579692 1
1117099 q0 2579693 1
1117099 q0 2605637 1
1117099 q0 2650708 1
1117099 q0 2675335 1
1117099 q0 2715359 0
1117099 q0 2748108 0
1117099 q0 2749157 1
1117099 q0 2754430 0
1117099 q0 2790381 2
1117099 q0 2790382 2
1117099 q0 2790384 1
1117099 q0 2826254 0
1117099 q0 2943041 1
1117099 q0 317868 2
1117099 q0 3257580 1
1117099 q0 3327942 2
1117099 q0 3327945 1
1117099 q0 334611 1
1117099 q0 334615 1
1117099 q0 3349607 2
1117099 q0 3349609 0
1117099 q0 3349612 3
1117099 q0 3398083 1
1117099 q0 3412243 2
1117099 q0 3425957 1
1117099 q0 3435986 2
1117099 q0 3440615 1
1117099 q0 3488848 2
1117099 q0 3508181 1
1117099 q0 3529426 2
1117099 q0 3543106 2
1117099 q0 3582841 1
1117099 q0 3607850 2
1117099 q0 3780997 1
1117099 q0 3780998 1
1117099 q0 3781003 2
1117099 q0 3837416 0
1117099 q0 3859042 1
1117099 q0 3866275 1
1117099 q0 3879716 1
1117099 q0 3906411 1
1117099 q0 3906412 0
1117099 q0 3926558 0
1117099 q0 3951178 1
1117099 q0 3951182 2
1117099 q0 3953248 2
1117099 q0 4006352 1
1117099 q0 4040437 0
1117099 q0 4059509 3
1117099 q0 4131489 0
1117099 q0 4196685 2
1117099 q0 4393946 1
1117099 q0 4393950 1
1117099 q0 4393951 2
1117099 q0 4441319 1
1117099 q0 4441325 3
1117099 q0 4441612 2
1117099 q0 444196 2
1117099 q0 4458506 0
1117099 q0 4458509 3
1117099 q0 4458510 2
1117099 q0 4458512 3
1117099 q0 4458513 0
1117099 q0 4490406 2
1117099 q0 4512111 0
1117099 q0 4525629 0
1117099 q0 4573811 3
1117099 q0 458682 1
1117099 q0 464305 0
1117099 q0 4698655 2
1117099 q0 4699621 1
1117099 q0 4774130 1
1117099 q0 4775947 3
1117099 q0 4789127 1
1117099 q0 4829143 0
1117099 q0 4886519 1
1117099 q0 5032726 1
1117099 q0 514310 0
1117099 q0 514314 0
1117099 q0 518714 2
1117099 q0 518716 1
1117099 q0 518718 2
1117099 q0 52516 1
1117099 q0 52519 1
1117099 q0 52523 1
1117099 q0 5258461 0
1117099 q0 5258462 2
1117099 q0 5286535 3
1117099 q0 5286536 1
1117099 q0 5286538 3
1117099 q0 5286539 3
1117099 q0 5286540 1
1117099 q0 5299235 2
1117099 q0 5387506 0
1117099 q0 5452829 1
1117099 q0 5452831 1
1117099 q0 5452832 2
1117099 q0 5493970 1
1117099 q0 5557070 0
1117099 q0 5596482 1
1117099 q0 5596485 1
1117099 q0 5633582 1
1117099 q0 5633587 2
1117099 q0 5633588 2
1117099 q0 563625 2
1117099 q0 5686676 2
1117099 q0 5699286 0
1117099 q0 5752877 0
1117099 q0 5982126 1
1117099 q0 6057206 3
1117099 q0 6057207 2
1117099 q0 6069016 1
1117099 q0 6106022 2
1117099 q0 6106027 1
1117099 q0 6118609 2
1117099 q0 6122720 3
1117099 q0 6122721 3
1117099 q0 6122722 2
1117099 q0 6122723 3
1117099 q0 6122724 2
1117099 q0 6156360 1
1117099 q0 6177939 3
1117099 q0 6177941 2
1117099 q0 6221981 1
1117099 q0 6226645 1
1117099 q0 6408891 2
1117099 q0 6428299 2
1117099 q0 6428300 1
1117099 q0 6491820 1
1117099 q0 6505419 3
1117099 q0 6505420 2
1117099 q0 651006 1
1117099 q0 6534817 2
1117099 q0 6534818 3
1117099 q0 6534824 1
1117099 q0 690629 1
1117099 q0 690634 2
1117099 q0 697158 1
1117099 q0 6993942 3
1117099 q0 7014236 1
1117099 q0 714808 3
1117099 q0 7180805 1
1117099 q0 7235168 1
1117099 q0 7350133 0
1117099 q0 7350136 0
1117099 q0 7368014 1
1117099 q0 7407593 0
1117099 q0 7504911 0
1117099 q0 7541965 2
1117099 q0 7560421 0
1117099 q0 7595826 1
1117099 q0 7610604 0
1117099 q0 7723620 1
1117099 q0 7753915 2
1117099 q0 7879723 0
1117099 q0 7879730 1
1117099 q0 7959195 1
1117099 q0 8066855 1
1117099 q0 8091995 1
1117099 q0 8093927 0
1117099 q0 8093931 3
1117099 q0 8093932 3
1117099 q0 8093933 1
1117099 q0 8093934 3
1117099 q0 8096043 1
1117099 q0 8123982 0
1117099 q0 8202091 1
1117099 q0 8202908 1
1117099 q0 8202914 1
1117099 q0 8208315 2
1117099 q0 8294083 3
1117099 q0 8446501 3
1117099 q0 8446502 2
1117099 q0 8446504 2
1117099 q0 8446505 3
1117099 q0 8446506 3
1117099 q0 8459091 2
1117099 q0 8459093 1
1117099 q0 8527041 1
1117099 q0 8540494 2
1117099 q0 855065 2
1117099 q0 855066 1
1117099 q0 855067 2
1117099 q0 859540 1
1117099 q0 8612544 2
1117099 q0 8615590 1
1117099 q0 8681294 2
1117099 q0 8681297 1
1117099 q0 871278 1
1117099 q0 8714082 3
1117099 q0 8714085 3
1117099 q0 8714087 0
1117099 q0 8747423 0
1117099 q0 8799096 1
1117099 q0 8838111 3
1117099 q0 8838115 0
1117099 q0 894295 2
1117099 q0 926743 2
1117099 q0 926744 1
1117099 q0 92779 1
1121402 q0 1151509 0
1121402 q0 1151510 1
1121402 q0 117065 1
1121402 q0 1176375 0
1121402 q0 1249687 1
1121402 q0 1390128 0
1121402 q0 1623219 0
1121402 q0 1623220 0
1121402 q0 1623225 0
1121402 q0 1679022 0
1121402 q0 177810 0
1121402 q0 177812 1
1121402 q0 182364 1
1121402 q0 182365 1
1121402 q0 182366 3
1121402 q0 182367 2
1121402 q0 182368 3
1121402 q0 182369 3
1121402 q0 182370 1
1121402 q0 182371 1
1121402 q0 182372 3
1121402 q0 182373 1
1121402 q0 1872466 1
1121402 q0 188209 1
1121402 q0 188210 1
1121402 q0 188211 1
1121402 q0 188213 3
1121402 q0 188214 1
1121402 q0 188215 1
1121402 q0 188216 1
1121402 q0 188217 1
1121402 q0 188218 1
1121402 q0 1917417 1
1121402 q0 1917425 1
1121402 q0 1926650 1
1121402 q0 1926655 0
1121402 q0 2281086 0
1121402 q0 2474652 0
1121402 q0 2614504 0
1121402 q0 2633464 1
1121402 q0 2681045 1
1121402 q0 2681048 0
1121402 q0 2699105 1
1121402 q0 2825141 0
1121402 q0 3040505 0
1121402 q0 3040510 0
1121402 q0 3049324 1
1121402 q0 3049325 1
1121402 q0 3107112 0
1121402 q0 3129164 1
1121402 q0 3501312 1
1121402 q0 3501313 0
1121402 q0 3501314 1
1121402 q0 3511789 2
1121402 q0 3594744 2
1121402 q0 3785307 1
1121402 q0 3785308 2
1121402 q0 3785309 1
1121402 q0 3785310 1
1121402 q0 3899340 1
1121402 q0 4016202 0
1121402 q0 4105455 0
1121402 q0 4305982 0
1121402 q0 4449258 2
1121402 q0 4449267 2
1121402 q0 4503431 1
1121402 q0 4608938 0
1121402 q0 4620827 1
1121402 q0 4727100 0
1121402 q0 4755866 1
1121402 q0 4755872 2
1121402 q0 4939253 1
1121402 q0 4974853 1
1121402 q0 5000504 0
1121402 q0 5189913 3
1121402 q0 5405183 0
1121402 q0 5431399 0
1121402 q0 5483968 1
1121402 q0 5489983 2
1121402 q0 5576063 2
1121402 q0 5614619 0
1121402 q0 5614621 0
1121402 q0 5645287 1
1121402 q0 5678526 2
1121402 q0 5678926 1
1121402 q0 572087 1
1121402 q0 5993274 0
1121402 q0 6001847 2
1121402 q0 6068291 1
1121402 q0 6358261 1
1121402 q0 6371837 0
1121402 q0 6371843 0
1121402 q0 6392396 0
1121402 q0 6392397 0
1121402 q0 6392398 0
1121402 q0 6392403 2
1121402 q0 6392404 0
1121402 q0 6515173 1
1121402 q0 6683285 0
1121402 q0 6717338 0
1121402 q0 6717340 0
1121402 q0 688372 1
1121402 q0 6900252 0
1121402 q0 6951218 1
1121402 q0 7011506 2
1121402 q0 7011511 1
1121402 q0 7011514 1
1121402 q0 7098133 1
1121402 q0 7125978 1
1121402 q0 7125980 3
1121402 q0 7125981 3
1121402 q0 7125982 1
1121402 q0 7125983 3
1121402 q0 7125985 1
1121402 q0 7125987 3
1121402 q0 7142994 2
1121402 q0 7144700 0
1121402 q0 7144704 0
1121402 q0 7194260 0
1121402 q0 7373977 1
1121402 q0 7471825 0
1121402 q0 752294 0
1121402 q0 752297 0
1121402 q0 7572312 0
1121402 q0 770456 1
1121402 q0 7797730 1
1121402 q0 7809772 1
1121402 q0 7898699 0
1121402 q0 7922810 1
1121402 q0 8052617 2
1121402 q0 8052619 2
1121402 q0 8052620 3
1121402 q0 8052621 3
1121402 q0 8052622 3
1121402 q0 8052623 3
1121402 q0 8052624 3
1121402 q0 8054673 1
1121402 q0 8089444 2
1121402 q0 8103020 1
1121402 q0 8235730 2
1121402 q0 8453588 0
1121402 q0 8747693 0
1121402 q0 879274 1
1121402 q0 8795122 0
1121402 q0 8832484 0
1121402 q0 993571 1
1121709 q0 1002655 1
1121709 q0 1012441 0
1121709 q0 1080396 0
1121709 q0 1136673 0
1121709 q0 1143148 0
1121709 q0 121314 0
1121709 q0 1269907 0
1121709 q0 1273361 0
1121709 q0 1304416 0
1121709 q0 14320 0
1121709 q0 1555692 0
1121709 q0 1567967 0
1121709 q0 1585563 0
1121709 q0 167762 0
1121709 q0 1681598 0
1121709 q0 16845 0
1121709 q0 1729290 0
1121709 q0 1752809 0
1121709 q0 1752813 0
1121709 q0 1774646 0
1121709 q0 1806027 0
1121709 q0 1837653 0
1121709 q0 1862933 0
1121709 q0 1964424 0
1121709 q0 2046431 0
1121709 q0 2083090 0
1121709 q0 2083436 0
1121709 q0 2111971 0
1121709 q0 2117896 0
1121709 q0 2137170 0
1121709 q0 2229415 0
1121709 q0 2266341 0
1121709 q0 2279809 0
1121709 q0 2440458 0
1121709 q0 248029 0
1121709 q0 2517708 0
1121709 q0 2521079 0
1121709 q0 2534666 0
1121709 q0 2541472 1
1121709 q0 2541476 0
1121709 q0 2555291 0
1121709 q0 2577948 0
1121709 q0 2588081 0
1121709 q0 2612961 0
1121709 q0 2676518 0
1121709 q0 2735825 0
1121709 q0 2735828 0
1121709 q0 2835613 0
1121709 q0 2874652 0
1121709 q0 2940488 0
1121709 q0 3015619 0
1121709 q0 3030903 0
1121709 q0 3055199 0
1121709 q0 3093470 0
1121709 q0 3095685 0
1121709 q0 3145978 0
1121709 q0 3145987 0
1121709 q0 3200100 0
1121709 q0 3212040 0
1121709 q0 3423059 1
1121709 q0 3423060 1
1121709 q0 3423061 2
1121709 q0 3423062 2
1121709 q0 3423063 1
1121709 q0 3423066 0
1121709 q0 3423067 3
1121709 q0 3446958 0
1121709 q0 3507754 1
1121709 q0 3552218 0
1121709 q0 3552222 0
1121709 q0 3622089 0
1121709 q0 3684819 0
1121709 q0 3702316 0
1121709 q0 3709755 0
1121709 q0 3709758 0
1121709 q0 376823 0
1121709 q0 3789404 1
1121709 q0 3806265 0
1121709 q0 383497 0
1121709 q0 3875032 0
1121709 q0 3897025 0
1121709 q0 3897028 0
1121709 q0 3897030 0
1121709 q0 3900180 0
1121709 q0 3928432 0
1121709 q0 3966707 0
1121709 q0 3989343 0
1121709 q0 3991121 0
1121709 q0 4061703 0
1121709 q0 4173215 0
1121709 q0 4291225 0
1121709 q0 4332979 0
1121709 q0 4376884 0
1121709 q0 4410384 0
1121709 q0 4539272 0
1121709 q0 4620353 0
1121709 q0 4632795 0
1121709 q0 4639609 0
1121709 q0 4644464 0
1121709 q0 4678678 0
1121709 q0 4729563 0
1121709 q0 4756692 0
1121709 q0 4764627 2
1121709 q0 4769720 0
1121709 q0 4908639 0
1121709 q0 5010839 0
1121709 q0 5070334 1
1121709 q0 5094405 0
1121709 q0 5521436 0
1121709 q0 560631 0
1121709 q0 5611203 0
1121709 q0 5811259 0
1121709 q0 5879624 0
1121709 q0 5974052 0
1121709 q0 6007524 0
1121709 q0 6058024 0
1121709 q0 6128738 0
1121709 q0 6208287 0
1121709 q0 6296422 0
1121709 q0 6357473 0
1121709 q0 6372041 0
1121709 q0 6475868 0
1121709 q0 6503359 0
1121709 q0 6630430 0
1121709 q0 669004 0
1121709 q0 6796773 0
1121709 q0 682994 0
1121709 q0 6886933 0
1121709 q0 6917254 0
1121709 q0 6945560 0
1121709 q0 6999097 0
1121709 q0 7002616 0
1121709 q0 7051875 0
1121709 q0 7107770 0
1121709 q0 7149349 0
1121709 q0 7177466 0
1121709 q0 7209949 0
1121709 q0 7229501 0
1121709 q0 7229502 0
1121709 q0 7231520 0
1121709 q0 7242995 0
1121709 q0 7272788 0
1121709 q0 7279991 0
1121709 q0 7431506 0
1121709 q0 747826 0
1121709 q0 7499157 0
1121709 q0 7754666 0
1121709 q0 7810596 1
1121709 q0 7849690 0
1121709 q0 8011242 0
1121709 q0 8049577 1
1121709 q0 8049578 1
1121709 q0 8049580 1
1121709 q0 8049582 1
1121709 q0 8049583 3
1121709 q0 8049584 3
1121709 q0 8049585 1
1121709 q0 8049586 1
1121709 q0 8057710 0
1121709 q0 806234 0
1121709 q0 8082261 0
1121709 q0 812328 0
1121709 q0 8171653 0
1121709 q0 8185195 0
1121709 q0 8215554 0
1121709 q0 8283424 0
1121709 q0 8419548 0
1121709 q0 8500135 0
1121709 q0 8578972 0
1121709 q0 8604987 0
1121709 q0 8620042 0
1121709 q0 8679621 0
1121709 q0 8697768 0
1121709 q0 8720912 0
1121709 q0 87555 1
1121709 q0 8759528 0
1121709 q0 918204 0
1121709 q0 918512 0
1124210 q0 108781 1
1124210 q0 108782 2
1124210 q0 1244877 3
1124210 q0 1280828 2
1124210 q0 1280830 2
1124210 q0 131185 2
1124210 q0 131186 0
1124210 q0 131190 2
1124210 q0 131191 2
1124210 q0 1324075 0
1124210 q0 1400108 0
1124210 q0 1420740 2
1124210 q0 145208 1
1124210 q0 1495587 1
1124210 q0 1517590 1
1124210 q0 1564679 0
1124210 q0 1649195 1
1124210 q0 1649199 1
1124210 q0 1689011 0
1124210 q0 1689639 3
1124210 q0 1689646 2
1124210 q0 181171 1
1124210 q0 181174 1
1124210 q0 181175 3
1124210 q0 181177 2
1124210 q0 1883019 2
1124210 q0 1885749 0
1124210 q0 1886340 2
1124210 q0 1886341 1
1124210 q0 1908804 0
1124210 q0 1916939 2
1124210 q0 2070515 3
1124210 q0 2075641 2
1124210 q0 2089537 2
1124210 q0 2089540 2
1124210 q0 2089544 3
1124210 q0 2089545 2
1124210 q0 2135253 2
1124210 q0 216132 2
1124210 q0 2163621 2
1124210 q0 2163625 2
1124210 q0 2258591 3
1124210 q0 2258592 3
1124210 q0 2258593 3
1124210 q0 2258594 3
1124210 q0 2258595 2
1124210 q0 2258596 2
1124210 q0 2258597 3
1124210 q0 2258598 3
1124210 q0 2258599 3
1124210 q0 2305430 1
1124210 q0 235462 2
1124210 q0 2399822 3
1124210 q0 2433601 2
1124210 q0 2433603 3
1124210 q0 2433604 2
1124210 q0 2433605 2
1124210 q0 2433606 2
1124210 q0 2433608 1
1124210 q0 2433609 3
1124210 q0 2451197 2
1124210 q0 2461678 2
1124210 q0 2461681 3
1124210 q0 2461683 3
1124210 q0 2461684 2
1124210 q0 2477735 2
1124210 q0 2494574 3
1124210 q0 2494576 3
1124210 q0 2494577 2
1124210 q0 2551401 0
1124210 q0 2575093 0
1124210 q0 2604564 3
1124210 q0 2608221 2
1124210 q0 2650266 2
1124210 q0 2650269 3
1124210 q0 2650271 1
1124210 q0 2685123 2
1124210 q0 2693702 2
1124210 q0 2728445 3
1124210 q0 2728447 2
1124210 q0 2728448 3
1124210 q0 2728449 2
1124210 q0 2728452 2
1124210 q0 2753148 3
1124210 q0 2753149 2
1124210 q0 2753154 0
1124210 q0 2806527 3
1124210 q0 2806532 1
1124210 q0 2806533 1
1124210 q0 2806534 1
1124210 q0 2806535 2
1124210 q0 2825130 3
1124210 q0 284020 3
1124210 q0 2859498 2
1124210 q0 2859499 2
1124210 q0 2859500 2
1124210 q0 2859501 2
1124210 q0 2859505 2
1124210 q0 2958020 3
1124210 q0 3069610 2
1124210 q0 3099832 2
1124210 q0 3147129 0
1124210 q0 3162331 2
1124210 q0 3162334 1
1124210 q0 3225189 3
1124210 q0 3225197 3
1124210 q0 3228224 1
1124210 q0 3228226 3
1124210 q0 3242755 1
1124210 q0 3242758 3
1124210 q0 3242763 3
1124210 q0 3263727 3
1124210 q0 3263728 0
1124210 q0 3263731 3
1124210 q0 3289568 3
1124210 q0 3289570 2
1124210 q0 3358752 0
1124210 q0 3466956 3
1124210 q0 3466959 3
1124210 q0 3466963 2
1124210 q0 347571 3
1124210 q0 3517427 3
1124210 q0 3587025 1
1124210 q0 3587908 2
1124210 q0 3736775 1
1124210 q0 3748160 2
1124210 q0 3748161 1
1124210 q0 3748166 2
1124210 q0 3761216 0
1124210 q0 3848316 2
1124210 q0 3965044 1
1124210 q0 4002454 3
1124210 q0 4002456 3
1124210 q0 4002460 2
1124210 q0 4090499 3
1124210 q0 4174699 2
1124210 q0 4303129 3
1124210 q0 4379804 0
1124210 q0 4508443 1
1124210 q0 4535489 3
1124210 q0 4553374 2
1124210 q0 4554223 2
1124210 q0 460006 1
1124210 q0 4616435 1
1124210 q0 4618354 3
1124210 q0 4626376 1
1124210 q0 4626380 1
1124210 q0 4636525 2
1124210 q0 4648414 3
1124210 q0 4648416 3
1124210 q0 4648417 3
1124210 q0 4648418 1
1124210 q0 4676063 1
1124210 q0 4777681 3
1124210 q0 4841435 2
1124210 q0 4841436 1
1124210 q0 485078 0
1124210 q0 4876134 1
1124210 q0 4942992 3
1124210 q0 4977001 2
1124210 q0 4999332 2
1124210 q0 5032704 1
1124210 q0 5032711 3
1124210 q0 5098936 2
1124210 q0 5098941 2
1124210 q0 522219 1
1124210 q0 522220 3
1124210 q0 5228198 0
1124210 q0 5231750 0
1124210 q0 5263180 2
1124210 q0 5263184 0
1124210 q0 5286530 2
1124210 q0 5286531 2
1124210 q0 5286534 2
1124210 q0 5350932 2
1124210 q0 5350934 2
1124210 q0 5362532 2
1124210 q0 5403833 1
1124210 q0 5430226 2
1124210 q0 5430227 2
1124210 q0 5431702 2
1124210 q0 5501103 0
1124210 q0 551493 1
1124210 q0 5587709 3
1124210 q0 5587710 3
1124210 q0 5587711 3
1124210 q0 5664148 3
1124210 q0 573922 1
1124210 q0 5885067 2
1124210 q0 5885069 1
1124210 q0 5941717 3
1124210 q0 5944900 2
1124210 q0 5977964 2
1124210 q0 6067332 0
1124210 q0 60863 2
1124210 q0 60865 2
1124210 q0 6134821 2
1124210 q0 6146809 3
1124210 q0 6146810 2
1124210 q0 6146811 2
1124210 q0 6146813 2
1124210 q0 6148224 1
1124210 q0 6164979 2
1124210 q0 6177788 0
1124210 q0 6181089 2
1124210 q0 6181090 2
1124210 q0 6181091 3
1124210 q0 6181093 1
1124210 q0 6212087 0
1124210 q0 6221371 2
1124210 q0 6221372 2
1124210 q0 6232730 2
1124210 q0 6233255 3
1124210 q0 6255796 3
1124210 q0 6268740 2
1124210 q0 6292931 2
1124210 q0 6292938 1
1124210 q0 6306362 2
1124210 q0 6306365 2
1124210 q0 6356962 0
1124210 q0 6411944 1
1124210 q0 6472110 3
1124210 q0 6498977 3
1124210 q0 6507991 3
1124210 q0 6507992 0
1124210 q0 6507996 3
1124210 q0 6541864 3
1124210 q0 6541865 2
1124210 q0 6541866 2
1124210 q0 6541867 1
1124210 q0 6541868 3
1124210 q0 6620551 2
1124210 q0 6636931 3
1124210 q0 6636936 2
1124210 q0 6683523 0
1124210 q0 6688367 1
1124210 q0 6689009 2
1124210 q0 6720368 3
1124210 q0 6737727 3
1124210 q0 6737728 3
1124210 q0 6737729 3
1124210 q0 6737732 2
1124210 q0 6737733 3
1124210 q0 6741313 2
1124210 q0 6741316 2
1124210 q0 6741317 2
1124210 q0 6891517 2
1124210 q0 6891518 2
1124210 q0 6928390 1
1124210 q0 6996634 1
1124210 q0 6996637 2
1124210 q0 7061704 0
1124210 q0 7146473 2
1124210 q0 7146478 2
1124210 q0 7203346 2
1124210 q0 7203360 3
1124210 q0 7203363 2
1124210 q0 7203364 2
1124210 q0 7203367 3
1124210 q0 7224093 3
1124210 q0 7224102 3
1124210 q0 7228448 3
1124210 q0 7237480 1
1124210 q0 7275369 1
1124210 q0 7278871 2
1124210 q0 7403449 1
1124210 q0 7405174 2
1124210 q0 7419320 0
1124210 q0 743495 2
1124210 q0 743500 2
1124210 q0 743501 2
1124210 q0 7441999 2
1124210 q0 7443581 1
1124210 q0 7443583 3
1124210 q0 7443585 3
1124210 q0 7443586 3
1124210 q0 7443588 3
1124210 q0 7443589 1
1124210 q0 7507397 1
1124210 q0 7507400 2
1124210 q0 7695217 3
1124210 q0 7695218 2
1124210 q0 7715335 1
1124210 q0 7806221 3
1124210 q0 7806222 3
1124210 q0 7806226 1
1124210 q0 7877242 0
1124210 q0 7942804 3
1124210 q0 7942807 3
1124210 q0 7942808 3
1124210 q0 8026735 3
1124210 q0 8026737 3
1124210 q0 8026738 2
1124210 q0 8026739 2
1124210 q0 8026740 2
1124210 q0 8026743 3
1124210 q0 8068722 1
1124210 q0 8068728 2
1124210 q0 8068730 1
1124210 q0 8087696 3
1124210 q0 8087701 2
1124210 q0 8087702 3
1124210 q0 8149698 1
1124210 q0 8150777 0
1124210 q0 8355477 2
1124210 q0 8355478 2
1124210 q0 8355479 2
1124210 q0 8355483 3
1124210 q0 8406413 2
1124210 q0 8437722 0
1124210 q0 8478792 0
1124210 q0 8492302 3
1124210 q0 8492305 3
1124210 q0 8547687 2
1124210 q0 8547690 3
1124210 q0 8547691 2
1124210 q0 8558068 3
1124210 q0 8643188 0
1124210 q0 8650639 3
1124210 q0 8650641 2
1124210 q0 8650642 3
1124210 q0 8664874 2
1124210 q0 8668071 0
1124210 q0 876739 1
1124210 q0 8802909 3
1124210 q0 8828525 3
1124210 q0 92049 3
1124210 q0 931162 2
1124210 q0 931165 3
1124210 q0 943794 1
1129237 q0 1020793 0
1129237 q0 1128332 0
1129237 q0 1138726 0
1129237 q0 1169301 0
1129237 q0 120308 1
1129237 q0 120309 1
1129237 q0 120314 0
1129237 q0 120315 0
1129237 q0 1209813 0
1129237 q0 1258500 1
1129237 q0 128982 3
1129237 q0 128984 3
1129237 q0 128987 0
1129237 q0 128989 3
1129237 q0 1373997 0
1129237 q0 1436868 0
1129237 q0 1549858 0
1129237 q0 1721142 1
1129237 q0 1768895 1
1129237 q0 1770020 0
1129237 q0 1770021 0
1129237 q0 1770027 0
1129237 q0 1849519 0
1129237 q0 1849522 0
1129237 q0 1969624 0
1129237 q0 1969628 0
1129237 q0 2165628 0
1129237 q0 2176863 0
1129237 q0 2197286 0
1129237 q0 2513277 1
1129237 q0 2696926 2
1129237 q0 2697746 3
1129237 q0 2697752 3
1129237 q0 2837792 0
1129237 q0 2854607 0
1129237 q0 2870542 0
1129237 q0 2952410 0
1129237 q0 2977193 0
1129237 q0 3014892 0
1129237 q0 302210 1
1129237 q0 305087 0
1129237 q0 305088 0
1129237 q0 3074636 0
1129237 q0 3074637 0
1129237 q0 3129072 0
1129237 q0 3153068 0
1129237 q0 3227129 0
1129237 q0 3279719 1
1129237 q0 3281185 0
1129237 q0 3366152 0
1129237 q0 3437936 0
1129237 q0 3489829 0
1129237 q0 3489832 0
1129237 q0 350 1
1129237 q0 3683096 2
1129237 q0 3709425 0
1129237 q0 3834872 0
1129237 q0 3905057 3
1129237 q0 3905802 2
1129237 q0 3905806 0
1129237 q0 3963654 0
1129237 q0 4101349 0
1129237 q0 4141012 2
1129237 q0 4182088 1
1129237 q0 4233383 1
1129237 q0 4254811 3
1129237 q0 4254813 1
1129237 q0 4254815 2
1129237 q0 4367170 1
1129237 q0 43857 0
1129237 q0 4418239 0
1129237 q0 4486840 1
1129237 q0 4593070 0
1129237 q0 4773351 0
1129237 q0 4779185 0
1129237 q0 4904405 0
1129237 q0 4915547 1
1129237 q0 5010728 0
1129237 q0 5127618 0
1129237 q0 5197194 0
1129237 q0 519977 0
1129237 q0 5212767 1
1129237 q0 5351993 0
1129237 q0 5483525 0
1129237 q0 5589927 0
1129237 q0 5619502 2
1129237 q0 5627214 2
1129237 q0 5700028 0
1129237 q0 5831781 3
1129237 q0 5906130 3
1129237 q0 5906134 0
1129237 q0 5916672 1
1129237 q0 5978321 0
1129237 q0 6080457 0
1129237 q0 6080459 0
1129237 q0 6080460 3
1129237 q0 6172874 0
1129237 q0 618981 0
1129237 q0 6343520 1
1129237 q0 6343521 1
1129237 q0 6343523 0
1129237 q0 6366866 0
1129237 q0 7006376 0
1129237 q0 7050921 1
1129237 q0 7060535 1
1129237 q0 7081249 0
1129237 q0 7179982 0
1129237 q0 7191985 0
1129237 q0 7248784 0
1129237 q0 7327351 0
1129237 q0 7350325 0
1129237 q0 7371133 1
1129237 q0 7397082 0
1129237 q0 7482392 0
1129237 q0 7551658 1
1129237 q0 7745049 0
1129237 q0 7874566 2
1129237 q0 7901543 0
1129237 q0 7903450 0
1129237 q0 7911557 3
1129237 q0 7949257 0
1129237 q0 795711 1
1129237 q0 7977373 0
1129237 q0 80867 0
1129237 q0 8150178 0
1129237 q0 824966 0
1129237 q0 8414193 0
1129237 q0 8414421 0
1129237 q0 8415462 0
1129237 q0 8450766 3
1129237 q0 8498937 0
1129237 q0 851917 0
1129237 q0 852669 0
1129237 q0 8588219 3
1129237 q0 8588222 1
1129237 q0 8588226 0
1129237 q0 8588227 1
1129237 q0 8596871 0
1129237 q0 8630514 0
1129237 q0 8658472 0
1129237 q0 8661169 0
1129237 q0 8682824 3
1129237 q0 8712732 0
1129237 q0 8785113 0
1129237 q0 998748 3
1129237 q0 998750 0
1129237 q0 998751 3
1133167 q0 1014506 0
1133167 q0 1060131 0
1133167 q0 1064355 0
1133167 q0 1070102 0
1133167 q0 1097959 0
1133167 q0 1164678 0
1133167 q0 1198855 1
1133167 q0 1212849 0
1133167 q0 1356823 0
1133167 q0 1379370 2
1133167 q0 1379378 2
1133167 q0 138929 0
1133167 q0 1405985 3
1133167 q0 1445554 0
1133167 q0 1451914 0
1133167 q0 1499669 0
1133167 q0 153452 0
1133167 q0 1572514 0
1133167 q0 1682797 2
1133167 q0 168597 0
1133167 q0 1701657 1
1133167 q0 1720298 2
1133167 q0 1727081 1
1133167 q0 1748348 0
1133167 q0 1789857 0
1133167 q0 1789859 0
1133167 q0 1824479 2
1133167 q0 1824480 3
1133167 q0 1824481 2
1133167 q0 1824483 2
1133167 q0 1824484 2
1133167 q0 1824485 2
1133167 q0 1824486 1
1133167 q0 1824487 2
1133167 q0 1824488 3
1133167 q0 1826924 0
1133167 q0 1833598 0
1133167 q0 18344 1
1133167 q0 1834505 0
1133167 q0 18346 1
1133167 q0 18351 1
1133167 q0 18352 1
1133167 q0 1844248 0
1133167 q0 1883272 2
1133167 q0 1883273 2
1133167 q0 1883276 2
1133167 q0 1883277 1
1133167 q0 1883278 1
1133167 q0 1883280 1
1133167 q0 1883281 1
1133167 q0 189072 0
1133167 q0 190802 2
1133167 q0 190803 2
1133167 q0 190804 3
1133167 q0 190805 2
1133167 q0 190806 2
1133167 q0 190808 3
1133167 q0 190809 1
1133167 q0 190810 3
1133167 q0 190811 2
1133167 q0 2010279 2
1133167 q0 2010280 2
1133167 q0 2010281 1
1133167 q0 2070080 0
1133167 q0 2070087 2
1133167 q0 2114201 1
1133167 q0 2134754 1
1133167 q0 2189883 0
1133167 q0 220332 0
1133167 q0 2276675 1
1133167 q0 2276676 1
1133167 q0 2276677 1
1133167 q0 2276678 2
1133167 q0 2278260 0
1133167 q0 2283573 0
1133167 q0 23627 0
1133167 q0 2365193 0
1133167 q0 2365196 0
1133167 q0 2365200 0
1133167 q0 2407383 0
1133167 q0 2439239 0
1133167 q0 2439240 1
1133167 q0 2478181 0
1133167 q0 2478183 0
1133167 q0 2478184 0
1133167 q0 2491366 0
1133167 q0 2491371 2
1133167 q0 2502414 0
1133167 q0 2521339 0
1133167 q0 2535372 1
1133167 q0 2573354 0
1133167 q0 2576067 0
1133167 q0 2584183 0
1133167 q0 2611058 0
1133167 q0 2611059 0
1133167 q0 2613290 2
1133167 q0 2613291 1
1133167 q0 2613293 1
1133167 q0 2613294 2
1133167 q0 2613296 2
1133167 q0 2623303 2
1133167 q0 2699246 0
1133167 q0 2710495 0
1133167 q0 2710496 0
1133167 q0 2750177 0
1133167 q0 2757422 0
1133167 q0 2777577 1
1133167 q0 2789095 0
1133167 q0 2792658 0
1133167 q0 2792662 0
1133167 q0 2833473 0
1133167 q0 2863394 2
1133167 q0 2869435 0
1133167 q0 2952790 0
1133167 q0 2952791 0
1133167 q0 2970353 0
1133167 q0 2991270 0
1133167 q0 2996833 0
1133167 q0 3023119 2
1133167 q0 3023120 1
1133167 q0 3023121 2
1133167 q0 3023123 2
1133167 q0 3023124 2
1133167 q0 3023125 2
1133167 q0 3074597 1
1133167 q0 3074598 2
1133167 q0 3074599 2
1133167 q0 3141661 1
1133167 q0 3225169 0
1133167 q0 3253592 1
1133167 q0 3253596 0
1133167 q0 3253597 1
1133167 q0 3283696 0
1133167 q0 332787 2
1133167 q0 3355083 1
1133167 q0 3391433 2
1133167 q0 3391436 1
1133167 q0 3391439 2
1133167 q0 3392362 2
1133167 q0 3421897 2
1133167 q0 3421898 1
1133167 q0 3421899 2
1133167 q0 3421900 1
1133167 q0 3421901 2
1133167 q0 3421902 3
1133167 q0 3421903 2
1133167 q0 3421906 2
1133167 q0 3498426 0
1133167 q0 3502794 0
1133167 q0 3504317 0
1133167 q0 3512076 0
1133167 q0 3560313 3
1133167 q0 3567635 1
1133167 q0 3598492 2
1133167 q0 3767108 0
1133167 q0 3768161 0
1133167 q0 3795478 0
1133167 q0 3821515 0
1133167 q0 3821516 0
1133167 q0 3944240 0
1133167 q0 3944276 2
1133167 q0 3944277 2
1133167 q0 3953805 1
1133167 q0 3953807 2
1133167 q0 3964286 0
1133167 q0 3964289 0
1133167 q0 3993166 0
1133167 q0 402083 0
1133167 q0 4046860 1
1133167 q0 405188 0
1133167 q0 4131477 1
1133167 q0 4146698 0
1133167 q0 4184339 0
1133167 q0 4192699 0
1133167 q0 4194241 1
1133167 q0 4201605 0
1133167 q0 4212709 1
1133167 q0 4226019 0
1133167 q0 4226022 1
1133167 q0 4226024 0
1133167 q0 4265711 1
1133167 q0 4294928 1
1133167 q0 4294930 1
1133167 q0 434119 1
1133167 q0 434120 3
1133167 q0 434121 3
1133167 q0 434123 2
1133167 q0 434124 2
1133167 q0 434125 2
1133167 q0 434126 2
1133167 q0 4345704 0
1133167 q0 4361441 2
1133167 q0 4443368 0
1133167 q0 4443370 3
1133167 q0 4443371 2
1133167 q0 4443372 1
1133167 q0 4443374 2
1133167 q0 4443375 1
1133167 q0 4446766 0
1133167 q0 4467246 1
1133167 q0 4489251 2
1133167 q0 4494097 2
1133167 q0 4494100 2
1133167 q0 4494101 3
1133167 q0 4494102 1
1133167 q0 4494104 1
1133167 q0 4498473 1
1133167 q0 4498474 1
1133167 q0 4498475 2
1133167 q0 4498476 2
1133167 q0 4498477 2
1133167 q0 4498478 1
1133167 q0 4498479 2
1133167 q0 4505814 0
1133167 q0 4514785 0
1133167 q0 454662 0
1133167 q0 4550240 3
1133167 q0 4550241 2
1133167 q0 4550242 1
1133167 q0 4550243 2
1133167 q0 4550244 1
1133167 q0 4557439 1
1133167 q0 4557441 2
1133167 q0 4557442 1
1133167 q0 4572057 0
1133167 q0 4585036 1
1133167 q0 4625145 2
1133167 q0 4625147 1
1133167 q0 4625148 2
1133167 q0 4699661 1
1133167 q0 4699663 0
1133167 q0 4703846 0
1133167 q0 4712273 2
1133167 q0 4712274 1
1133167 q0 4712275 1
1133167 q0 4712276 1
1133167 q0 4712277 1
1133167 q0 4712279 2
1133167 q0 4742235 0
1133167 q0 481419 0
1133167 q0 4904436 0
1133167 q0 4905510 0
1133167 q0 4922619 1
1133167 q0 4922620 2
1133167 q0 4926197 2
1133167 q0 4926199 1
1133167 q0 4926201 1
1133167 q0 4926202 1
1133167 q0 4926204 1
1133167 q0 4967195 1
1133167 q0 4973626 3
1133167 q0 5012052 0
1133167 q0 5015939 0
1133167 q0 5052505 0
1133167 q0 5077348 1
1133167 q0 5134018 1
1133167 q0 5186167 1
1133167 q0 5186340 3
1133167 q0 5327657 2
1133167 q0 5362315 0
1133167 q0 5362317 0
1133167 q0 5395004 2
1133167 q0 5475781 0
1133167 q0 5475782 1
1133167 q0 5483766 0
1133167 q0 5555222 0
1133167 q0 558460 0
1133167 q0 5602353 0
1133167 q0 5613715 1
1133167 q0 56191 0
1133167 q0 563738 3
1133167 q0 563742 0
1133167 q0 5674622 3
1133167 q0 5674623 2
1133167 q0 5704509 2
1133167 q0 5787117 1
1133167 q0 5869720 0
1133167 q0 5943905 2
1133167 q0 5943911 2
1133167 q0 5985449 0
1133167 q0 5985458 1
1133167 q0 5990516 1
1133167 q0 6003837 0
1133167 q0 6010156 0
1133167 q0 6020865 1
1133167 q0 6020866 1
1133167 q0 6083872 0
1133167 q0 6088911 0
1133167 q0 6090702 0
1133167 q0 6103289 2
1133167 q0 6103291 2
1133167 q0 6103292 1
1133167 q0 6112584 2
1133167 q0 6112585 2
1133167 q0 6112586 3
1133167 q0 6112587 3
1133167 q0 6112590 3
1133167 q0 6112591 2
1133167 q0 6112592 2
1133167 q0 6112593 2
1133167 q0 6113156 0
1133167 q0 6138 1
1133167 q0 6140 2
1133167 q0 6142 1
1133167 q0 6143 2
1133167 q0 6144 2
1133167 q0 6147447 2
1133167 q0 6155751 1
1133167 q0 6157109 2
1133167 q0 6157112 2
1133167 q0 6157113 2
1133167 q0 6157114 1
1133167 q0 6252360 2
1133167 q0 6257034 2
1133167 q0 6257038 3
1133167 q0 6299572 2
1133167 q0 6299574 2
1133167 q0 6299575 3
1133167 q0 6299576 2
1133167 q0 631692 0
1133167 q0 6360446 0
1133167 q0 6364211 1
1133167 q0 6467517 2
1133167 q0 6467518 3
1133167 q0 6467519 1
1133167 q0 6467520 0
1133167 q0 6467521 1
1133167 q0 6467522 2
1133167 q0 6467523 2
1133167 q0 6467524 2
1133167 q0 6504576 1
1133167 q0 6530225 0
1133167 q0 6570019 0
1133167 q0 6635813 0
1133167 q0 6730791 0
1133167 q0 6839771 0
1133167 q0 6877851 0
1133167 q0 6911927 0
1133167 q0 6911928 0
1133167 q0 6969972 0
1133167 q0 6999438 2
1133167 q0 6999439 2
1133167 q0 6999440 2
1133167 q0 6999442 1
1133167 q0 6999443 2
1133167 q0 7010343 0
1133167 q0 7079362 0
1133167 q0 7091940 2
1133167 q0 7091943 2
1133167 q0 7091944 2
1133167 q0 7093509 2
1133167 q0 7093510 2
1133167 q0 7093511 2
1133167 q0 7093512 2
1133167 q0 7093513 1
1133167 q0 7095374 0
1133167 q0 7115353 0
1133167 q0 715557 0
1133167 q0 7166531 0
1133167 q0 7195800 1
1133167 q0 7195802 1
1133167 q0 7204035 0
1133167 q0 7217701 0
1133167 q0 7217702 2
1133167 q0 7217705 2
1133167 q0 7217706 1
1133167 q0 7218012 2
1133167 q0 7218013 1
1133167 q0 7218015 2
1133167 q0 7218016 1
1133167 q0 7218018 2
1133167 q0 7218019 1
1133167 q0 7218021 2
1133167 q0 7236839 0
1133167 q0 7236844 0
1133167 q0 72424 1
1133167 q0 7256791 1
1133167 q0 7475304 0
1133167 q0 7482758 1
1133167 q0 7486594 1
1133167 q0 7486596 1
1133167 q0 7486597 2
1133167 q0 7486599 2
1133167 q0 7486600 2
1133167 q0 7486601 1
1133167 q0 7486602 1
1133167 q0 761530 0
1133167 q0 7621417 0
1133167 q0 7734299 0
1133167 q0 7741724 0
1133167 q0 7762240 2
1133167 q0 7762241 1
1133167 q0 7762242 1
1133167 q0 7762244 2
1133167 q0 7762245 1
1133167 q0 7776428 2
1133167 q0 7776429 1
1133167 q0 7793408 2
1133167 q0 7793409 2
1133167 q0 7793411 2
1133167 q0 7793414 2
1133167 q0 7793416 2
1133167 q0 7835482 0
1133167 q0 7835488 0
1133167 q0 7835489 0
1133167 q0 7887733 0
1133167 q0 7949845 0
1133167 q0 7991601 0
1133167 q0 8003293 2
1133167 q0 8003295 2
1133167 q0 8003299 1
1133167 q0 8003301 3
1133167 q0 8033644 1
1133167 q0 8033645 2
1133167 q0 8033646 1
1133167 q0 8033647 2
1133167 q0 8033648 2
1133167 q0 8033649 0
1133167 q0 8033650 2
1133167 q0 8037316 0
1133167 q0 8042859 0
1133167 q0 8055046 1
1133167 q0 8160224 2
1133167 q0 8160225 3
1133167 q0 8160230 2
1133167 q0 8160241 2
1133167 q0 8160242 2
1133167 q0 8160243 2
1133167 q0 8162669 0
1133167 q0 8175700 0
1133167 q0 8190071 0
1133167 q0 8201914 1
1133167 q0 823272 2
1133167 q0 823273 2
1133167 q0 823274 2
1133167 q0 823275 2
1133167 q0 823276 2
1133167 q0 823277 2
1133167 q0 823278 1
1133167 q0 823279 1
1133167 q0 8250497 1
1133167 q0 8250498 1
1133167 q0 8250500 1
1133167 q0 8250501 1
1133167 q0 8250503 1
1133167 q0 8255701 1
1133167 q0 8255702 1
1133167 q0 8255703 2
1133167 q0 8255704 2
1133167 q0 8255705 2
1133167 q0 8255706 2
1133167 q0 8332485 0
1133167 q0 8332521 0
1133167 q0 8403740 3
1133167 q0 8403745 1
1133167 q0 8403746 0
1133167 q0 8405628 1
1133167 q0 8405630 1
1133167 q0 8415742 2
1133167 q0 8415743 1
1133167 q0 8415744 1
1133167 q0 8415745 1
1133167 q0 8415746 1
1133167 q0 8415747 2
1133167 q0 8484844 1
1133167 q0 8484845 1
1133167 q0 8484846 2
1133167 q0 8484849 2
1133167 q0 8484851 2
1133167 q0 8488056 0
1133167 q0 8500823 2
1133167 q0 8558118 0
1133167 q0 8607547 1
1133167 q0 8621563 0
1133167 q0 8717042 0
1133167 q0 8748586 1
1133167 q0 8748587 1
1133167 q0 8748590 1
1133167 q0 8748592 1
1133167 q0 8749494 0
1133167 q0 8755109 0
1133167 q0 8755113 0
1133167 q0 8804478 1
1133167 q0 8813656 0
1133167 q0 881707 0
1133167 q0 8836486 0
1133167 q0 8839919 1
1133167 q0 8839920 2
1133167 q0 8839922 2
1133167 q0 944810 0
1133167 q0 949411 1
1133167 q0 977421 0
