23849 q0 1020327 1
23849 q0 1034183 1
23849 q0 1120730 1
23849 q0 1139571 1
23849 q0 1143724 1
23849 q0 1147202 1
23849 q0 1150311 1
23849 q0 1158886 1
23849 q0 1175024 1
23849 q0 1201385 0
23849 q0 1215556 1
23849 q0 1220759 0
23849 q0 1221770 0
23849 q0 1333480 1
23849 q0 1381453 2
23849 q0 1414114 1
23849 q0 1414115 0
23849 q0 1414120 1
23849 q0 1449780 1
23849 q0 146754 1
23849 q0 1493231 1
23849 q0 1532701 1
23849 q0 1535484 1
23849 q0 1605854 1
23849 q0 1605857 1
23849 q0 1622747 1
23849 q0 17118 0
23849 q0 17122 0
23849 q0 1714915 0
23849 q0 1714917 1
23849 q0 1724687 0
23849 q0 172488 0
23849 q0 178252 1
23849 q0 182049 1
23849 q0 1827512 1
23849 q0 1844627 1
23849 q0 188190 1
23849 q0 188246 1
23849 q0 1944730 2
23849 q0 2003292 0
23849 q0 2017213 1
23849 q0 2203364 1
23849 q0 2209883 3
23849 q0 2318793 1
23849 q0 2339898 1
23849 q0 2373852 0
23849 q0 2397072 1
23849 q0 2423771 0
23849 q0 2516458 0
23849 q0 2585563 1
23849 q0 2593928 0
23849 q0 2607127 1
23849 q0 2607128 1
23849 q0 2607129 2
23849 q0 2607130 1
23849 q0 2607131 1
23849 q0 2607132 1
23849 q0 2607134 1
23849 q0 2647769 3
23849 q0 2674124 1
23849 q0 2766280 1
23849 q0 282421 1
23849 q0 2838462 1
23849 q0 2880479 0
23849 q0 2934343 1
23849 q0 293608 1
23849 q0 293753 0
23849 q0 3008750 2
23849 q0 310272 1
23849 q0 3104533 1
23849 q0 3113002 0
23849 q0 314300 1
23849 q0 3185119 1
23849 q0 3341056 0
23849 q0 3342089 0
23849 q0 3374884 1
23849 q0 3376500 0
23849 q0 3678109 1
23849 q0 3687776 0
23849 q0 3698649 1
23849 q0 3799370 0
23849 q0 3878669 1
23849 q0 3978767 1
23849 q0 3978774 1
23849 q0 4016311 1
23849 q0 4016314 1
23849 q0 4016317 1
23849 q0 4065323 1
23849 q0 4091550 0
23849 q0 4091551 0
23849 q0 4104777 1
23849 q0 4138534 1
23849 q0 4188880 1
23849 q0 4281690 1
23849 q0 4344309 2
23849 q0 4348282 1
23849 q0 436721 1
23849 q0 4387499 0
23849 q0 441893 0
23849 q0 4482145 1
23849 q0 4527137 0
23849 q0 4556932 2
23849 q0 4556933 1
23849 q0 4556936 1
23849 q0 4556938 1
23849 q0 4556941 1
23849 q0 45662 1
23849 q0 4576574 0
23849 q0 4577479 1
23849 q0 4672905 0
23849 q0 4804092 1
23849 q0 4834498 1
23849 q0 4908953 1
23849 q0 4908957 1
23849 q0 4951252 1
23849 q0 5315510 1
23849 q0 5340997 1
23849 q0 5365059 0
23849 q0 5367780 0
23849 q0 542113 1
23849 q0 5529682 1
23849 q0 5597936 1
23849 q0 5633221 1
23849 q0 5740854 1
23849 q0 5740859 1
23849 q0 5809666 1
23849 q0 5824000 1
23849 q0 5835858 0
23849 q0 5862666 1
23849 q0 587451 2
23849 q0 5888570 1
23849 q0 590924 1
23849 q0 590926 1
23849 q0 590927 1
23849 q0 590929 2
23849 q0 5913890 1
23849 q0 5979591 0
23849 q0 599695 0
23849 q0 6037300 0
23849 q0 6180228 1
23849 q0 6264715 2
23849 q0 6277578 1
23849 q0 6338425 0
23849 q0 639564 0
23849 q0 640767 1
23849 q0 640772 1
23849 q0 640775 1
23849 q0 6493523 0
23849 q0 6515917 1
23849 q0 653142 1
23849 q0 6543413 1
23849 q0 6602616 1
23849 q0 6622147 0
23849 q0 6667419 1
23849 q0 6688736 1
23849 q0 6688737 1
23849 q0 6688738 2
23849 q0 6688739 1
23849 q0 6688741 1
23849 q0 6688742 1
23849 q0 6688743 1
23849 q0 6705133 1
23849 q0 67500 1
23849 q0 6803015 1
23849 q0 6970103 1
23849 q0 7008458 1
23849 q0 7014217 1
23849 q0 7039665 1
23849 q0 7039668 1
23849 q0 7098341 1
23849 q0 7119957 2
23849 q0 7153659 0
23849 q0 7186713 1
23849 q0 723681 1
23849 q0 7300641 1
23849 q0 7395195 1
23849 q0 7526373 1
23849 q0 7624167 0
23849 q0 7624168 1
23849 q0 7752628 0
23849 q0 7845081 2
23849 q0 7896999 1
23849 q0 7907569 0
23849 q0 794785 1
23849 q0 7987538 1
23849 q0 7987541 1
23849 q0 7987542 1
23849 q0 7991033 1
23849 q0 8010558 1
23849 q0 8010559 1
23849 q0 8010560 1
23849 q0 8010561 1
23849 q0 8010562 2
23849 q0 8010564 1
23849 q0 8010566 1
23849 q0 8017141 1
23849 q0 8052286 1
23849 q0 8059826 1
23849 q0 8133127 1
23849 q0 8135871 1
23849 q0 8140319 0
23849 q0 8163080 1
23849 q0 8177749 1
23849 q0 8246990 1
23849 q0 8336161 1
23849 q0 836559 1
23849 q0 8379423 1
23849 q0 8420441 0
23849 q0 8466750 1
23849 q0 8534117 1
23849 q0 8547803 0
23849 q0 8707726 0
23849 q0 8737814 0
23849 q0 958491 1
23849 q0 958495 1
23849 q0 970243 0
23849 q0 970247 0
42255 q0 1109260 0
42255 q0 1109262 0
42255 q0 1151784 0
42255 q0 1191782 0
42255 q0 1235701 0
42255 q0 1290294 0
42255 q0 1328283 0
42255 q0 1452741 0
42255 q0 1470399 1
42255 q0 1470400 1
42255 q0 1470405 0
42255 q0 1510976 0
42255 q0 1514743 1
42255 q0 1573275 1
42255 q0 1601662 0
42255 q0 1601663 1
42255 q0 1601666 1
42255 q0 1601667 2
42255 q0 1606221 1
42255 q0 1606224 0
42255 q0 1606227 0
42255 q0 1625132 0
42255 q0 1665122 0
42255 q0 1665123 1
42255 q0 1739981 0
42255 q0 179532 1
42255 q0 179534 0
42255 q0 179539 1
42255 q0 182410 1
42255 q0 182411 1
42255 q0 1863182 1
42255 q0 1863188 1
42255 q0 1896378 0
42255 q0 1896382 1
42255 q0 1912147 0
42255 q0 1967917 1
42255 q0 1987992 0
42255 q0 2040834 1
42255 q0 2172522 0
42255 q0 2189723 1
42255 q0 2189727 0
42255 q0 2229961 1
42255 q0 2335785 1
42255 q0 2452871 0
42255 q0 2478289 0
42255 q0 2478293 0
42255 q0 2584024 1
42255 q0 2584026 1
42255 q0 2584028 1
42255 q0 2622952 1
42255 q0 2637808 0
42255 q0 2673763 0
42255 q0 2673764 1
42255 q0 2799681 0
42255 q0 2799683 1
42255 q0 2799685 1
42255 q0 2799686 1
42255 q0 2799687 0
42255 q0 2882385 0
42255 q0 3063186 0
42255 q0 3063193 0
42255 q0 3077465 1
42255 q0 3077466 1
42255 q0 3120758 1
42255 q0 3120759 1
42255 q0 3120760 1
42255 q0 3349781 1
42255 q0 3349782 0
42255 q0 3349786 1
42255 q0 363749 1
42255 q0 3716282 1
42255 q0 3723425 0
42255 q0 3778202 0
42255 q0 3783705 1
42255 q0 3817242 1
42255 q0 3862109 0
42255 q0 4058733 1
42255 q0 4158621 1
42255 q0 459262 0
42255 q0 459264 0
42255 q0 461282 1
42255 q0 471838 1
42255 q0 4718738 0
42255 q0 499027 1
42255 q0 499032 0
42255 q0 499034 0
42255 q0 5326925 3
42255 q0 5326929 1
42255 q0 5326930 1
42255 q0 542943 1
42255 q0 5436512 0
42255 q0 5462358 0
42255 q0 5488089 1
42255 q0 5489475 0
42255 q0 5519434 1
42255 q0 5524726 0
42255 q0 5524727 0
42255 q0 5538135 2
42255 q0 5538138 1
42255 q0 5550454 0
42255 q0 5550457 1
42255 q0 5656056 1
42255 q0 5783297 2
42255 q0 5783298 1
42255 q0 5823922 0
42255 q0 5823924 1
42255 q0 5823925 1
42255 q0 5823927 1
42255 q0 5890416 0
42255 q0 5921276 1
42255 q0 5977535 0
42255 q0 5977537 1
42255 q0 5997797 2
42255 q0 6000161 2
42255 q0 6000165 2
42255 q0 6000167 1
42255 q0 6030147 0
42255 q0 6098601 1
42255 q0 6159642 1
42255 q0 6159644 1
42255 q0 6159645 0
42255 q0 6170528 0
42255 q0 6170535 2
42255 q0 6186369 1
42255 q0 6220184 0
42255 q0 6261568 1
42255 q0 6278918 1
42255 q0 6307609 0
42255 q0 6312915 0
42255 q0 6312919 1
42255 q0 6312922 1
42255 q0 6468049 0
42255 q0 6487361 1
42255 q0 6560210 1
42255 q0 6694504 0
42255 q0 6694507 0
42255 q0 6784918 0
42255 q0 6784920 0
42255 q0 6784921 1
42255 q0 6784924 2
42255 q0 6825602 0
42255 q0 6971740 3
42255 q0 6973546 0
42255 q0 6983042 0
42255 q0 6983048 1
42255 q0 7123386 1
42255 q0 7123389 0
42255 q0 7123390 0
42255 q0 7237384 0
42255 q0 7270407 1
42255 q0 731997 1
42255 q0 731999 1
42255 q0 732000 1
42255 q0 732001 1
42255 q0 7360526 1
42255 q0 7360533 0
42255 q0 7545797 1
42255 q0 7545801 0
42255 q0 7545805 0
42255 q0 7552538 1
42255 q0 7686741 0
42255 q0 7688778 3
42255 q0 7688779 2
42255 q0 7743198 0
42255 q0 7795610 0
42255 q0 7863564 0
42255 q0 7863567 1
42255 q0 7944027 1
42255 q0 7975405 1
42255 q0 8012290 0
42255 q0 8012296 1
42255 q0 804570 0
42255 q0 8170475 0
42255 q0 823322 0
42255 q0 8249852 1
42255 q0 8286390 1
42255 q0 8328839 1
42255 q0 8372966 1
42255 q0 8372967 0
42255 q0 8372968 3
42255 q0 8405342 0
42255 q0 842640 0
42255 q0 8472836 0
42255 q0 857478 1
42255 q0 857479 0
42255 q0 8612644 0
42255 q0 8654156 0
42255 q0 8654160 1
42255 q0 8679833 0
42255 q0 8690589 0
42255 q0 8708183 0
42255 q0 8720116 2
42255 q0 8720119 1
42255 q0 8746188 3
42255 q0 8746189 3
42255 q0 8746190 2
42255 q0 8746191 3
42255 q0 8746192 1
42255 q0 8746194 1
42255 q0 8746195 3
42255 q0 8746196 2
42255 q0 8746197 3
42255 q0 8841517 0
47210 q0 1033562 0
47210 q0 1131414 1
47210 q0 1156867 1
47210 q0 1193029 0
47210 q0 1560499 2
47210 q0 1560504 2
47210 q0 1764823 1
47210 q0 1839667 0
47210 q0 1839668 1
47210 q0 1839669 2
47210 q0 1839670 0
47210 q0 1839674 0
47210 q0 1839675 3
47210 q0 1880177 2
47210 q0 1880178 1
47210 q0 1880179 1
47210 q0 1880180 1
47210 q0 1880181 1
47210 q0 1880184 1
47210 q0 1941138 0
47210 q0 1941143 0
47210 q0 2000373 1
47210 q0 2042918 3
47210 q0 2042920 2
47210 q0 2042922 2
47210 q0 2042923 1
47210 q0 2042924 3
47210 q0 2091802 1
47210 q0 2131771 0
47210 q0 2205327 0
47210 q0 2338382 3
47210 q0 2338383 2
47210 q0 2338384 2
47210 q0 2338385 3
47210 q0 2338386 2
47210 q0 2477446 1
47210 q0 2545998 3
47210 q0 2545999 2
47210 q0 2546000 2
47210 q0 2546001 3
47210 q0 2546002 3
47210 q0 2546003 1
47210 q0 2546004 1
47210 q0 2546005 3
47210 q0 2546007 2
47210 q0 2566998 2
47210 q0 3131197 0
47210 q0 3136853 1
47210 q0 3304358 3
47210 q0 3304359 3
47210 q0 3304361 2
47210 q0 3304362 2
47210 q0 3304365 1
47210 q0 3381910 1
47210 q0 3381914 1
47210 q0 347981 1
47210 q0 3491885 1
47210 q0 3713692 0
47210 q0 3757933 0
47210 q0 4007103 2
47210 q0 4007105 1
47210 q0 4007106 2
47210 q0 4007107 2
47210 q0 4007108 3
47210 q0 4007109 1
47210 q0 4748992 1
47210 q0 4748997 1
47210 q0 4783567 0
47210 q0 488908 0
47210 q0 4915785 0
47210 q0 4924263 0
47210 q0 5104162 0
47210 q0 5131088 0
47210 q0 5207323 1
47210 q0 5207325 2
47210 q0 5207326 2
47210 q0 5207327 1
47210 q0 5207328 2
47210 q0 5207329 3
47210 q0 5219856 1
47210 q0 5219857 2
47210 q0 5252558 0
47210 q0 5301401 2
47210 q0 5301402 2
47210 q0 5301403 2
47210 q0 5301404 2
47210 q0 5301406 2
47210 q0 5497272 2
47210 q0 5497277 1
47210 q0 5497278 1
47210 q0 5509243 0
47210 q0 5511819 0
47210 q0 5561968 1
47210 q0 5627231 2
47210 q0 5642098 1
47210 q0 5642101 2
47210 q0 5642104 3
47210 q0 5642106 2
47210 q0 5642107 3
47210 q0 5691600 2
47210 q0 5691601 1
47210 q0 5698323 2
47210 q0 5738110 0
47210 q0 5738112 0
47210 q0 5787615 2
47210 q0 5947917 1
47210 q0 6023074 0
47210 q0 6168275 2
47210 q0 6168277 2
47210 q0 6168279 2
47210 q0 6168516 1
47210 q0 6168517 2
47210 q0 6168520 3
47210 q0 6180502 2
47210 q0 6180503 2
47210 q0 6180504 3
47210 q0 6180507 1
47210 q0 6330618 2
47210 q0 6395755 1
47210 q0 6502206 1
47210 q0 6502207 2
47210 q0 6910680 0
47210 q0 6910682 0
47210 q0 6910687 1
47210 q0 6990781 1
47210 q0 6990782 2
47210 q0 7067449 1
47210 q0 7067451 2
47210 q0 7067453 2
47210 q0 7367870 1
47210 q0 7367872 3
47210 q0 7367873 1
47210 q0 7386897 2
47210 q0 7440357 0
47210 q0 7509248 2
47210 q0 7509249 3
47210 q0 7509250 1
47210 q0 7509251 2
47210 q0 7509252 3
47210 q0 7509253 3
47210 q0 7562282 1
47210 q0 7562284 2
47210 q0 756519 1
47210 q0 7580141 0
47210 q0 823036 0
47210 q0 8234744 1
47210 q0 8241222 1
47210 q0 8261977 1
47210 q0 8261978 3
47210 q0 8264966 0
47210 q0 8339173 0
47210 q0 8339175 1
47210 q0 8609955 1
47210 q0 8626700 0
47210 q0 8646331 1
47210 q0 8703469 0
47210 q0 8806600 0
47210 q0 89912 0
47210 q0 968238 1
67316 q0 1134526 2
67316 q0 1179054 0
67316 q0 1218759 1
67316 q0 1218764 1
67316 q0 1228611 1
67316 q0 1237487 0
67316 q0 1261955 2
67316 q0 1299238 0
67316 q0 1299339 1
67316 q0 1320687 1
67316 q0 1320692 1
67316 q0 1324303 1
67316 q0 1325095 1
67316 q0 1401789 1
67316 q0 1408563 1
67316 q0 1471086 0
67316 q0 1480716 1
67316 q0 1494278 0
67316 q0 1815035 0
67316 q0 1865901 1
67316 q0 1920786 1
67316 q0 1973272 1
67316 q0 1974375 1
67316 q0 2082259 0
67316 q0 209705 2
67316 q0 209706 2
67316 q0 209707 1
67316 q0 2135020 0
67316 q0 2162326 2
67316 q0 2169133 0
67316 q0 2173084 2
67316 q0 2268657 1
67316 q0 2347766 2
67316 q0 2365990 1
67316 q0 2365993 1
67316 q0 2365997 1
67316 q0 2508367 1
67316 q0 255845 0
67316 q0 2590585 1
67316 q0 2713508 2
67316 q0 2713510 2
67316 q0 2739087 0
67316 q0 2748419 0
67316 q0 2784534 1
67316 q0 2784536 1
67316 q0 2930654 1
67316 q0 2930655 2
67316 q0 2930660 3
67316 q0 2930661 1
67316 q0 3063530 1
67316 q0 3082750 0
67316 q0 308681 1
67316 q0 3120268 1
67316 q0 3227881 1
67316 q0 3250707 2
67316 q0 3345303 0
67316 q0 3353057 1
67316 q0 3393479 1
67316 q0 34752 0
67316 q0 34754 0
67316 q0 3501429 0
67316 q0 351053 0
67316 q0 351055 0
67316 q0 3552831 2
67316 q0 3557359 1
67316 q0 3679358 1
67316 q0 3713997 1
67316 q0 3743854 1
67316 q0 376564 1
67316 q0 3810716 1
67316 q0 3810719 1
67316 q0 3837706 1
67316 q0 3840812 0
67316 q0 3857558 2
67316 q0 3884310 0
67316 q0 4141330 1
67316 q0 4163705 1
67316 q0 4180169 1
67316 q0 4204490 1
67316 q0 4217953 0
67316 q0 4252546 0
67316 q0 4267676 0
67316 q0 4294518 0
67316 q0 4294519 1
67316 q0 4294523 1
67316 q0 4343003 1
67316 q0 4482562 1
67316 q0 450305 1
67316 q0 450306 1
67316 q0 450309 1
67316 q0 4540631 1
67316 q0 4540632 1
67316 q0 46280 0
67316 q0 4661069 1
67316 q0 4682921 1
67316 q0 4706476 0
67316 q0 4744135 1
67316 q0 4789318 2
67316 q0 4789319 1
67316 q0 4789322 2
67316 q0 479887 0
67316 q0 4863059 1
67316 q0 5029981 1
67316 q0 5029984 1
67316 q0 5029988 1
67316 q0 5035978 2
67316 q0 5068002 0
67316 q0 5071152 0
67316 q0 5165130 1
67316 q0 5181841 0
67316 q0 5194687 0
67316 q0 5198659 1
67316 q0 5255537 1
67316 q0 529225 1
67316 q0 529228 1
67316 q0 5432569 0
67316 q0 5432571 0
67316 q0 546521 1
67316 q0 5470840 1
67316 q0 5470841 0
67316 q0 5470845 1
67316 q0 5502613 0
67316 q0 5546039 0
67316 q0 5622317 0
67316 q0 5631030 0
67316 q0 5640235 1
67316 q0 5644606 1
67316 q0 5695904 1
67316 q0 5695950 0
67316 q0 5697652 0
67316 q0 5755052 1
67316 q0 5824138 1
67316 q0 5836324 1
67316 q0 5836325 0
67316 q0 5919654 0
67316 q0 5976604 1
67316 q0 6091258 2
67316 q0 6116679 1
67316 q0 6179106 1
67316 q0 6179107 1
67316 q0 6179111 1
67316 q0 6190970 1
67316 q0 6290072 1
67316 q0 6290074 0
67316 q0 6290078 1
67316 q0 6290080 0
67316 q0 6354033 0
67316 q0 6387611 3
67316 q0 6387612 2
67316 q0 6439840 1
67316 q0 6459308 0
67316 q0 6573920 0
67316 q0 6607539 1
67316 q0 6607540 1
67316 q0 6607541 1
67316 q0 6607543 1
67316 q0 6607546 1
67316 q0 6619286 0
67316 q0 6680964 3
67316 q0 6680965 1
67316 q0 6680966 1
67316 q0 6680967 1
67316 q0 6680968 1
67316 q0 6683215 0
67316 q0 6725832 1
67316 q0 6764668 1
67316 q0 6764671 0
67316 q0 6764674 1
67316 q0 6764675 1
67316 q0 6808297 1
67316 q0 6905735 1
67316 q0 6909151 1
67316 q0 6925995 1
67316 q0 6926001 1
67316 q0 6957398 2
67316 q0 699797 1
67316 q0 7019081 2
67316 q0 707665 0
67316 q0 708462 1
67316 q0 7087577 1
67316 q0 7111671 1
67316 q0 7112302 2
67316 q0 7114279 2
67316 q0 7183389 1
67316 q0 7348851 3
67316 q0 7355924 0
67316 q0 7382309 0
67316 q0 7389433 1
67316 q0 7418431 2
67316 q0 7418432 1
67316 q0 7418438 1
67316 q0 7447210 0
67316 q0 7523745 1
67316 q0 7630885 2
67316 q0 7659429 0
67316 q0 7666497 0
67316 q0 7684369 1
67316 q0 7688987 1
67316 q0 7701876 3
67316 q0 7803081 0
67316 q0 800359 1
67316 q0 8003840 1
67316 q0 8018785 0
67316 q0 8161992 2
67316 q0 8174901 0
67316 q0 8244168 0
67316 q0 8285434 0
67316 q0 8308297 2
67316 q0 8312258 3
67316 q0 8312262 0
67316 q0 8312265 2
67316 q0 8322645 1
67316 q0 8351314 0
67316 q0 8377581 2
67316 q0 8381113 1
67316 q0 8385984 1
67316 q0 8385989 0
67316 q0 8423873 1
67316 q0 8431632 1
67316 q0 8431637 2
67316 q0 8496425 1
67316 q0 8606514 1
67316 q0 8625475 0
67316 q0 8708982 0
67316 q0 8781744 0
67316 q0 8803025 1
67316 q0 958313 1
67316 q0 964173 1
67316 q0 973226 0
118440 q0 1016474 0
118440 q0 1016475 1
118440 q0 1018686 0
118440 q0 1034871 0
118440 q0 1072188 0
118440 q0 1072189 1
118440 q0 1072191 1
118440 q0 1087056 0
118440 q0 1087061 0
118440 q0 1093861 0
118440 q0 1093864 0
118440 q0 1137106 1
118440 q0 1138296 0
118440 q0 1145052 2
118440 q0 1160097 0
118440 q0 1173271 1
118440 q0 118365 0
118440 q0 118372 0
118440 q0 1200016 1
118440 q0 120234 0
118440 q0 1212204 1
118440 q0 1271162 1
118440 q0 1279934 1
118440 q0 1281433 0
118440 q0 1305126 1
118440 q0 1306758 0
118440 q0 1323063 1
118440 q0 1323064 2
118440 q0 1323065 2
118440 q0 1323066 1
118440 q0 1323067 3
118440 q0 1341172 0
118440 q0 1353287 0
118440 q0 1362777 0
118440 q0 1363109 2
118440 q0 1363111 1
118440 q0 1363115 1
118440 q0 1363116 2
118440 q0 1410004 2
118440 q0 1437305 0
118440 q0 144056 2
118440 q0 144057 2
118440 q0 144061 1
118440 q0 1443589 0
118440 q0 1445679 0
118440 q0 1445681 1
118440 q0 1445685 2
118440 q0 1465558 0
118440 q0 1466776 2
118440 q0 1466777 3
118440 q0 1466778 3
118440 q0 1466779 1
118440 q0 1466781 1
118440 q0 1466782 1
118440 q0 1491519 1
118440 q0 149314 1
118440 q0 1501272 0
118440 q0 154963 1
118440 q0 1569786 3
118440 q0 1569787 3
118440 q0 1595384 2
118440 q0 1617037 0
118440 q0 1670339 1
118440 q0 1675975 0
118440 q0 1680085 1
118440 q0 1695440 1
118440 q0 1697395 1
118440 q0 1711898 0
118440 q0 1721846 2
118440 q0 172294 0
118440 q0 1775211 1
118440 q0 1804730 2
118440 q0 1827531 0
118440 q0 1841633 0
118440 q0 1874577 1
118440 q0 1877853 2
118440 q0 1877854 2
118440 q0 1938787 1
118440 q0 1938791 1
118440 q0 1974382 0
118440 q0 2017912 1
118440 q0 2131740 2
118440 q0 224513 2
118440 q0 2286340 3
118440 q0 2408162 1
118440 q0 2408167 2
118440 q0 2504007 2
118440 q0 2601987 1
118440 q0 2605332 0
118440 q0 2605338 1
118440 q0 2605341 0
118440 q0 2607749 1
118440 q0 2607750 1
118440 q0 2607751 1
118440 q0 2607752 2
118440 q0 2607753 1
118440 q0 2607755 1
118440 q0 2607756 1
118440 q0 2607757 1
118440 q0 2607758 2
118440 q0 2614071 1
118440 q0 2699180 3
118440 q0 2699182 1
118440 q0 2699184 1
118440 q0 2699188 3
118440 q0 2733363 1
118440 q0 2790299 0
118440 q0 2833698 0
118440 q0 2843797 1
118440 q0 2843798 2
118440 q0 2843799 3
118440 q0 2859277 2
118440 q0 293542 1
118440 q0 293544 3
118440 q0 293547 1
118440 q0 2969571 1
118440 q0 2975214 0
118440 q0 2975216 0
118440 q0 3033116 1
118440 q0 3038505 3
118440 q0 3038506 3
118440 q0 3038507 2
118440 q0 3038509 2
118440 q0 3038511 1
118440 q0 3038512 1
118440 q0 3038513 1
118440 q0 3094878 1
118440 q0 310475 1
118440 q0 3156618 3
118440 q0 3156619 1
118440 q0 3156620 1
118440 q0 3156621 1
118440 q0 3156622 1
118440 q0 3156623 2
118440 q0 3156624 1
118440 q0 3156625 2
118440 q0 3156626 1
118440 q0 317033 1
118440 q0 3194550 1
118440 q0 3220938 1
118440 q0 3265126 0
118440 q0 3516513 2
118440 q0 3516515 1
118440 q0 3592261 1
118440 q0 3592262 1
118440 q0 3625272 1
118440 q0 3654562 0
118440 q0 3683466 2
118440 q0 3683467 2
118440 q0 3683468 2
118440 q0 3683469 2
118440 q0 3683470 1
118440 q0 3683471 1
118440 q0 3683472 1
118440 q0 3789153 1
118440 q0 384424 1
118440 q0 385602 0
118440 q0 3920975 0
118440 q0 3920976 0
118440 q0 4070255 1
118440 q0 4070256 1
118440 q0 4083748 0
118440 q0 4183264 0
118440 q0 420882 2
118440 q0 4270698 1
118440 q0 4315576 1
118440 q0 434276 1
118440 q0 4364920 1
118440 q0 4403465 1
118440 q0 4403471 1
118440 q0 4406104 0
118440 q0 4408771 1
118440 q0 4430975 1
118440 q0 4447373 1
118440 q0 4480168 2
118440 q0 4486898 1
118440 q0 4599704 1
118440 q0 4658246 0
118440 q0 4667455 2
118440 q0 4667460 1
118440 q0 4667462 1
118440 q0 4737856 2
118440 q0 473926 0
118440 q0 473930 1
118440 q0 4761721 0
118440 q0 47776 2
118440 q0 47781 3
118440 q0 477964 2
118440 q0 4787995 1
118440 q0 4880050 0
118440 q0 4909309 1
118440 q0 4909312 1
118440 q0 4909314 1
118440 q0 4909315 1
118440 q0 4909317 1
118440 q0 4928538 2
118440 q0 5051961 1
118440 q0 5129764 0
118440 q0 520512 1
118440 q0 5229209 0
118440 q0 5255509 2
118440 q0 5274664 1
118440 q0 5276975 1
118440 q0 5336689 1
118440 q0 5338805 1
118440 q0 535883 1
118440 q0 5365149 0
118440 q0 5365150 0
118440 q0 5475288 1
118440 q0 5475294 1
118440 q0 5577871 1
118440 q0 5577872 1
118440 q0 5577877 3
118440 q0 5577879 1
118440 q0 5630948 1
118440 q0 5630952 1
118440 q0 5723357 0
118440 q0 5740187 0
118440 q0 5821384 0
118440 q0 5833421 1
118440 q0 5833423 2
118440 q0 5833424 1
118440 q0 5845642 1
118440 q0 5971408 1
118440 q0 5971411 1
118440 q0 6004576 1
118440 q0 6033909 2
118440 q0 6033913 3
118440 q0 6035767 1
118440 q0 6081782 1
118440 q0 6100851 2
118440 q0 615926 2
118440 q0 6185397 1
118440 q0 6185398 1
118440 q0 6263715 1
118440 q0 6291749 1
118440 q0 6302074 1
118440 q0 6360238 1
118440 q0 6382751 3
118440 q0 6449505 0
118440 q0 6458427 1
118440 q0 6523592 0
118440 q0 6530471 1
118440 q0 6535690 1
118440 q0 6592769 0
118440 q0 6596669 1
118440 q0 6609238 1
118440 q0 6609240 1
118440 q0 6612445 0
118440 q0 66360 1
118440 q0 6648624 2
118440 q0 6648626 1
118440 q0 6648627 1
118440 q0 6687964 2
118440 q0 6687965 1
118440 q0 6687966 3
118440 q0 6687968 2
118440 q0 6687970 2
118440 q0 6744365 3
118440 q0 6744366 0
118440 q0 6750547 1
118440 q0 6750548 0
118440 q0 6750550 0
118440 q0 6750552 2
118440 q0 6750553 0
118440 q0 6750554 0
118440 q0 6765714 1
118440 q0 6765719 1
118440 q0 6769658 0
118440 q0 6802136 1
118440 q0 6802137 3
118440 q0 7029580 1
118440 q0 7035722 2
118440 q0 7058650 0
118440 q0 7070311 1
118440 q0 7080262 1
118440 q0 7092475 1
118440 q0 7092476 2
118440 q0 7106155 0
118440 q0 7151289 2
118440 q0 7163794 1
118440 q0 7263710 1
118440 q0 7273638 2
118440 q0 7303160 1
118440 q0 7305252 2
118440 q0 7305253 2
118440 q0 7305255 1
118440 q0 7305260 1
118440 q0 7311729 1
118440 q0 7318629 1
118440 q0 7318630 1
118440 q0 7329481 0
118440 q0 7339241 1
118440 q0 7339242 1
118440 q0 7419168 1
118440 q0 7439162 0
118440 q0 7447687 2
118440 q0 7447688 2
118440 q0 7447691 1
118440 q0 7447692 2
118440 q0 7554155 1
118440 q0 7572822 1
118440 q0 7663580 1
118440 q0 7703789 0
118440 q0 7720199 1
118440 q0 773304 1
118440 q0 775291 1
118440 q0 7768573 1
118440 q0 7848562 2
118440 q0 7883911 1
118440 q0 7926139 2
118440 q0 7962203 0
118440 q0 7977791 1
118440 q0 8041325 1
118440 q0 8071112 2
118440 q0 8106597 1
118440 q0 8109250 1
118440 q0 8123947 1
118440 q0 8128704 1
118440 q0 8128706 1
118440 q0 8128710 1
118440 q0 8128711 1
118440 q0 8197938 1
118440 q0 8334593 2
118440 q0 8339781 1
118440 q0 8367839 1
118440 q0 8367842 2
118440 q0 8367843 1
118440 q0 8379150 1
118440 q0 8412702 2
118440 q0 8472524 2
118440 q0 8527718 3
118440 q0 8527723 1
118440 q0 8586372 1
118440 q0 860530 1
118440 q0 8624752 2
118440 q0 8629810 2
118440 q0 8629813 2
118440 q0 8655970 2
118440 q0 8724459 0
118440 q0 8785852 1
118440 q0 98383 1
118440 q0 985264 1
118440 q0 985267 1
121171 q0 1007876 0
121171 q0 1048214 0
121171 q0 1072890 0
121171 q0 107552 0
121171 q0 1075868 0
121171 q0 1087061 0
121171 q0 1087310 1
121171 q0 1087311 1
121171 q0 1100675 0
121171 q0 1102916 0
121171 q0 1105284 0
121171 q0 1114530 0
121171 q0 1129307 1
121171 q0 113254 0
121171 q0 1138296 0
121171 q0 1139967 0
121171 q0 1160097 0
121171 q0 1175612 1
121171 q0 1178694 0
121171 q0 1181917 0
121171 q0 118372 0
121171 q0 120234 0
121171 q0 1207573 0
121171 q0 1210742 0
121171 q0 1219224 1
121171 q0 1219231 1
121171 q0 1236382 0
121171 q0 1249459 0
121171 q0 1260874 0
121171 q0 1261654 1
121171 q0 1272983 0
121171 q0 1278921 1
121171 q0 1278926 2
121171 q0 1278927 1
121171 q0 1278929 2
121171 q0 1278930 1
121171 q0 128949 0
121171 q0 1290163 1
121171 q0 1331148 0
121171 q0 1408246 0
121171 q0 1408247 0
121171 q0 1421180 0
121171 q0 1448528 1
121171 q0 1460907 1
121171 q0 1521190 1
121171 q0 1543703 0
121171 q0 1568658 1
121171 q0 1629037 1
121171 q0 1648244 1
121171 q0 1651653 1
121171 q0 165363 0
121171 q0 1659234 0
121171 q0 1683909 0
121171 q0 1710883 1
121171 q0 1710884 1
121171 q0 1898444 1
121171 q0 1912872 1
121171 q0 1955507 1
121171 q0 1957753 1
121171 q0 1971149 0
121171 q0 1974443 0
121171 q0 1984483 0
121171 q0 1984785 1
121171 q0 2132090 1
121171 q0 2132420 1
121171 q0 2156101 1
121171 q0 2184701 0
121171 q0 2214980 1
121171 q0 2226645 1
121171 q0 2226651 1
121171 q0 2282917 1
121171 q0 2282923 1
121171 q0 2297406 1
121171 q0 2297409 1
121171 q0 2320297 0
121171 q0 2320300 0
121171 q0 2337570 1
121171 q0 2343233 1
121171 q0 2367589 0
121171 q0 2370501 1
121171 q0 2371741 1
121171 q0 2442812 1
121171 q0 2467756 1
121171 q0 2472387 0
121171 q0 2474195 1
121171 q0 2479538 1
121171 q0 2550805 1
121171 q0 2550806 3
121171 q0 2550807 2
121171 q0 2550809 1
121171 q0 2550810 2
121171 q0 2550811 2
121171 q0 2550812 2
121171 q0 2550813 1
121171 q0 2550814 1
121171 q0 2579338 1
121171 q0 2579341 1
121171 q0 259430 3
121171 q0 259431 3
121171 q0 259432 1
121171 q0 259433 1
121171 q0 259434 2
121171 q0 259435 1
121171 q0 259436 3
121171 q0 259437 1
121171 q0 2626097 1
121171 q0 2626098 1
121171 q0 2626099 1
121171 q0 2626100 1
121171 q0 2626101 3
121171 q0 2626106 1
121171 q0 2631821 1
121171 q0 2631822 1
121171 q0 2631823 1
121171 q0 2631824 1
121171 q0 2631825 1
121171 q0 2631826 1
121171 q0 2631827 1
121171 q0 2640471 1
121171 q0 2640473 1
121171 q0 2643863 1
121171 q0 2643868 1
121171 q0 2735729 1
121171 q0 2735732 1
121171 q0 2780358 1
121171 q0 2780359 0
121171 q0 2780360 1
121171 q0 2780362 1
121171 q0 278324 0
121171 q0 2836028 1
121171 q0 2839813 1
121171 q0 2878648 1
121171 q0 2896410 1
121171 q0 2896413 2
121171 q0 2949253 1
121171 q0 2954055 0
121171 q0 3029510 1
121171 q0 3077043 1
121171 q0 3092263 1
121171 q0 3092271 1
121171 q0 3117365 0
121171 q0 3121401 1
121171 q0 3157976 1
121171 q0 3186752 1
121171 q0 3196379 2
121171 q0 3208849 0
121171 q0 3219396 1
121171 q0 323246 1
121171 q0 323247 1
121171 q0 323249 1
121171 q0 323252 1
121171 q0 3240547 2
121171 q0 3256060 1
121171 q0 330731 1
121171 q0 3315743 1
121171 q0 3396686 0
121171 q0 343805 0
121171 q0 3464741 0
121171 q0 3573421 0
121171 q0 3588694 1
121171 q0 3644060 1
121171 q0 3680797 0
121171 q0 3722182 1
121171 q0 3812018 1
121171 q0 3812019 2
121171 q0 3812020 1
121171 q0 3812021 1
121171 q0 3812022 2
121171 q0 3818498 1
121171 q0 3906148 1
121171 q0 3954466 1
121171 q0 3954469 1
121171 q0 3978277 1
121171 q0 4013976 1
121171 q0 4131096 1
121171 q0 4194866 0
121171 q0 4355386 1
121171 q0 4494818 1
121171 q0 449487 1
121171 q0 451169 1
121171 q0 451170 1
121171 q0 451171 1
121171 q0 451172 1
121171 q0 451173 1
121171 q0 451174 1
121171 q0 451175 3
121171 q0 451176 1
121171 q0 451177 1
121171 q0 451178 2
121171 q0 4547194 1
121171 q0 4599666 1
121171 q0 4609616 1
121171 q0 4700542 0
121171 q0 4700545 0
121171 q0 4785931 0
121171 q0 4788891 0
121171 q0 4814387 0
121171 q0 4878253 2
121171 q0 4896376 1
121171 q0 4913402 1
121171 q0 4926075 1
121171 q0 4975662 1
121171 q0 4982923 0
121171 q0 4983778 0
121171 q0 5065594 1
121171 q0 5065595 1
121171 q0 5089136 0
121171 q0 5098604 1
121171 q0 5105078 1
121171 q0 5133494 0
121171 q0 5176519 1
121171 q0 517906 1
121171 q0 5185591 1
121171 q0 5188444 1
121171 q0 5237901 1
121171 q0 5237902 1
121171 q0 5237903 1
121171 q0 5237905 1
121171 q0 5237906 1
121171 q0 5237907 1
121171 q0 5237908 1
121171 q0 5237909 1
121171 q0 5289635 1
121171 q0 5292207 1
121171 q0 5316217 1
121171 q0 5327045 1
121171 q0 5415832 0
121171 q0 5415835 0
121171 q0 5432077 1
121171 q0 5537460 1
121171 q0 5611240 1
121171 q0 5671306 1
121171 q0 5679596 0
121171 q0 5713959 1
121171 q0 5713962 2
121171 q0 5713965 1
121171 q0 575134 1
121171 q0 5809826 2
121171 q0 5809827 1
121171 q0 5809828 1
121171 q0 5809829 1
121171 q0 5809830 1
121171 q0 5809831 2
121171 q0 5809832 1
121171 q0 5809833 1
121171 q0 5809834 1
121171 q0 5881042 1
121171 q0 5881046 1
121171 q0 5930982 1
121171 q0 5930985 1
121171 q0 5930986 1
121171 q0 5930987 1
121171 q0 5930988 1
121171 q0 6010402 0
121171 q0 6042757 1
121171 q0 6042759 1
121171 q0 6096109 1
121171 q0 6096116 0
121171 q0 6219641 1
121171 q0 6223547 1
121171 q0 6277476 1
121171 q0 6289799 1
121171 q0 6289802 0
121171 q0 6289804 0
121171 q0 6415203 0
121171 q0 6459626 1
121171 q0 6461186 1
121171 q0 6462279 0
121171 q0 6480272 1
121171 q0 6510450 0
121171 q0 6580474 1
121171 q0 6580475 1
121171 q0 6580476 2
121171 q0 6580477 1
121171 q0 6580478 1
121171 q0 6580479 1
121171 q0 6580480 1
121171 q0 6580481 1
121171 q0 6580482 1
121171 q0 6724271 1
121171 q0 6754763 1
121171 q0 6807287 2
121171 q0 6809413 1
121171 q0 6858625 0
121171 q0 6858629 0
121171 q0 6930941 1
121171 q0 6940933 1
121171 q0 6954542 0
121171 q0 6954543 0
121171 q0 6954544 0
121171 q0 6954546 0
121171 q0 6968369 0
121171 q0 7009515 1
121171 q0 7151456 1
121171 q0 7165120 1
121171 q0 7165126 0
121171 q0 718760 0
121171 q0 7224846 1
121171 q0 7242773 1
121171 q0 7274060 0
121171 q0 732444 0
121171 q0 7329085 1
121171 q0 7406721 1
121171 q0 7409541 0
121171 q0 7677027 1
121171 q0 7678154 1
121171 q0 7758336 0
121171 q0 7767165 1
121171 q0 7803895 1
121171 q0 7988025 1
121171 q0 8019081 0
121171 q0 8056821 1
121171 q0 8164251 2
121171 q0 8185529 1
121171 q0 8201175 1
121171 q0 8201437 1
121171 q0 8220134 1
121171 q0 8260188 1
121171 q0 8260190 1
121171 q0 8260191 2
121171 q0 8260192 3
121171 q0 8260193 1
121171 q0 8260194 1
121171 q0 8260195 2
121171 q0 8260196 1
121171 q0 8301993 1
121171 q0 8531640 1
121171 q0 8585703 0
121171 q0 8643271 1
121171 q0 8643272 1
121171 q0 8643274 1
121171 q0 8643275 1
121171 q0 8643277 1
121171 q0 8643278 1
121171 q0 8675205 1
121171 q0 8726232 1
121171 q0 8731050 1
121171 q0 8735296 1
121171 q0 8785176 1
121171 q0 8825818 1
121171 q0 993579 1
135802 q0 1002518 0
135802 q0 1014972 0
135802 q0 1016617 0
135802 q0 1031737 0
135802 q0 1034818 0
135802 q0 1042969 0
135802 q0 1044337 0
135802 q0 1052409 0
135802 q0 1056584 0
135802 q0 1066469 0
135802 q0 1067564 0
135802 q0 1077053 0
135802 q0 1082170 0
135802 q0 1085534 1
135802 q0 1087304 0
135802 q0 1093864 0
135802 q0 1097228 0
135802 q0 1101829 0
135802 q0 1103938 3
135802 q0 111989 0
135802 q0 1126867 0
135802 q0 1151323 0
135802 q0 1160091 0
135802 q0 1160092 0
135802 q0 1162996 0
135802 q0 1164779 1
135802 q0 1209415 0
135802 q0 1212528 1
135802 q0 1218821 0
135802 q0 1256034 1
135802 q0 1318312 0
135802 q0 1324493 0
135802 q0 1421573 0
135802 q0 1442001 0
135802 q0 1446987 1
135802 q0 1459235 0
135802 q0 1515439 0
135802 q0 1522273 0
135802 q0 1550593 0
135802 q0 1575616 0
135802 q0 1634794 0
135802 q0 1668461 0
135802 q0 1685619 0
135802 q0 1740473 0
135802 q0 1740477 1
135802 q0 1842974 0
135802 q0 1842979 0
135802 q0 1842981 0
135802 q0 1895183 1
135802 q0 1968909 2
135802 q0 1968913 1
135802 q0 2073288 1
135802 q0 210073 0
135802 q0 2125696 0
135802 q0 2151337 0
135802 q0 2189915 0
135802 q0 2198707 1
135802 q0 2201181 1
135802 q0 2233105 2
135802 q0 2319975 1
135802 q0 2323184 0
135802 q0 2344998 1
135802 q0 23872 1
135802 q0 2571830 1
135802 q0 2662718 2
135802 q0 2709625 1
135802 q0 2720863 1
135802 q0 2739063 2
135802 q0 2739069 1
135802 q0 2739070 0
135802 q0 2763554 0
135802 q0 2804118 1
135802 q0 2873065 0
135802 q0 3005201 1
135802 q0 3017530 0
135802 q0 3092544 0
135802 q0 3160285 2
135802 q0 316790 0
135802 q0 3325336 0
135802 q0 3325337 0
135802 q0 3371884 0
135802 q0 342362 1
135802 q0 3494470 1
135802 q0 3521022 0
135802 q0 366626 1
135802 q0 366627 1
135802 q0 3673729 0
135802 q0 3775661 1
135802 q0 3883162 2
135802 q0 4007442 1
135802 q0 4007446 3
135802 q0 4007447 1
135802 q0 4040703 0
135802 q0 4161359 0
135802 q0 4207077 1
135802 q0 4237722 0
135802 q0 4334780 0
135802 q0 4347259 1
135802 q0 438263 2
135802 q0 4411252 1
135802 q0 4414751 0
135802 q0 4459947 0
135802 q0 4478768 1
135802 q0 4533388 0
135802 q0 4545148 0
135802 q0 4865866 1
135802 q0 4919670 3
135802 q0 4919674 2
135802 q0 4952529 0
135802 q0 5001906 0
135802 q0 516088 0
135802 q0 520345 0
135802 q0 5355557 1
135802 q0 5394718 1
135802 q0 5394719 1
135802 q0 560808 1
135802 q0 5645768 2
135802 q0 5681137 0
135802 q0 5681150 0
135802 q0 570084 0
135802 q0 578121 0
135802 q0 5782629 1
135802 q0 6037331 1
135802 q0 6037338 1
135802 q0 610872 1
135802 q0 6172706 0
135802 q0 617275 1
135802 q0 6235093 0
135802 q0 6280485 0
135802 q0 6280486 0
135802 q0 6306044 0
135802 q0 6535015 2
135802 q0 6569971 0
135802 q0 667744 1
135802 q0 6688627 0
135802 q0 6865002 0
135802 q0 6934454 0
135802 q0 6946136 1
135802 q0 6994263 0
135802 q0 7003682 3
135802 q0 7003688 1
135802 q0 7016639 0
135802 q0 7020899 2
135802 q0 7023708 1
135802 q0 7028913 1
135802 q0 7075501 1
135802 q0 7144829 0
135802 q0 7159801 0
135802 q0 7182214 0
135802 q0 7291745 0
135802 q0 729408 0
135802 q0 7311932 0
135802 q0 7327478 1
135802 q0 734371 1
135802 q0 7372150 0
135802 q0 7381324 0
135802 q0 7381325 0
135802 q0 7561103 1
135802 q0 7561104 1
135802 q0 7561106 1
135802 q0 7561108 1
135802 q0 7582662 0
135802 q0 7597261 0
135802 q0 7597262 0
135802 q0 7619267 0
135802 q0 7686291 1
135802 q0 7779348 0
135802 q0 7999930 0
135802 q0 800556 0
135802 q0 802446 3
135802 q0 8053256 0
135802 q0 8063015 0
135802 q0 8072379 0
135802 q0 8073711 0
135802 q0 8073713 1
135802 q0 8081406 1
135802 q0 8105236 1
135802 q0 8107783 0
135802 q0 8120579 2
135802 q0 8168805 0
135802 q0 8189376 0
135802 q0 8205037 1
135802 q0 8207185 2
135802 q0 8207928 0
135802 q0 8264839 1
135802 q0 8264842 1
135802 q0 8264847 2
135802 q0 8335428 1
135802 q0 8400085 1
135802 q0 8400088 1
135802 q0 8444083 0
135802 q0 8482747 0
135802 q0 849987 0
135802 q0 8520442 0
135802 q0 8556255 0
135802 q0 8601952 0
135802 q0 8630167 1
135802 q0 8692619 3
135802 q0 8692620 1
135802 q0 8692621 2
135802 q0 8692622 2
135802 q0 8692623 3
135802 q0 8692624 3
135802 q0 8692625 1
135802 q0 8692626 3
135802 q0 8692627 1
135802 q0 8692628 3
135802 q0 8731214 1
135802 q0 8736160 0
135802 q0 8773044 2
135802 q0 900442 0
135802 q0 958325 0
141630 q0 1023019 3
141630 q0 1033241 2
141630 q0 104240 0
141630 q0 104789 2
141630 q0 1063617 2
141630 q0 1082691 1
141630 q0 1157244 3
141630 q0 1157245 3
141630 q0 1157247 3
141630 q0 1157248 3
141630 q0 1157249 3
141630 q0 1157251 3
141630 q0 1225952 1
141630 q0 1306386 1
141630 q0 1314684 2
141630 q0 1314689 3
141630 q0 1333839 2
141630 q0 1393695 0
141630 q0 153861 2
141630 q0 1611308 2
141630 q0 1611313 3
141630 q0 1705197 1
141630 q0 1705204 1
141630 q0 1784162 1
141630 q0 1827753 2
141630 q0 1835658 2
141630 q0 1845098 2
141630 q0 1868944 1
141630 q0 1889340 3
141630 q0 1980892 2
141630 q0 2049694 2
141630 q0 2133188 2
141630 q0 2168202 1
141630 q0 2173072 3
141630 q0 2219091 2
141630 q0 2265942 3
141630 q0 2278493 2
141630 q0 2362952 1
141630 q0 2366115 3
141630 q0 2366117 2
141630 q0 2366119 3
141630 q0 2366121 3
141630 q0 2418363 2
141630 q0 2473236 2
141630 q0 2510073 2
141630 q0 2658026 2
141630 q0 2658031 3
141630 q0 2668726 2
141630 q0 2686304 2
141630 q0 2804269 1
141630 q0 2851002 3
141630 q0 2918266 1
141630 q0 2990982 1
141630 q0 3016126 2
141630 q0 3067580 1
141630 q0 3139270 3
141630 q0 320239 1
141630 q0 3212500 1
141630 q0 3303693 3
141630 q0 3304067 3
141630 q0 3315192 2
141630 q0 340875 3
141630 q0 3431764 2
141630 q0 3455317 2
141630 q0 3461358 2
141630 q0 3500851 3
141630 q0 3500852 2
141630 q0 3500854 3
141630 q0 3500855 3
141630 q0 3500857 3
141630 q0 3500858 3
141630 q0 3500860 2
141630 q0 3548238 0
141630 q0 3548239 0
141630 q0 3604692 1
141630 q0 3672659 2
141630 q0 3750899 1
141630 q0 3752117 1
141630 q0 3780901 3
141630 q0 3780909 2
141630 q0 3783309 2
141630 q0 3811990 2
141630 q0 3865677 1
141630 q0 3944070 2
141630 q0 3981221 1
141630 q0 4000566 2
141630 q0 4044667 1
141630 q0 4056584 1
141630 q0 4098919 3
141630 q0 4098924 3
141630 q0 4101948 2
141630 q0 4101950 2
141630 q0 4101951 3
141630 q0 4101952 3
141630 q0 4101953 3
141630 q0 41360 2
141630 q0 41364 2
141630 q0 430422 2
141630 q0 4367517 2
141630 q0 4417328 1
141630 q0 4422338 3
141630 q0 4422339 3
141630 q0 4422340 1
141630 q0 4422342 3
141630 q0 4422343 2
141630 q0 4422344 1
141630 q0 4457201 2
141630 q0 4580952 1
141630 q0 4591821 1
141630 q0 4718251 2
141630 q0 4757803 2
141630 q0 478867 3
141630 q0 4937168 1
141630 q0 499772 1
141630 q0 5098399 3
141630 q0 5126207 3
141630 q0 516277 2
141630 q0 5190712 2
141630 q0 5198071 2
141630 q0 5271686 3
141630 q0 5271691 3
141630 q0 5316337 3
141630 q0 5316338 1
141630 q0 5335838 0
141630 q0 5337305 3
141630 q0 5364178 0
141630 q0 5436450 1
141630 q0 554702 1
141630 q0 5607938 2
141630 q0 5610697 2
141630 q0 5824330 1
141630 q0 5911771 1
141630 q0 5921140 3
141630 q0 6007469 2
141630 q0 6064894 2
141630 q0 6064897 3
141630 q0 6225719 1
141630 q0 6290795 3
141630 q0 6319711 2
141630 q0 6319712 3
141630 q0 6319713 3
141630 q0 6486090 3
141630 q0 6496225 3
141630 q0 6496229 3
141630 q0 6530476 3
141630 q0 6530480 1
141630 q0 6580043 3
141630 q0 6638748 1
141630 q0 6638749 3
141630 q0 6638751 0
141630 q0 6684857 2
141630 q0 6684861 3
141630 q0 6865899 3
141630 q0 6921593 1
141630 q0 7004631 2
141630 q0 704609 1
141630 q0 7107466 3
141630 q0 7228530 1
141630 q0 7228533 2
141630 q0 7261857 2
141630 q0 7442404 1
141630 q0 7464612 0
141630 q0 7464615 0
141630 q0 7464616 0
141630 q0 7705603 3
141630 q0 7743595 1
141630 q0 7743596 1
141630 q0 7832384 3
141630 q0 7914501 2
141630 q0 795659 2
141630 q0 7985117 3
141630 q0 7985118 2
141630 q0 7985119 2
141630 q0 8065287 2
141630 q0 806878 3
141630 q0 8143133 3
141630 q0 8167527 2
141630 q0 8180326 1
141630 q0 8217013 3
141630 q0 8225216 2
141630 q0 8225220 1
141630 q0 8225222 3
141630 q0 8319987 3
141630 q0 8319989 3
141630 q0 8319990 3
141630 q0 8319991 2
141630 q0 8319992 2
141630 q0 8319993 3
141630 q0 8388805 1
141630 q0 8389912 2
141630 q0 8514648 1
141630 q0 8549945 2
141630 q0 8685361 3
141630 q0 8741249 2
141630 q0 885780 3
141630 q0 885781 3
141630 q0 885782 3
141630 q0 885784 2
141630 q0 885785 3
141630 q0 885788 3
156498 q0 1011581 0
156498 q0 104798 1
156498 q0 104800 1
156498 q0 104801 3
156498 q0 104802 0
156498 q0 104803 3
156498 q0 1066785 3
156498 q0 1107419 0
156498 q0 1118223 1
156498 q0 1176897 0
156498 q0 1245721 1
156498 q0 1347288 0
156498 q0 1354420 0
156498 q0 1382169 0
156498 q0 1382171 0
156498 q0 1406647 0
156498 q0 1422136 1
156498 q0 1430195 0
156498 q0 1434098 1
156498 q0 1434101 1
156498 q0 1434102 0
156498 q0 1434103 0
156498 q0 1439275 1
156498 q0 1439277 1
156498 q0 1517369 1
156498 q0 157262 1
156498 q0 1575716 1
156498 q0 1575717 0
156498 q0 1575718 1
156498 q0 1663164 3
156498 q0 1663169 1
156498 q0 1746794 0
156498 q0 182690 1
156498 q0 1998237 0
156498 q0 2064131 1
156498 q0 2066491 0
156498 q0 2079878 1
156498 q0 2103457 0
156498 q0 2126090 0
156498 q0 2126091 0
156498 q0 2126095 0
156498 q0 2149496 0
156498 q0 2167317 0
156498 q0 2206872 0
156498 q0 2349411 0
156498 q0 2349414 0
156498 q0 2427097 1
156498 q0 2455307 1
156498 q0 2537585 0
156498 q0 2948570 0
156498 q0 3077364 0
156498 q0 3114158 0
156498 q0 3287578 1
156498 q0 3287997 1
156498 q0 3288004 1
156498 q0 3288005 2
156498 q0 3301559 3
156498 q0 3301562 3
156498 q0 3301563 3
156498 q0 3397575 0
156498 q0 3397578 0
156498 q0 3397580 0
156498 q0 3397582 0
156498 q0 3432455 0
156498 q0 3610213 0
156498 q0 3610545 0
156498 q0 3669922 0
156498 q0 3669926 2
156498 q0 3669928 1
156498 q0 3669929 0
156498 q0 3852372 0
156498 q0 3852379 1
156498 q0 385998 0
156498 q0 396650 0
156498 q0 3987610 0
156498 q0 4026114 1
156498 q0 4041242 0
156498 q0 4142077 0
156498 q0 4161109 0
156498 q0 4273410 1
156498 q0 4273412 1
156498 q0 4273418 1
156498 q0 4273419 2
156498 q0 4315851 0
156498 q0 4325225 1
156498 q0 4468112 1
156498 q0 4532151 0
156498 q0 4609827 0
156498 q0 4840073 0
156498 q0 4903779 0
156498 q0 4916160 3
156498 q0 494576 1
156498 q0 4960216 2
156498 q0 5043014 1
156498 q0 5043020 1
156498 q0 5134948 0
156498 q0 5138951 1
156498 q0 5230804 0
156498 q0 5230806 1
156498 q0 5230808 0
156498 q0 5230812 1
156498 q0 5372427 0
156498 q0 5514885 1
156498 q0 5558427 1
156498 q0 5589816 0
156498 q0 5606983 0
156498 q0 5606985 1
156498 q0 5627840 0
156498 q0 5662698 0
156498 q0 5762525 0
156498 q0 5795830 0
156498 q0 5800251 0
156498 q0 5816200 1
156498 q0 5822726 0
156498 q0 584835 0
156498 q0 584841 1
156498 q0 5902752 0
156498 q0 5953901 0
156498 q0 602502 0
156498 q0 609771 0
156498 q0 6351768 1
156498 q0 6351769 0
156498 q0 6351772 0
156498 q0 6351773 1
156498 q0 6368541 0
156498 q0 6450014 0
156498 q0 6450016 0
156498 q0 645636 0
156498 q0 645642 1
156498 q0 6460157 1
156498 q0 6481019 0
156498 q0 6602768 0
156498 q0 6602770 0
156498 q0 6648982 0
156498 q0 6648986 0
156498 q0 6792610 1
156498 q0 684414 0
156498 q0 6859154 0
156498 q0 6871676 1
156498 q0 687748 1
156498 q0 6891227 1
156498 q0 7005485 0
156498 q0 7020633 0
156498 q0 7051181 0
156498 q0 7075146 1
156498 q0 7249462 1
156498 q0 7249469 0
156498 q0 7300615 0
156498 q0 7456845 1
156498 q0 7456851 1
156498 q0 7524674 0
156498 q0 752504 1
156498 q0 769467 1
156498 q0 7707055 1
156498 q0 7707056 0
156498 q0 7707057 0
156498 q0 7781695 0
156498 q0 7807690 1
156498 q0 7835392 0
156498 q0 7881356 0
156498 q0 8146073 0
156498 q0 8146075 1
156498 q0 8149382 0
156498 q0 8238887 0
156498 q0 8275114 0
156498 q0 8293902 0
156498 q0 8414922 1
156498 q0 841988 0
156498 q0 8500238 0
156498 q0 8500240 0
156498 q0 8606129 0
156498 q0 8615228 1
156498 q0 8615231 0
156498 q0 8648966 1
156498 q0 8648969 3
156498 q0 8648975 1
156498 q0 8681447 0
156498 q0 8704060 1
156498 q0 8704062 0
156498 q0 8765271 0
156498 q0 8823842 0
169208 q0 1071668 0
169208 q0 1095532 0
169208 q0 1144225 0
169208 q0 131999 1
169208 q0 1332832 0
169208 q0 1389264 1
169208 q0 1395413 3
169208 q0 1395416 1
169208 q0 1395417 2
169208 q0 1395418 1
169208 q0 140784 0
169208 q0 1521773 0
169208 q0 1529557 0
169208 q0 16592 0
169208 q0 1673725 0
169208 q0 1729021 0
169208 q0 1865262 0
169208 q0 196026 0
169208 q0 1970571 1
169208 q0 2033288 1
169208 q0 2061466 0
169208 q0 2162982 0
169208 q0 2178936 1
169208 q0 2256972 0
169208 q0 2310044 0
169208 q0 2394724 0
169208 q0 2594160 1
169208 q0 2594161 1
169208 q0 2594164 2
169208 q0 2600014 1
169208 q0 2653831 0
169208 q0 2888363 1
169208 q0 2888366 1
169208 q0 2888367 3
169208 q0 2888368 1
169208 q0 2909310 1
169208 q0 2996166 0
169208 q0 3059075 0
169208 q0 3086902 0
169208 q0 3097470 0
169208 q0 3100052 0
169208 q0 3244414 0
169208 q0 3286886 0
169208 q0 3301369 0
169208 q0 3316437 0
169208 q0 3321126 1
169208 q0 3448262 0
169208 q0 3448265 0
169208 q0 3545242 0
169208 q0 3547829 0
169208 q0 3555910 1
169208 q0 364772 0
169208 q0 3715860 1
169208 q0 3796924 0
169208 q0 3807175 2
169208 q0 3836469 0
169208 q0 3910390 0
169208 q0 3930477 0
169208 q0 3940838 1
169208 q0 3965344 0
169208 q0 3967750 0
169208 q0 3977203 0
169208 q0 4202275 3
169208 q0 4202278 2
169208 q0 426966 1
169208 q0 4326438 0
169208 q0 4377502 0
169208 q0 4455658 0
169208 q0 4474361 0
169208 q0 4511810 0
169208 q0 4563615 0
169208 q0 4580131 3
169208 q0 4580132 1
169208 q0 4580133 3
169208 q0 4580137 0
169208 q0 4580139 3
169208 q0 4622237 0
169208 q0 4694322 0
169208 q0 4694326 0
169208 q0 4762134 1
169208 q0 4762135 1
169208 q0 4762137 1
169208 q0 4762140 3
169208 q0 4762141 2
169208 q0 4762142 1
169208 q0 4771736 0
169208 q0 4852630 0
169208 q0 485547 0
169208 q0 4859431 0
169208 q0 4859432 1
169208 q0 4859433 2
169208 q0 4859434 1
169208 q0 4859436 0
169208 q0 4859437 3
169208 q0 4859438 2
169208 q0 5006401 0
169208 q0 5157534 1
169208 q0 517230 0
169208 q0 517231 1
169208 q0 517235 1
169208 q0 517237 1
169208 q0 5271814 1
169208 q0 5276979 0
169208 q0 539764 1
169208 q0 5402019 0
169208 q0 5480718 1
169208 q0 5523561 0
169208 q0 5620195 0
169208 q0 5808032 0
169208 q0 5818050 0
169208 q0 5880665 0
169208 q0 5893619 0
169208 q0 6005446 0
169208 q0 6113210 0
169208 q0 6141028 0
169208 q0 6141031 0
169208 q0 6141033 0
169208 q0 6267651 0
169208 q0 6413011 1
169208 q0 6453777 1
169208 q0 6565102 1
169208 q0 6628987 1
169208 q0 6664587 3
169208 q0 6778946 0
169208 q0 6808744 2
169208 q0 6808748 1
169208 q0 6889425 0
169208 q0 7081669 1
169208 q0 7085553 0
169208 q0 7104203 0
169208 q0 712310 3
169208 q0 7139783 0
169208 q0 7169064 0
169208 q0 7169066 0
169208 q0 720426 0
169208 q0 721607 1
169208 q0 721610 1
169208 q0 721611 0
169208 q0 7234257 1
169208 q0 7236905 0
169208 q0 7251632 2
169208 q0 7251639 2
169208 q0 7352755 0
169208 q0 7382669 0
169208 q0 7484151 0
169208 q0 7510710 0
169208 q0 7534823 0
169208 q0 7566421 0
169208 q0 7575165 2
169208 q0 7596363 1
169208 q0 76301 0
169208 q0 7728034 1
169208 q0 7749069 0
169208 q0 7791109 1
169208 q0 7796655 2
169208 q0 7887341 0
169208 q0 8303019 1
169208 q0 8510178 0
169208 q0 8518731 1
169208 q0 8538408 0
169208 q0 85987 1
169208 q0 85989 3
169208 q0 85993 1
169208 q0 8652121 0
169208 q0 934076 0
169208 q0 934081 0
174463 q0 1013072 1
174463 q0 1013078 1
174463 q0 1024759 0
174463 q0 1024760 1
174463 q0 1024761 1
174463 q0 1024762 1
174463 q0 1024764 1
174463 q0 1024765 0
174463 q0 1024766 1
174463 q0 1024767 2
174463 q0 102528 1
174463 q0 1035028 0
174463 q0 1177464 0
174463 q0 1185676 0
174463 q0 1295676 0
174463 q0 1409812 0
174463 q0 1432589 1
174463 q0 1432591 1
174463 q0 1432592 0
174463 q0 1432593 0
174463 q0 1432594 1
174463 q0 1432595 1
174463 q0 1432596 1
174463 q0 1479952 1
174463 q0 1567953 1
174463 q0 1567955 1
174463 q0 1567956 1
174463 q0 1567957 1
174463 q0 1567958 0
174463 q0 1567959 2
174463 q0 1567960 1
174463 q0 1567961 1
174463 q0 1634041 0
174463 q0 1634777 0
174463 q0 175720 0
174463 q0 1762600 0
174463 q0 1788353 2
174463 q0 1788354 1
174463 q0 1788355 1
174463 q0 1788356 0
174463 q0 1788357 1
174463 q0 1788358 1
174463 q0 1788359 1
174463 q0 1788360 0
174463 q0 1788361 1
174463 q0 1788362 1
174463 q0 1835369 1
174463 q0 1835370 1
174463 q0 1835371 1
174463 q0 1835373 1
174463 q0 1835375 1
174463 q0 1835377 0
174463 q0 1854163 1
174463 q0 1854164 1
174463 q0 1854165 0
174463 q0 1854166 1
174463 q0 1854167 1
174463 q0 1854169 1
174463 q0 1854170 1
174463 q0 1970971 0
174463 q0 1973697 1
174463 q0 1973702 0
174463 q0 2037110 0
174463 q0 2157104 0
174463 q0 2157109 0
174463 q0 2157112 2
174463 q0 2216449 0
174463 q0 2295540 0
174463 q0 2348940 1
174463 q0 2348947 0
174463 q0 2382185 1
174463 q0 2455330 0
174463 q0 2468305 0
174463 q0 2473176 0
174463 q0 2486686 0
174463 q0 2531269 0
174463 q0 2531273 0
174463 q0 2533622 1
174463 q0 2533623 1
174463 q0 2533624 1
174463 q0 2533626 1
174463 q0 2606974 0
174463 q0 2721880 0
174463 q0 27550 0
174463 q0 282749 0
174463 q0 2858304 0
174463 q0 2924413 1
174463 q0 2954658 0
174463 q0 2954914 0
174463 q0 299161 1
174463 q0 3026306 0
174463 q0 3078582 0
174463 q0 3213498 1
174463 q0 3235293 0
174463 q0 3265811 0
174463 q0 3333063 0
174463 q0 3387606 0
174463 q0 3433776 0
174463 q0 3449866 0
174463 q0 3455194 0
174463 q0 3470175 0
174463 q0 3501225 0
174463 q0 3503349 0
174463 q0 3520614 1
174463 q0 3520788 0
174463 q0 3611458 0
174463 q0 3701689 0
174463 q0 3716939 0
174463 q0 3716941 0
174463 q0 3721347 0
174463 q0 3761173 1
174463 q0 3817112 0
174463 q0 3829742 1
174463 q0 3925781 0
174463 q0 3926737 0
174463 q0 4041227 0
174463 q0 4104492 0
174463 q0 4134318 0
174463 q0 4134319 0
174463 q0 4134324 1
174463 q0 4169415 0
174463 q0 4169416 0
174463 q0 4169418 0
174463 q0 4169419 0
174463 q0 4169420 0
174463 q0 4275746 0
174463 q0 4275752 1
174463 q0 4292323 0
174463 q0 4297182 0
174463 q0 4321177 1
174463 q0 4452290 1
174463 q0 4452292 1
174463 q0 4452293 1
174463 q0 4452294 1
174463 q0 4452295 1
174463 q0 4452296 1
174463 q0 4501665 0
174463 q0 4691491 1
174463 q0 4694368 0
174463 q0 470707 1
174463 q0 470708 1
174463 q0 470709 1
174463 q0 470710 1
174463 q0 470711 1
174463 q0 470712 1
174463 q0 470713 1
174463 q0 470715 1
174463 q0 4710617 1
174463 q0 4710618 1
174463 q0 479318 0
174463 q0 4916403 0
174463 q0 4947997 0
174463 q0 498828 0
174463 q0 5037118 0
174463 q0 5084515 1
174463 q0 5264563 1
174463 q0 5264564 1
174463 q0 5264566 1
174463 q0 5264569 1
174463 q0 5303493 1
174463 q0 5303495 1
174463 q0 5303496 1
174463 q0 5439385 0
174463 q0 5538543 0
174463 q0 5538544 0
174463 q0 5538545 0
174463 q0 5538546 0
174463 q0 5545051 0
174463 q0 5630555 0
174463 q0 5657825 0
174463 q0 5688364 1
174463 q0 5688367 1
174463 q0 5688368 1
174463 q0 5779094 1
174463 q0 5779104 0
174463 q0 5928503 1
174463 q0 5967940 1
174463 q0 5967943 0
174463 q0 5967945 2
174463 q0 6083368 1
174463 q0 6083369 1
174463 q0 6083370 1
174463 q0 6083371 1
174463 q0 6094016 1
174463 q0 6094017 1
174463 q0 6094019 1
174463 q0 6110657 0
174463 q0 6110658 0
174463 q0 6257921 0
174463 q0 6257923 0
174463 q0 6288125 0
174463 q0 6294949 0
174463 q0 6330267 1
174463 q0 6368115 0
174463 q0 6441021 0
174463 q0 6443245 1
174463 q0 6443248 0
174463 q0 6518010 0
174463 q0 6625390 0
174463 q0 6702479 0
174463 q0 6717192 1
174463 q0 6718984 2
174463 q0 6718986 2
174463 q0 6718987 1
174463 q0 6830831 0
174463 q0 6867423 1
174463 q0 6876014 0
174463 q0 7071008 0
174463 q0 7089624 0
174463 q0 7089625 1
174463 q0 7089627 0
174463 q0 7089629 1
174463 q0 7089630 1
174463 q0 7089632 1
174463 q0 7108184 1
174463 q0 7190959 0
174463 q0 7215971 0
174463 q0 7235816 0
174463 q0 7239821 2
174463 q0 7276897 0
174463 q0 7282097 0
174463 q0 7286231 0
174463 q0 7287619 0
174463 q0 7402420 0
174463 q0 7446174 0
174463 q0 7550455 1
174463 q0 7676247 0
174463 q0 7814051 0
174463 q0 7941760 0
174463 q0 8004951 0
174463 q0 8225687 1
174463 q0 8238923 0
174463 q0 8304451 1
174463 q0 8304453 1
174463 q0 8304454 1
174463 q0 8304456 3
174463 q0 8304457 0
174463 q0 8304458 3
174463 q0 8454980 2
174463 q0 8612180 0
174463 q0 8645017 0
174463 q0 8657356 0
174463 q0 8697678 0
174463 q0 8697679 1
174463 q0 8715976 0
174463 q0 8737013 0
174463 q0 8770949 1
174463 q0 8770952 1
174463 q0 8770954 1
258062 q0 1052245 0
258062 q0 1064526 0
258062 q0 1067359 1
258062 q0 109557 1
258062 q0 1139494 1
258062 q0 1139496 1
258062 q0 117018 1
258062 q0 117023 1
258062 q0 1200737 1
258062 q0 1240018 1
258062 q0 1240019 1
258062 q0 1240021 1
258062 q0 1240022 1
258062 q0 1240023 1
258062 q0 125082 1
258062 q0 1307170 1
258062 q0 1307173 1
258062 q0 1307177 0
258062 q0 1307179 1
258062 q0 1311741 3
258062 q0 1311743 1
258062 q0 1321147 0
258062 q0 1322042 0
258062 q0 1322043 0
258062 q0 1322046 0
258062 q0 1322086 1
258062 q0 1346494 0
258062 q0 1348968 3
258062 q0 1351620 1
258062 q0 1364844 1
258062 q0 1399473 1
258062 q0 1434213 0
258062 q0 153844 0
258062 q0 1558396 2
258062 q0 1558836 1
258062 q0 1619647 0
258062 q0 1746732 0
258062 q0 1746736 0
258062 q0 1805967 3
258062 q0 18097 1
258062 q0 18100 1
258062 q0 1951658 1
258062 q0 1967701 0
258062 q0 1967703 0
258062 q0 1990209 1
258062 q0 1990212 1
258062 q0 2009233 1
258062 q0 2009235 1
258062 q0 2009236 1
258062 q0 2009237 1
258062 q0 2042996 0
258062 q0 2134493 1
258062 q0 2155064 1
258062 q0 2178433 1
258062 q0 2196200 0
258062 q0 2223787 1
258062 q0 2285055 1
258062 q0 2324545 0
258062 q0 2421112 1
258062 q0 2463314 1
258062 q0 2463315 2
258062 q0 2492840 1
258062 q0 2510542 1
258062 q0 2517474 3
258062 q0 2603723 0
258062 q0 2707009 2
258062 q0 2707010 1
258062 q0 2707014 1
258062 q0 2707016 1
258062 q0 273143 1
258062 q0 2846694 0
258062 q0 2875425 1
258062 q0 2898169 3
258062 q0 2909752 1
258062 q0 2909753 1
258062 q0 2940183 1
258062 q0 2940184 1
258062 q0 2975718 1
258062 q0 2995130 3
258062 q0 3012167 2
258062 q0 3016095 2
258062 q0 305531 0
258062 q0 3098100 1
258062 q0 3132005 2
258062 q0 3159992 0
258062 q0 3189004 1
258062 q0 3195763 1
258062 q0 3195767 1
258062 q0 3238200 1
258062 q0 3238201 1
258062 q0 3238203 1
258062 q0 3297029 0
258062 q0 3325413 1
258062 q0 3325415 1
258062 q0 3381553 0
258062 q0 3390044 0
258062 q0 3404351 2
258062 q0 3404354 1
258062 q0 3417555 0
258062 q0 3444645 0
258062 q0 3496658 1
258062 q0 3512243 0
258062 q0 352037 1
258062 q0 3568946 0
258062 q0 3615277 3
258062 q0 3619594 0
258062 q0 3638309 1
258062 q0 3653863 1
258062 q0 36707 1
258062 q0 3683402 1
258062 q0 3695217 1
258062 q0 3715878 0
258062 q0 3719526 0
258062 q0 3740719 1
258062 q0 3740722 1
258062 q0 3759478 1
258062 q0 3760046 1
258062 q0 3777927 3
258062 q0 3777928 1
258062 q0 3777930 2
258062 q0 3777933 1
258062 q0 3777936 1
258062 q0 3807311 1
258062 q0 3807312 1
258062 q0 3849966 1
258062 q0 3947004 1
258062 q0 3947010 1
258062 q0 3969951 1
258062 q0 3984587 0
258062 q0 4051649 0
258062 q0 4074136 1
258062 q0 4087823 1
258062 q0 4155912 3
258062 q0 4159137 1
258062 q0 4159140 1
258062 q0 4159145 2
258062 q0 4159344 1
258062 q0 4159345 2
258062 q0 4174306 1
258062 q0 4174307 1
258062 q0 4174308 2
258062 q0 4174309 1
258062 q0 4174310 2
258062 q0 4174313 3
258062 q0 4271681 1
258062 q0 4310928 1
258062 q0 4346539 1
258062 q0 4388471 0
258062 q0 4431065 0
258062 q0 4448947 1
258062 q0 445295 1
258062 q0 4536230 1
258062 q0 4536231 0
258062 q0 4545046 0
258062 q0 4595262 1
258062 q0 4595267 1
258062 q0 4595794 3
258062 q0 4595795 3
258062 q0 4646720 1
258062 q0 4685826 2
258062 q0 4686374 1
258062 q0 4731171 0
258062 q0 4748928 1
258062 q0 4767654 0
258062 q0 4769730 0
258062 q0 4769733 1
258062 q0 4803807 1
258062 q0 4810241 1
258062 q0 4852785 1
258062 q0 4901880 1
258062 q0 4911109 1
258062 q0 4911110 1
258062 q0 4962724 0
258062 q0 500534 0
258062 q0 5031666 0
258062 q0 505190 0
258062 q0 5060031 1
258062 q0 5060036 1
258062 q0 5078584 0
258062 q0 5134732 1
258062 q0 5244891 1
258062 q0 5254419 1
258062 q0 5275169 1
258062 q0 5326260 1
258062 q0 5418611 1
258062 q0 5455447 0
258062 q0 5456425 1
258062 q0 5456429 1
258062 q0 5463138 1
258062 q0 5485324 3
258062 q0 5501619 0
258062 q0 5522640 0
258062 q0 5553911 1
258062 q0 5557545 1
258062 q0 5559647 0
258062 q0 5561845 0
258062 q0 5564370 1
258062 q0 5598944 1
258062 q0 5598947 0
258062 q0 5621017 1
258062 q0 5621024 1
258062 q0 5675715 1
258062 q0 5711862 0
258062 q0 5717226 0
258062 q0 5733447 1
258062 q0 5739616 2
258062 q0 5815737 0
258062 q0 5859284 1
258062 q0 5867733 0
258062 q0 5867734 1
258062 q0 5876751 0
258062 q0 5884100 1
258062 q0 5906091 0
258062 q0 594415 0
258062 q0 5993826 1
258062 q0 5995706 1
258062 q0 5998341 0
258062 q0 6006234 1
258062 q0 6006238 1
258062 q0 604650 0
258062 q0 6051856 0
258062 q0 60520 1
258062 q0 60522 1
258062 q0 60528 1
258062 q0 6059046 0
258062 q0 6084336 3
258062 q0 6084339 1
258062 q0 6084788 1
258062 q0 6162052 1
258062 q0 6185038 0
258062 q0 63211 1
258062 q0 63216 1
258062 q0 6324722 0
258062 q0 639079 1
258062 q0 639084 1
258062 q0 6404895 2
258062 q0 6455480 1
258062 q0 6472221 0
258062 q0 6486786 1
258062 q0 6486787 0
258062 q0 6497574 1
258062 q0 6515683 1
258062 q0 6543001 1
258062 q0 6600933 0
258062 q0 6617221 1
258062 q0 6643808 1
258062 q0 6650606 1
258062 q0 6653881 2
258062 q0 6655492 1
258062 q0 6655806 1
258062 q0 6710128 0
258062 q0 676653 1
258062 q0 6780507 0
258062 q0 6780513 0
258062 q0 6990374 3
258062 q0 7002124 1
258062 q0 7067422 1
258062 q0 7068638 1
258062 q0 7068639 3
258062 q0 7084219 0
258062 q0 7311274 2
258062 q0 7311815 1
258062 q0 7328789 0
258062 q0 7335250 1
258062 q0 7344525 1
258062 q0 7344527 1
258062 q0 7350910 0
258062 q0 7352545 1
258062 q0 7397731 0
258062 q0 7450543 1
258062 q0 7532084 1
258062 q0 7547471 1
258062 q0 7573918 1
258062 q0 7631247 0
258062 q0 7655252 1
258062 q0 7674429 3
258062 q0 7716250 1
258062 q0 777719 2
258062 q0 7821393 1
258062 q0 7862723 1
258062 q0 7897823 1
258062 q0 7913162 1
258062 q0 7918982 1
258062 q0 7918984 2
258062 q0 7919584 1
258062 q0 8242296 1
258062 q0 8242299 1
258062 q0 8243866 2
258062 q0 8250374 1
258062 q0 8280422 1
258062 q0 8280424 1
258062 q0 8293525 1
258062 q0 8311086 1
258062 q0 8332388 0
258062 q0 8384952 3
258062 q0 8418792 0
258062 q0 8421207 1
258062 q0 8427080 0
258062 q0 8428927 0
258062 q0 8436987 3
258062 q0 8448358 1
258062 q0 8464763 1
258062 q0 8659544 1
258062 q0 8684558 0
258062 q0 8694158 3
258062 q0 8694161 3
258062 q0 8694163 3
258062 q0 871699 0
258062 q0 8755781 0
258062 q0 881008 1
258062 q0 8820987 1
258062 q0 91493 2
258062 q0 923624 2
258062 q0 932664 1
258062 q0 938716 1
258062 q0 955811 3
258062 q0 955813 3
324585 q0 1051441 1
324585 q0 106606 0
324585 q0 1217259 0
324585 q0 1261381 2
324585 q0 1261383 1
324585 q0 1261384 1
324585 q0 1261387 2
324585 q0 1356588 0
324585 q0 1453641 0
324585 q0 1536988 3
324585 q0 1536990 3
324585 q0 1536992 1
324585 q0 1536993 1
324585 q0 1536995 2
324585 q0 1536997 3
324585 q0 1579643 1
324585 q0 1582081 0
324585 q0 1726289 0
324585 q0 1726291 0
324585 q0 1726293 0
324585 q0 1767870 0
324585 q0 179215 0
324585 q0 179217 0
324585 q0 181710 0
324585 q0 1822028 0
324585 q0 1908328 1
324585 q0 1908329 1
324585 q0 1977888 1
324585 q0 1979186 0
324585 q0 2009581 0
324585 q0 2032724 0
324585 q0 2032730 0
324585 q0 212386 0
324585 q0 2362429 0
324585 q0 2362430 0
324585 q0 251495 0
324585 q0 2704967 1
324585 q0 2704968 0
324585 q0 283669 0
324585 q0 2860575 1
324585 q0 2942099 0
324585 q0 2942482 0
324585 q0 2979867 0
324585 q0 2983727 0
324585 q0 2983731 0
324585 q0 3137929 0
324585 q0 3194110 0
324585 q0 3198035 0
324585 q0 3323440 0
324585 q0 3458898 0
324585 q0 3533769 0
324585 q0 3598964 0
324585 q0 3608325 0
324585 q0 3658639 0
324585 q0 3860928 0
324585 q0 3957438 1
324585 q0 4012767 0
324585 q0 4020950 1
324585 q0 4048180 0
324585 q0 405275 0
324585 q0 405277 2
324585 q0 405281 3
324585 q0 405282 1
324585 q0 409415 0
324585 q0 4183348 0
324585 q0 4183349 0
324585 q0 4195561 0
324585 q0 4201873 1
324585 q0 4346422 0
324585 q0 4347398 0
324585 q0 4351263 0
324585 q0 435547 0
324585 q0 44105 0
324585 q0 4467785 0
324585 q0 4497687 0
324585 q0 4680865 1
324585 q0 4711730 0
324585 q0 4722016 2
324585 q0 4797858 0
324585 q0 490144 0
324585 q0 5079132 1
324585 q0 5511737 0
324585 q0 5702788 0
324585 q0 5769585 0
324585 q0 5769586 0
324585 q0 5839484 0
324585 q0 6361633 1
324585 q0 6361634 0
324585 q0 6376470 0
324585 q0 6480417 1
324585 q0 6480420 1
324585 q0 6480421 1
324585 q0 6565613 0
324585 q0 6574430 0
324585 q0 664624 0
324585 q0 6836748 1
324585 q0 6836749 1
324585 q0 6836750 1
324585 q0 685630 0
324585 q0 685635 0
324585 q0 6961642 1
324585 q0 6961643 2
324585 q0 6961644 1
324585 q0 7010774 0
324585 q0 7020616 0
324585 q0 7068289 0
324585 q0 732283 0
324585 q0 7341746 0
324585 q0 7369508 0
324585 q0 7388605 1
324585 q0 7421217 0
324585 q0 7525323 1
324585 q0 7568187 0
324585 q0 7708728 0
324585 q0 7711680 0
324585 q0 7728331 1
324585 q0 7728333 1
324585 q0 7728334 0
324585 q0 7728337 0
324585 q0 7728338 0
324585 q0 7728339 0
324585 q0 7728340 0
324585 q0 7884824 1
324585 q0 7884825 1
324585 q0 7884826 1
324585 q0 7884829 0
324585 q0 7884831 1
324585 q0 7884832 1
324585 q0 7917273 0
324585 q0 7941122 1
324585 q0 7941125 1
324585 q0 7941127 1
324585 q0 7941129 1
324585 q0 7941130 1
324585 q0 7941131 1
324585 q0 7987550 0
324585 q0 8083079 0
324585 q0 8106987 0
324585 q0 8118270 0
324585 q0 8160765 1
324585 q0 8222823 0
324585 q0 8279142 0
324585 q0 8290309 3
324585 q0 8290310 1
324585 q0 8290314 3
324585 q0 8306607 0
324585 q0 8310496 1
324585 q0 8310498 2
324585 q0 8310499 3
324585 q0 8310502 3
324585 q0 8324093 0
324585 q0 8368633 0
324585 q0 8467798 0
324585 q0 8500120 2
324585 q0 8500121 2
324585 q0 8500123 3
324585 q0 8500124 2
324585 q0 8568775 0
324585 q0 8575760 0
324585 q0 8592463 0
324585 q0 8620629 0
324585 q0 8751714 0
324585 q0 8800353 0
324585 q0 8821990 0
324585 q0 900762 0
324585 q0 984000 0
330975 q0 1096737 0
330975 q0 1097855 1
330975 q0 1097857 3
330975 q0 1097858 3
330975 q0 1097859 1
330975 q0 1097861 2
330975 q0 1117908 0
330975 q0 1150915 1
330975 q0 121723 0
330975 q0 1247064 2
330975 q0 1272628 0
330975 q0 1355169 1
330975 q0 1362280 1
330975 q0 1488078 1
330975 q0 1488083 2
330975 q0 1540273 1
330975 q0 1547513 1
330975 q0 1598185 3
330975 q0 1598186 1
330975 q0 1598190 1
330975 q0 1637261 3
330975 q0 1671220 1
330975 q0 1748533 1
330975 q0 1748536 0
330975 q0 1748537 2
330975 q0 1827763 3
330975 q0 1990996 0
330975 q0 2299992 2
330975 q0 2299997 1
330975 q0 233944 3
330975 q0 233945 2
330975 q0 233946 2
330975 q0 233947 2
330975 q0 233948 1
330975 q0 233949 2
330975 q0 233950 2
330975 q0 233951 2
330975 q0 233952 3
330975 q0 2484642 1
330975 q0 2484647 1
330975 q0 2643650 0
330975 q0 2874181 0
330975 q0 2874187 0
330975 q0 312030 0
330975 q0 3240106 1
330975 q0 3240112 3
330975 q0 3256083 2
330975 q0 3256084 3
330975 q0 3256086 2
330975 q0 3297853 2
330975 q0 3297854 2
330975 q0 3297855 3
330975 q0 3297856 3
330975 q0 3297857 3
330975 q0 3297858 3
330975 q0 3297859 2
330975 q0 3297860 3
330975 q0 3297862 2
330975 q0 3335804 2
330975 q0 3390814 1
330975 q0 3439078 0
330975 q0 3439081 0
330975 q0 3618032 1
330975 q0 3633164 1
330975 q0 3683062 1
330975 q0 3788763 0
330975 q0 3857964 2
330975 q0 3857965 2
330975 q0 4000997 1
330975 q0 4000998 1
330975 q0 4036147 0
330975 q0 4043524 1
330975 q0 4096442 0
330975 q0 4108178 3
330975 q0 434609 0
330975 q0 4392140 3
330975 q0 4392141 1
330975 q0 4392144 3
330975 q0 4392145 1
330975 q0 4392147 3
330975 q0 4392148 1
330975 q0 4408865 1
330975 q0 4408867 2
330975 q0 451272 1
330975 q0 4620919 3
330975 q0 4620920 2
330975 q0 4620924 3
330975 q0 4695290 3
330975 q0 4695291 3
330975 q0 4695292 3
330975 q0 4695297 2
330975 q0 482127 1
330975 q0 482130 3
330975 q0 482131 1
330975 q0 482134 2
330975 q0 4834123 0
330975 q0 4896436 1
330975 q0 4953715 0
330975 q0 4966943 0
330975 q0 5088856 1
330975 q0 5105481 1
330975 q0 5190215 3
330975 q0 5190216 1
330975 q0 5239573 0
330975 q0 5379777 2
330975 q0 5393803 3
330975 q0 5393804 3
330975 q0 5393805 2
330975 q0 5393806 1
330975 q0 5427108 3
330975 q0 5427109 2
330975 q0 5427111 1
330975 q0 5427113 2
330975 q0 5427116 1
330975 q0 5439997 0
330975 q0 5547029 1
330975 q0 5557976 2
330975 q0 5558821 1
330975 q0 5558822 1
330975 q0 5580311 2
330975 q0 5750875 2
330975 q0 5750880 3
330975 q0 5757966 1
330975 q0 5757967 1
330975 q0 5757973 1
330975 q0 5803903 2
330975 q0 599105 0
330975 q0 6086034 1
330975 q0 6135992 1
330975 q0 6168200 0
330975 q0 6174777 0
330975 q0 620190 0
330975 q0 6310757 2
330975 q0 6310762 2
330975 q0 6371976 0
330975 q0 6380857 0
330975 q0 6471505 0
330975 q0 6480692 0
330975 q0 6559224 1
330975 q0 6559225 3
330975 q0 6625463 3
330975 q0 6625466 2
330975 q0 6625469 3
330975 q0 6625787 1
330975 q0 6625791 2
330975 q0 6649851 1
330975 q0 6693239 3
330975 q0 6693240 3
330975 q0 6842075 1
330975 q0 702096 3
330975 q0 702098 3
330975 q0 702099 3
330975 q0 702103 1
330975 q0 7074783 2
330975 q0 7074784 1
330975 q0 7074787 3
330975 q0 7086782 0
330975 q0 7100992 0
330975 q0 7203497 1
330975 q0 7203502 1
330975 q0 7240625 1
330975 q0 7319828 2
330975 q0 7342137 0
330975 q0 7394956 3
330975 q0 7624927 1
330975 q0 7697099 0
330975 q0 7768610 1
330975 q0 7768612 1
330975 q0 7871129 2
330975 q0 7908218 1
330975 q0 7998086 1
330975 q0 7998090 0
330975 q0 803899 1
330975 q0 8164703 1
330975 q0 8164705 1
330975 q0 8327008 2
330975 q0 8327010 2
330975 q0 8327012 3
330975 q0 8343615 0
330975 q0 8360182 1
330975 q0 8443267 1
330975 q0 8541454 1
330975 q0 8541455 1
330975 q0 8541456 1
330975 q0 8541458 2
330975 q0 8541460 0
330975 q0 8541461 3
330975 q0 8590481 0
330975 q0 8643307 2
330975 q0 92679 0
330975 q0 969736 0
332593 q0 1101924 1
332593 q0 1167181 1
332593 q0 1167184 3
332593 q0 1222945 1
332593 q0 1222946 1
332593 q0 1235627 0
332593 q0 1265460 0
332593 q0 1324562 1
332593 q0 1436314 1
332593 q0 1443723 2
332593 q0 1443727 2
332593 q0 1443728 2
332593 q0 1443729 2
332593 q0 1443730 2
332593 q0 1539776 3
332593 q0 1594766 1
332593 q0 1650687 1
332593 q0 1831357 1
332593 q0 1831358 1
332593 q0 1853317 0
332593 q0 1905436 1
332593 q0 1905438 1
332593 q0 1905439 2
332593 q0 2233782 1
332593 q0 2233785 0
332593 q0 2448771 0
332593 q0 2456358 1
332593 q0 249847 1
332593 q0 2667326 2
332593 q0 2749262 1
332593 q0 2776877 1
332593 q0 2927356 1
332593 q0 2927361 1
332593 q0 302767 0
332593 q0 3067785 0
332593 q0 3067791 1
332593 q0 3127492 1
332593 q0 3127493 0
332593 q0 3127494 1
332593 q0 3156806 1
332593 q0 3193886 0
332593 q0 3193887 0
332593 q0 3193889 0
332593 q0 3193890 0
332593 q0 329112 1
332593 q0 3336841 1
332593 q0 3336842 1
332593 q0 3458546 2
332593 q0 3573006 0
332593 q0 3658132 0
332593 q0 3674777 0
332593 q0 3687258 1
332593 q0 3731313 3
332593 q0 3731315 1
332593 q0 3731319 1
332593 q0 3731320 0
332593 q0 3883458 0
332593 q0 3990936 3
332593 q0 4023720 2
332593 q0 4023722 1
332593 q0 4023726 1
332593 q0 402552 0
332593 q0 4056943 1
332593 q0 4218387 2
332593 q0 4280346 0
332593 q0 4333502 0
332593 q0 4363966 0
332593 q0 4377342 1
332593 q0 4377348 0
332593 q0 4431496 1
332593 q0 4431497 2
332593 q0 4431498 2
332593 q0 4431500 2
332593 q0 4431502 2
332593 q0 45431 2
332593 q0 4614346 1
332593 q0 4647181 1
332593 q0 4647184 2
332593 q0 486112 0
332593 q0 4866231 1
332593 q0 4908164 0
332593 q0 4946080 0
332593 q0 4952095 2
332593 q0 5241320 2
332593 q0 5241321 3
332593 q0 5241322 2
332593 q0 5241323 2
332593 q0 5241324 2
332593 q0 5241326 2
332593 q0 5241327 1
332593 q0 5241328 1
332593 q0 5241329 1
332593 q0 5243259 2
332593 q0 5563758 0
332593 q0 5563761 2
332593 q0 5670494 0
332593 q0 5699180 0
332593 q0 5707522 1
332593 q0 5710251 0
332593 q0 5714796 1
332593 q0 574015 0
332593 q0 5749367 0
332593 q0 5750021 1
332593 q0 5881485 1
332593 q0 5975274 1
332593 q0 5998448 1
332593 q0 6007038 2
332593 q0 6007041 1
332593 q0 6007045 1
332593 q0 6088946 0
332593 q0 6088950 1
332593 q0 6136166 1
332593 q0 6170826 1
332593 q0 6258472 1
332593 q0 6258475 1
332593 q0 6374586 0
332593 q0 6419976 0
332593 q0 647131 0
332593 q0 6482990 0
332593 q0 6514076 0
332593 q0 6514779 1
332593 q0 6514781 1
332593 q0 6528408 1
332593 q0 6534081 3
332593 q0 6534085 1
332593 q0 6534087 1
332593 q0 6534089 1
332593 q0 6555472 0
332593 q0 6616556 2
332593 q0 6616559 2
332593 q0 6650141 1
332593 q0 6692746 0
332593 q0 6756090 0
332593 q0 6765225 1
332593 q0 6765227 1
332593 q0 682925 0
332593 q0 7073993 1
332593 q0 7073994 1
332593 q0 7073995 2
332593 q0 7073996 3
332593 q0 7073998 1
332593 q0 7073999 1
332593 q0 713458 0
332593 q0 713460 1
332593 q0 7255005 0
332593 q0 7264035 0
332593 q0 7297898 1
332593 q0 7331777 1
332593 q0 7331779 0
332593 q0 7331782 1
332593 q0 7339056 0
332593 q0 7347211 1
332593 q0 7347212 0
332593 q0 7349065 1
332593 q0 7362660 1
332593 q0 7362661 1
332593 q0 7392628 2
332593 q0 7488265 0
332593 q0 7659443 0
332593 q0 778510 1
332593 q0 8021425 1
332593 q0 8091677 1
332593 q0 8091681 2
332593 q0 8311990 1
332593 q0 8378542 0
332593 q0 8434869 3
332593 q0 8434871 3
332593 q0 8434872 0
332593 q0 8434873 3
332593 q0 8434874 1
332593 q0 8749229 2
332593 q0 8749231 3
332593 q0 8801656 0
332593 q0 931414 0
332593 q0 931415 1
332593 q0 931417 1
332593 q0 967688 1
332593 q0 967692 0
332593 q0 995516 0
336901 q0 1042567 0
336901 q0 1054511 0
336901 q0 1054512 0
336901 q0 113149 0
336901 q0 1256460 0
336901 q0 1593860 0
336901 q0 1812253 0
336901 q0 1869824 0
336901 q0 1869829 0
336901 q0 1907867 0
336901 q0 1942395 0
336901 q0 2032724 0
336901 q0 2032730 0
336901 q0 2161077 0
336901 q0 2202663 1
336901 q0 2229274 1
336901 q0 2260177 0
336901 q0 2291851 0
336901 q0 2291852 0
336901 q0 2291853 0
336901 q0 2291858 0
336901 q0 2319656 0
336901 q0 2347713 0
336901 q0 2460126 1
336901 q0 2537065 1
336901 q0 2547700 0
336901 q0 2589736 0
336901 q0 2618280 0
336901 q0 2634833 0
336901 q0 2634835 0
336901 q0 2722274 0
336901 q0 2722283 0
336901 q0 2739554 1
336901 q0 2792858 0
336901 q0 2799495 0
336901 q0 2819429 0
336901 q0 2857864 0
336901 q0 2905699 0
336901 q0 2909600 1
336901 q0 2934191 1
336901 q0 2980253 0
336901 q0 3020811 0
336901 q0 3033657 0
336901 q0 3046818 0
336901 q0 3111013 0
336901 q0 3137929 0
336901 q0 3143695 0
336901 q0 3166946 0
336901 q0 3187470 0
336901 q0 3196359 0
336901 q0 3290802 0
336901 q0 3319379 0
336901 q0 3330854 1
336901 q0 3330861 1
336901 q0 3379308 0
336901 q0 3386083 1
336901 q0 3587995 0
336901 q0 3610555 0
336901 q0 3646541 2
336901 q0 3646550 2
336901 q0 3824377 0
336901 q0 3939095 0
336901 q0 4028521 0
336901 q0 4063717 0
336901 q0 4089468 0
336901 q0 4268010 0
336901 q0 4268015 0
336901 q0 4331048 0
336901 q0 4349955 0
336901 q0 4377113 0
336901 q0 4377116 0
336901 q0 4432630 1
336901 q0 458712 0
336901 q0 4668721 0
336901 q0 4718719 0
336901 q0 4763959 0
336901 q0 4811773 0
336901 q0 4916611 0
336901 q0 5012662 0
336901 q0 5106120 0
336901 q0 5147393 0
336901 q0 5150928 0
336901 q0 5171199 0
336901 q0 5171203 1
336901 q0 5197258 0
336901 q0 5241429 0
336901 q0 5354099 0
336901 q0 5414644 0
336901 q0 5477597 0
336901 q0 55618 0
336901 q0 5598764 0
336901 q0 560663 0
336901 q0 5637605 0
336901 q0 5761825 0
336901 q0 5792847 0
336901 q0 5884068 0
336901 q0 5901048 0
336901 q0 5901050 0
336901 q0 5901051 0
336901 q0 5901052 0
336901 q0 5901053 0
336901 q0 5901054 0
336901 q0 5901055 0
336901 q0 5962238 0
336901 q0 5962241 0
336901 q0 6008795 0
336901 q0 6017280 1
336901 q0 6017284 0
336901 q0 6017286 1
336901 q0 6017287 1
336901 q0 6091320 0
336901 q0 6096613 1
336901 q0 6096614 1
336901 q0 6393883 0
336901 q0 6445962 0
336901 q0 6555424 1
336901 q0 6555428 0
336901 q0 6555430 0
336901 q0 6555432 0
336901 q0 6578692 0
336901 q0 6614731 0
336901 q0 6656116 0
336901 q0 6736418 0
336901 q0 6736927 0
336901 q0 6789401 0
336901 q0 6919021 0
336901 q0 69552 0
336901 q0 7061628 0
336901 q0 7209022 0
336901 q0 7209024 1
336901 q0 7209028 1
336901 q0 7400803 0
336901 q0 7459686 1
336901 q0 7668214 0
336901 q0 7675890 0
336901 q0 7819228 0
336901 q0 7836253 0
336901 q0 7836255 0
336901 q0 7836256 0
336901 q0 7836258 1
336901 q0 7836259 0
336901 q0 7836260 0
336901 q0 7836261 1
336901 q0 7937663 0
336901 q0 7971504 0
336901 q0 7971545 0
336901 q0 7998518 0
336901 q0 8130980 0
336901 q0 8130981 0
336901 q0 8130982 0
336901 q0 8130987 0
336901 q0 8178899 0
336901 q0 8193963 0
336901 q0 8287770 0
336901 q0 8473822 0
336901 q0 8503600 0
336901 q0 8528674 3
336901 q0 8528675 2
336901 q0 8528676 1
336901 q0 8528677 1
336901 q0 8528678 2
336901 q0 8528679 2
336901 q0 8528680 1
336901 q0 8528681 0
336901 q0 8528682 1
336901 q0 8630745 0
336901 q0 8643945 1
336901 q0 8712882 0
336901 q0 8712884 0
336901 q0 8715332 0
336901 q0 8732356 0
336901 q0 8740069 1
336901 q0 8783843 0
336901 q0 8791476 0
390360 q0 1002518 0
390360 q0 1003472 0
390360 q0 1005249 0
390360 q0 1005251 0
390360 q0 1012240 1
390360 q0 1024991 1
390360 q0 1032409 1
390360 q0 1032410 1
390360 q0 1035581 0
390360 q0 1036124 0
390360 q0 1039713 0
390360 q0 1044043 0
390360 q0 1045144 1
390360 q0 1047087 1
390360 q0 1065696 1
390360 q0 1066469 1
390360 q0 1071757 1
390360 q0 1073853 0
390360 q0 1073857 1
390360 q0 1073860 1
390360 q0 1073863 1
390360 q0 1085865 0
390360 q0 1086263 1
390360 q0 108671 1
390360 q0 1093722 1
390360 q0 1093726 1
390360 q0 1093729 1
390360 q0 1097228 0
390360 q0 1106026 1
390360 q0 1110021 1
390360 q0 1113704 1
390360 q0 1134232 0
390360 q0 1139949 0
390360 q0 114448 0
390360 q0 114449 0
390360 q0 1155906 0
390360 q0 1159201 1
390360 q0 1160602 1
390360 q0 1184642 0
390360 q0 1184646 1
390360 q0 1184650 1
390360 q0 1208563 0
390360 q0 1212842 0
390360 q0 1227894 1
390360 q0 1230048 0
390360 q0 1247727 1
390360 q0 1253139 1
390360 q0 1326095 2
390360 q0 1378333 2
390360 q0 1378335 1
390360 q0 1378337 2
390360 q0 1482260 0
390360 q0 1491835 0
390360 q0 1613657 1
390360 q0 170385 1
390360 q0 174141 1
390360 q0 1786536 1
390360 q0 1809084 0
390360 q0 182632 0
390360 q0 1857039 3
390360 q0 1927061 1
390360 q0 1949309 1
390360 q0 1949310 1
390360 q0 197317 0
390360 q0 1992276 0
390360 q0 2005199 0
390360 q0 206437 1
390360 q0 206444 0
390360 q0 2068216 0
390360 q0 2068217 0
390360 q0 2068220 0
390360 q0 2094425 0
390360 q0 2168033 2
390360 q0 2173448 2
390360 q0 217538 1
390360 q0 217541 1
390360 q0 2181758 1
390360 q0 2188846 1
390360 q0 2203875 2
390360 q0 2203877 2
390360 q0 2287706 1
390360 q0 238415 0
390360 q0 2578558 0
390360 q0 2637770 0
390360 q0 2797320 0
390360 q0 281780 1
390360 q0 2822556 0
390360 q0 2997701 1
390360 q0 3133186 0
390360 q0 3196661 0
390360 q0 320964 1
390360 q0 324991 1
390360 q0 324992 2
390360 q0 324994 2
390360 q0 3282559 0
390360 q0 3331490 1
390360 q0 344775 1
390360 q0 3504563 1
390360 q0 3564988 0
390360 q0 3593 0
390360 q0 3623761 1
390360 q0 3623762 1
390360 q0 3662635 0
390360 q0 3688044 0
390360 q0 3719970 0
390360 q0 3786708 0
390360 q0 3786710 1
390360 q0 3786717 1
390360 q0 3983484 1
390360 q0 3999219 1
390360 q0 4053619 1
390360 q0 4129656 0
390360 q0 419154 0
390360 q0 425021 3
390360 q0 4278547 1
390360 q0 4284920 0
390360 q0 429031 1
390360 q0 4462074 0
390360 q0 4506037 1
390360 q0 452971 0
390360 q0 4533763 0
390360 q0 4619216 3
390360 q0 4619218 2
390360 q0 465790 0
390360 q0 4658523 1
390360 q0 4683960 1
390360 q0 4689259 1
390360 q0 4689260 1
390360 q0 4689262 1
390360 q0 4689264 1
390360 q0 4855244 1
390360 q0 4872878 0
390360 q0 4875148 0
390360 q0 4962302 1
390360 q0 4962303 1
390360 q0 4973819 2
390360 q0 5005531 1
390360 q0 5024594 0
390360 q0 5149708 1
390360 q0 5194510 1
390360 q0 5258042 0
390360 q0 5358594 1
390360 q0 5423359 3
390360 q0 5512907 1
390360 q0 5557392 0
390360 q0 558641 3
390360 q0 5725004 2
390360 q0 5778001 0
390360 q0 5920788 0
390360 q0 6037793 0
390360 q0 6037796 0
390360 q0 604111 1
390360 q0 6179316 1
390360 q0 6190046 1
390360 q0 6199113 0
390360 q0 6200812 1
390360 q0 6266867 0
390360 q0 6492799 1
390360 q0 6492800 1
390360 q0 6492801 1
390360 q0 6492802 1
390360 q0 675665 1
390360 q0 6909495 0
390360 q0 6989234 1
390360 q0 703643 0
390360 q0 7166008 0
390360 q0 7180063 0
390360 q0 7186643 2
390360 q0 7206424 0
390360 q0 7246475 0
390360 q0 740214 1
390360 q0 7406840 0
390360 q0 7435743 1
390360 q0 7477381 1
390360 q0 7477752 1
390360 q0 749110 1
390360 q0 749113 1
390360 q0 7534262 0
390360 q0 7629390 0
390360 q0 7632427 1
390360 q0 7664003 1
390360 q0 7664005 0
390360 q0 7666614 2
390360 q0 7679050 2
390360 q0 7765219 1
390360 q0 7773829 0
390360 q0 7807146 2
390360 q0 7889922 0
390360 q0 7913470 1
390360 q0 804811 0
390360 q0 804813 0
390360 q0 804816 1
390360 q0 8085703 2
390360 q0 8109961 1
390360 q0 8109962 1
390360 q0 8203923 0
390360 q0 8384885 1
390360 q0 8384887 1
390360 q0 844988 3
390360 q0 844996 1
390360 q0 8474542 1
390360 q0 8630609 2
390360 q0 8630611 3
390360 q0 8630612 3
390360 q0 8630613 1
390360 q0 8630614 2
390360 q0 8630616 0
390360 q0 8630617 1
390360 q0 8630618 3
390360 q0 8727248 0
390360 q0 913763 1
390360 q0 921155 0
390360 q0 921157 0
390360 q0 963941 0
390360 q0 963943 0
390360 q0 963947 0
405163 q0 1041996 1
405163 q0 1057276 1
405163 q0 1090295 0
405163 q0 1125567 1
405163 q0 1129097 0
405163 q0 1161576 1
405163 q0 1212298 2
405163 q0 1234964 1
405163 q0 1330010 1
405163 q0 1352544 1
405163 q0 1352545 1
405163 q0 1352546 0
405163 q0 1352547 1
405163 q0 1352548 2
405163 q0 1352549 1
405163 q0 1352550 1
405163 q0 1352551 1
405163 q0 1352552 0
405163 q0 1358142 1
405163 q0 1397758 0
405163 q0 1429845 2
405163 q0 1446059 1
405163 q0 148597 0
405163 q0 1492048 0
405163 q0 1500795 1
405163 q0 1506457 1
405163 q0 1506462 1
405163 q0 1518538 0
405163 q0 1518539 1
405163 q0 1518540 0
405163 q0 1518541 1
405163 q0 1518543 1
405163 q0 1518544 0
405163 q0 154239 1
405163 q0 154240 0
405163 q0 1572022 0
405163 q0 1655999 1
405163 q0 1667024 1
405163 q0 1667027 1
405163 q0 1724502 1
405163 q0 1724503 1
405163 q0 1724504 0
405163 q0 1724505 1
405163 q0 1724506 1
405163 q0 1724507 1
405163 q0 1724508 1
405163 q0 1724510 0
405163 q0 1724511 0
405163 q0 1756179 1
405163 q0 1844775 1
405163 q0 1847663 1
405163 q0 1902847 1
405163 q0 1902861 0
405163 q0 1902863 0
405163 q0 1902864 0
405163 q0 1902866 1
405163 q0 1966058 1
405163 q0 1966059 1
405163 q0 2016024 1
405163 q0 2055217 1
405163 q0 2113726 0
405163 q0 2126785 0
405163 q0 2139588 1
405163 q0 2147920 0
405163 q0 2168340 0
405163 q0 2198317 0
405163 q0 2397114 0
405163 q0 2397932 1
405163 q0 2407799 2
405163 q0 2467216 1
405163 q0 251302 1
405163 q0 251309 1
405163 q0 2514292 1
405163 q0 2529494 0
405163 q0 2748170 1
405163 q0 2858897 1
405163 q0 2902930 1
405163 q0 295189 2
405163 q0 3056677 1
405163 q0 3104297 2
405163 q0 3112542 0
405163 q0 3150060 1
405163 q0 3210133 0
405163 q0 3210137 1
405163 q0 3210138 1
405163 q0 3236288 0
405163 q0 3236289 0
405163 q0 3236290 1
405163 q0 3236291 1
405163 q0 3236292 0
405163 q0 3250325 1
405163 q0 3356355 1
405163 q0 3377714 1
405163 q0 357678 1
405163 q0 357685 2
405163 q0 3602402 1
405163 q0 3700379 1
405163 q0 3700382 1
405163 q0 3700384 1
405163 q0 3790608 0
405163 q0 3790610 1
405163 q0 3790613 1
405163 q0 3803811 1
405163 q0 3803812 1
405163 q0 3912286 0
405163 q0 3912288 0
405163 q0 3912290 1
405163 q0 3912291 1
405163 q0 3918981 1
405163 q0 3918983 2
405163 q0 4060833 0
405163 q0 4181698 1
405163 q0 4228172 2
405163 q0 4232058 1
405163 q0 4267676 0
405163 q0 429245 2
405163 q0 429246 1
405163 q0 429247 1
405163 q0 429252 1
405163 q0 4409822 1
405163 q0 4449599 0
405163 q0 4599601 1
405163 q0 4607784 0
405163 q0 4607791 1
405163 q0 4642223 1
405163 q0 4642228 1
405163 q0 4642231 1
405163 q0 4684308 1
405163 q0 4788555 1
405163 q0 4788556 1
405163 q0 4919156 0
405163 q0 4924540 1
405163 q0 4985018 1
405163 q0 4985019 0
405163 q0 4985020 0
405163 q0 4985021 1
405163 q0 4985022 1
405163 q0 5097511 1
405163 q0 5252815 1
405163 q0 5252816 1
405163 q0 5252819 1
405163 q0 532383 0
405163 q0 532385 0
405163 q0 5429563 1
405163 q0 5458505 0
405163 q0 5514160 2
405163 q0 5515801 0
405163 q0 5515803 1
405163 q0 5515804 0
405163 q0 5523882 1
405163 q0 5577588 1
405163 q0 558748 1
405163 q0 558751 1
405163 q0 558752 1
405163 q0 558756 1
405163 q0 5667445 1
405163 q0 5667446 1
405163 q0 5682701 1
405163 q0 5682707 1
405163 q0 5697571 1
405163 q0 5709433 0
405163 q0 5709437 0
405163 q0 5745561 1
405163 q0 5745562 1
405163 q0 5745563 1
405163 q0 5745569 1
405163 q0 5746714 2
405163 q0 5746717 1
405163 q0 5807716 1
405163 q0 587649 1
405163 q0 587650 1
405163 q0 5888917 1
405163 q0 5897402 1
405163 q0 5909564 1
405163 q0 5909571 2
405163 q0 5922366 0
405163 q0 5922367 0
405163 q0 5922368 1
405163 q0 5922369 1
405163 q0 5922370 1
405163 q0 5922371 1
405163 q0 5922372 1
405163 q0 6085617 1
405163 q0 6085618 0
405163 q0 6085620 0
405163 q0 6101385 0
405163 q0 6250234 1
405163 q0 6263773 0
405163 q0 6269175 1
405163 q0 6289819 1
405163 q0 6289820 1
405163 q0 6289821 0
405163 q0 6289822 0
405163 q0 6289824 1
405163 q0 6289825 1
405163 q0 6289827 2
405163 q0 6343546 0
405163 q0 6470092 1
405163 q0 647592 1
405163 q0 647594 2
405163 q0 6495738 0
405163 q0 6540804 0
405163 q0 6584197 1
405163 q0 6689923 1
405163 q0 6689925 1
405163 q0 6689928 2
405163 q0 6743547 1
405163 q0 6743548 1
405163 q0 6743551 1
405163 q0 6743552 0
405163 q0 6743553 1
405163 q0 6743554 1
405163 q0 6743555 0
405163 q0 6759833 1
405163 q0 6796409 0
405163 q0 6796411 2
405163 q0 6796414 2
405163 q0 6796415 0
405163 q0 6796416 1
405163 q0 6803022 0
405163 q0 6877857 0
405163 q0 6903831 1
405163 q0 6913832 0
405163 q0 6913938 1
405163 q0 6913940 1
405163 q0 6913941 1
405163 q0 6913942 1
405163 q0 6916264 3
405163 q0 6916265 1
405163 q0 6928972 1
405163 q0 6944134 0
405163 q0 6945009 2
405163 q0 6945011 3
405163 q0 6945014 1
405163 q0 7002128 1
405163 q0 7002129 1
405163 q0 7002130 1
405163 q0 7002133 0
405163 q0 7023318 0
405163 q0 7023323 1
405163 q0 7044515 1
405163 q0 7140635 1
405163 q0 7146284 0
405163 q0 7196947 1
405163 q0 7222499 1
405163 q0 7222504 1
405163 q0 7334718 1
405163 q0 7339772 1
405163 q0 7359456 1
405163 q0 7454159 1
405163 q0 7474480 1
405163 q0 7474481 1
405163 q0 7474482 1
405163 q0 7474483 1
405163 q0 7474484 0
405163 q0 7474485 1
405163 q0 7474486 1
405163 q0 7474487 1
405163 q0 7474488 1
405163 q0 7558208 1
405163 q0 7586650 0
405163 q0 7622492 1
405163 q0 7634482 0
405163 q0 7634486 1
405163 q0 7634489 1
405163 q0 7664814 0
405163 q0 7770952 0
405163 q0 8068412 0
405163 q0 8068413 1
405163 q0 8068418 1
405163 q0 8096982 1
405163 q0 8116652 1
405163 q0 8116653 1
405163 q0 8116654 0
405163 q0 8175453 1
405163 q0 8175458 1
405163 q0 8204764 0
405163 q0 8204766 1
405163 q0 8204767 0
405163 q0 8282533 1
405163 q0 8292814 1
405163 q0 8356205 1
405163 q0 8356207 1
405163 q0 8435604 0
405163 q0 8444589 0
405163 q0 8475254 1
405163 q0 8504559 0
405163 q0 8504560 0
405163 q0 851536 1
405163 q0 8608597 1
405163 q0 8608603 1
405163 q0 8611267 1
405163 q0 8613751 1
405163 q0 8713688 1
405163 q0 8713692 1
405163 q0 8773925 1
405163 q0 978353 1
405163 q0 978355 1
555530 q0 1008441 2
555530 q0 1057074 2
555530 q0 1057075 1
555530 q0 1061501 1
555530 q0 10814 2
555530 q0 10815 3
555530 q0 10816 3
555530 q0 10817 2
555530 q0 10819 2
555530 q0 1112927 3
555530 q0 1113170 3
555530 q0 1114212 1
555530 q0 1114218 3
555530 q0 1138870 2
555530 q0 1158068 3
555530 q0 1158069 2
555530 q0 1160716 2
555530 q0 1212529 2
555530 q0 1217048 2
555530 q0 1217052 1
555530 q0 1217053 1
555530 q0 1217054 1
555530 q0 1217055 2
555530 q0 1224784 2
555530 q0 1247529 1
555530 q0 1271021 0
555530 q0 1274223 2
555530 q0 1294565 2
555530 q0 1345280 1
555530 q0 1398017 1
555530 q0 1408299 1
555530 q0 1409667 3
555530 q0 1446602 2
555530 q0 1447386 3
555530 q0 1452313 1
555530 q0 1528641 3
555530 q0 1536620 3
555530 q0 1536621 3
555530 q0 1553534 2
555530 q0 1553537 2
555530 q0 1672654 2
555530 q0 1710395 3
555530 q0 1710398 2
555530 q0 1754575 2
555530 q0 1754577 2
555530 q0 1754579 3
555530 q0 1754581 1
555530 q0 1754584 2
555530 q0 1795741 1
555530 q0 1795743 0
555530 q0 1897713 3
555530 q0 1897716 3
555530 q0 1897718 3
555530 q0 1901474 2
555530 q0 1919836 2
555530 q0 1922323 1
555530 q0 1973125 3
555530 q0 1975068 2
555530 q0 2039869 1
555530 q0 2040795 1
555530 q0 2040800 1
555530 q0 2116851 2
555530 q0 2161297 2
555530 q0 2184266 2
555530 q0 2184271 3
555530 q0 2184274 2
555530 q0 2217431 3
555530 q0 2273527 2
555530 q0 2346991 2
555530 q0 2346997 2
555530 q0 2346999 3
555530 q0 2354211 2
555530 q0 2483886 2
555530 q0 2488083 2
555530 q0 2493970 2
555530 q0 2601568 1
555530 q0 2827863 3
555530 q0 2906190 3
555530 q0 2906193 3
555530 q0 2978164 3
555530 q0 2978166 3
555530 q0 2978169 2
555530 q0 2978171 3
555530 q0 3003055 1
555530 q0 3160635 2
555530 q0 3289882 1
555530 q0 3320938 2
555530 q0 3376502 2
555530 q0 3376506 2
555530 q0 338634 2
555530 q0 338636 3
555530 q0 3416084 2
555530 q0 3437546 1
555530 q0 3437551 2
555530 q0 3454214 2
555530 q0 3460571 2
555530 q0 3473125 2
555530 q0 3473131 2
555530 q0 3511700 2
555530 q0 3511702 2
555530 q0 3521299 2
555530 q0 3527047 1
555530 q0 3559167 2
555530 q0 3559168 1
555530 q0 3593334 3
555530 q0 3651808 2
555530 q0 3703990 1
555530 q0 3703992 2
555530 q0 3703995 2
555530 q0 3707190 3
555530 q0 3717579 2
555530 q0 3717582 3
555530 q0 3727911 2
555530 q0 3750447 2
555530 q0 3818946 3
555530 q0 3818948 2
555530 q0 383003 2
555530 q0 395325 3
555530 q0 395326 3
555530 q0 4071550 3
555530 q0 4080244 3
555530 q0 4137963 3
555530 q0 4142667 2
555530 q0 415497 2
555530 q0 416659 3
555530 q0 4200819 3
555530 q0 4200820 3
555530 q0 4232303 1
555530 q0 4238674 3
555530 q0 424015 2
555530 q0 4240158 3
555530 q0 424017 3
555530 q0 424021 3
555530 q0 4254702 0
555530 q0 4282328 2
555530 q0 4296277 1
555530 q0 4296807 1
555530 q0 4346518 3
555530 q0 4351117 2
555530 q0 4351120 3
555530 q0 4370610 1
555530 q0 4428202 2
555530 q0 4448364 1
555530 q0 448525 3
555530 q0 448526 3
555530 q0 4553098 1
555530 q0 4585316 1
555530 q0 4668014 3
555530 q0 4709116 1
555530 q0 474544 3
555530 q0 474547 3
555530 q0 4855115 3
555530 q0 4887232 2
555530 q0 4895651 2
555530 q0 4955823 2
555530 q0 4955824 2
555530 q0 4977444 3
555530 q0 499853 0
555530 q0 499854 2
555530 q0 5090232 1
555530 q0 510462 3
555530 q0 5148311 3
555530 q0 516978 2
555530 q0 5252885 3
555530 q0 5252886 2
555530 q0 5266178 2
555530 q0 5266181 2
555530 q0 5358432 2
555530 q0 5395172 1
555530 q0 5481818 2
555530 q0 5481824 2
555530 q0 5543124 3
555530 q0 5577257 1
555530 q0 5577258 3
555530 q0 5577259 3
555530 q0 5577263 1
555530 q0 5577264 2
555530 q0 561169 1
555530 q0 5705774 2
555530 q0 5756530 2
555530 q0 5814409 3
555530 q0 5819259 3
555530 q0 5823434 0
555530 q0 582720 2
555530 q0 582721 2
555530 q0 582722 1
555530 q0 5846397 3
555530 q0 5846399 2
555530 q0 58950 2
555530 q0 6078221 3
555530 q0 6078226 3
555530 q0 6078228 3
555530 q0 6078229 3
555530 q0 6107182 2
555530 q0 6108232 1
555530 q0 6188185 2
555530 q0 6188188 1
555530 q0 621289 2
555530 q0 6229953 1
555530 q0 6309262 3
555530 q0 6434719 2
555530 q0 6450951 2
555530 q0 6450952 3
555530 q0 6450953 3
555530 q0 6450954 3
555530 q0 6450955 3
555530 q0 6481407 2
555530 q0 6485976 3
555530 q0 6530143 1
555530 q0 6579581 1
555530 q0 668366 2
555530 q0 6719375 2
555530 q0 6723619 2
555530 q0 6765178 2
555530 q0 684318 3
555530 q0 684319 2
555530 q0 684321 3
555530 q0 684322 2
555530 q0 684323 2
555530 q0 688118 3
555530 q0 688120 2
555530 q0 688121 2
555530 q0 6899812 3
555530 q0 6936082 3
555530 q0 6938328 3
555530 q0 6938329 3
555530 q0 6966037 1
555530 q0 6977044 1
555530 q0 7042272 3
555530 q0 7042274 2
555530 q0 7155496 1
555530 q0 7179784 3
555530 q0 7179789 3
555530 q0 7179791 3
555530 q0 718822 3
555530 q0 7199721 2
555530 q0 721195 3
555530 q0 7232504 3
555530 q0 7246139 2
555530 q0 7339147 3
555530 q0 7349580 3
555530 q0 7419503 3
555530 q0 7432569 2
555530 q0 7474908 1
555530 q0 7475084 3
555530 q0 7546525 2
555530 q0 7612408 2
555530 q0 7766457 3
555530 q0 7766465 3
555530 q0 7871973 1
555530 q0 7938059 1
555530 q0 7989801 2
555530 q0 8014088 2
555530 q0 8025704 2
555530 q0 8052781 2
555530 q0 8090342 2
555530 q0 8276742 2
555530 q0 8414352 2
555530 q0 8414456 1
555530 q0 8461277 2
555530 q0 8476844 1
555530 q0 8637524 3
555530 q0 8637525 2
555530 q0 8637526 3
555530 q0 8637531 2
555530 q0 8801020 2
555530 q0 8801021 2
555530 q0 8801025 2
555530 q0 905690 2
555530 q0 921778 3
555530 q0 921779 2
555530 q0 924468 3
555530 q0 924470 3
555530 q0 934201 3
555530 q0 934203 2
555530 q0 963152 2
555530 q0 971425 3
555530 q0 971429 2
583468 q0 1048214 0
583468 q0 1086141 0
583468 q0 1107583 0
583468 q0 1109629 1
583468 q0 1118638 0
583468 q0 1126608 1
583468 q0 1160097 0
583468 q0 1176692 0
583468 q0 118372 0
583468 q0 119352 3
583468 q0 119354 3
583468 q0 119355 3
583468 q0 119357 1
583468 q0 119358 3
583468 q0 119359 3
583468 q0 119361 1
583468 q0 1200016 0
583468 q0 1209860 2
583468 q0 1215723 0
583468 q0 1232634 0
583468 q0 129686 0
583468 q0 129688 0
583468 q0 1309446 0
583468 q0 1334778 0
583468 q0 1342147 0
583468 q0 1379833 3
583468 q0 1393948 0
583468 q0 139913 0
583468 q0 139915 0
583468 q0 1441690 0
583468 q0 1469847 0
583468 q0 1500491 0
583468 q0 1516273 0
583468 q0 1546126 3
583468 q0 1546127 3
583468 q0 1546128 3
583468 q0 1546129 1
583468 q0 1546131 3
583468 q0 1546134 1
583468 q0 1554940 0
583468 q0 1556139 0
583468 q0 1566448 0
583468 q0 161493 0
583468 q0 1661531 1
583468 q0 166564 0
583468 q0 1675561 3
583468 q0 1675562 3
583468 q0 1675563 1
583468 q0 1675564 3
583468 q0 1675566 3
583468 q0 1675568 1
583468 q0 1746794 0
583468 q0 1816189 0
583468 q0 1882158 1
583468 q0 199386 0
583468 q0 2011006 1
583468 q0 2038708 1
583468 q0 2080305 3
583468 q0 2080306 2
583468 q0 2080307 2
583468 q0 2080311 3
583468 q0 2080312 3
583468 q0 2080313 1
583468 q0 2142129 1
583468 q0 2172925 0
583468 q0 2172927 0
583468 q0 2182622 1
583468 q0 219622 2
583468 q0 2267048 3
583468 q0 2267049 3
583468 q0 2267050 1
583468 q0 2267051 3
583468 q0 2267052 3
583468 q0 2267054 3
583468 q0 2267055 1
583468 q0 2345776 0
583468 q0 2345777 2
583468 q0 2370234 0
583468 q0 2409507 0
583468 q0 2435901 0
583468 q0 2541318 1
583468 q0 2611821 1
583468 q0 2672427 3
583468 q0 2813991 1
583468 q0 2884622 2
583468 q0 2884623 1
583468 q0 2884627 3
583468 q0 309632 0
583468 q0 3137695 0
583468 q0 3156907 1
583468 q0 3156908 1
583468 q0 3179019 0
583468 q0 323514 0
583468 q0 323515 1
583468 q0 3275965 3
583468 q0 3275966 2
583468 q0 3283053 1
583468 q0 331025 0
583468 q0 331028 0
583468 q0 3325050 2
583468 q0 3325053 1
583468 q0 3325057 2
583468 q0 3363125 0
583468 q0 3363613 2
583468 q0 3416991 1
583468 q0 3418135 1
583468 q0 3466605 2
583468 q0 3466606 3
583468 q0 3466607 3
583468 q0 3466609 1
583468 q0 3466610 3
583468 q0 3588065 1
583468 q0 3635863 0
583468 q0 3766617 0
583468 q0 3766618 1
583468 q0 3816214 1
583468 q0 3816215 0
583468 q0 4017322 0
583468 q0 424309 1
583468 q0 424310 3
583468 q0 4246696 1
583468 q0 4405347 0
583468 q0 4405348 0
583468 q0 4502517 1
583468 q0 4503376 1
583468 q0 4647872 1
583468 q0 468058 2
583468 q0 5061413 0
583468 q0 5333572 1
583468 q0 5351604 0
583468 q0 5353767 1
583468 q0 5353768 2
583468 q0 545811 1
583468 q0 5477263 1
583468 q0 5524161 1
583468 q0 5526519 0
583468 q0 5603963 1
583468 q0 5623829 1
583468 q0 5623830 1
583468 q0 5623832 0
583468 q0 5623833 2
583468 q0 5623834 1
583468 q0 5623835 3
583468 q0 5623837 0
583468 q0 5623838 1
583468 q0 5668423 1
583468 q0 5672505 0
583468 q0 5702335 1
583468 q0 5747978 2
583468 q0 5782219 1
583468 q0 5808103 1
583468 q0 5847038 0
583468 q0 5920643 1
583468 q0 597171 1
583468 q0 6008180 2
583468 q0 6043971 0
583468 q0 6045250 1
583468 q0 6171513 3
583468 q0 6271840 1
583468 q0 6273715 1
583468 q0 6273716 1
583468 q0 6273718 1
583468 q0 6273719 0
583468 q0 6273720 1
583468 q0 6286919 3
583468 q0 6286920 3
583468 q0 6286922 3
583468 q0 6286923 3
583468 q0 6286924 1
583468 q0 6286925 3
583468 q0 6286927 2
583468 q0 6286928 3
583468 q0 6578660 3
583468 q0 6578661 1
583468 q0 6654304 2
583468 q0 6654305 2
583468 q0 6654308 2
583468 q0 6654310 2
583468 q0 6654312 1
583468 q0 6681526 1
583468 q0 6712553 1
583468 q0 6807724 1
583468 q0 6808978 1
583468 q0 6812768 0
583468 q0 6902150 3
583468 q0 700359 1
583468 q0 700361 1
583468 q0 7035808 1
583468 q0 7102724 1
583468 q0 7165924 1
583468 q0 7165928 1
583468 q0 7203107 0
583468 q0 7438857 0
583468 q0 7450717 3
583468 q0 7450718 3
583468 q0 7450719 3
583468 q0 7450720 2
583468 q0 7450725 3
583468 q0 7465953 1
583468 q0 7465954 2
583468 q0 7465955 3
583468 q0 7465956 1
583468 q0 7465959 0
583468 q0 7465960 1
583468 q0 7473713 1
583468 q0 7473716 1
583468 q0 7473719 2
583468 q0 7491697 3
583468 q0 7491698 3
583468 q0 7491699 3
583468 q0 7491700 3
583468 q0 7491701 3
583468 q0 7491702 2
583468 q0 7491703 2
583468 q0 7491704 3
583468 q0 7491705 3
583468 q0 7491706 1
583468 q0 7494521 1
583468 q0 752932 0
583468 q0 7550631 1
583468 q0 7560172 0
583468 q0 7594822 2
583468 q0 7706119 3
583468 q0 7706120 3
583468 q0 7706121 1
583468 q0 7706122 3
583468 q0 7706123 1
583468 q0 7744345 2
583468 q0 7744346 3
583468 q0 7744347 3
583468 q0 7744348 3
583468 q0 7744349 3
583468 q0 7744350 3
583468 q0 7744351 3
583468 q0 7790401 1
583468 q0 7973257 1
583468 q0 802878 0
583468 q0 802879 0
583468 q0 8144444 3
583468 q0 8144445 3
583468 q0 8144446 2
583468 q0 8144447 2
583468 q0 8144448 3
583468 q0 8144451 3
583468 q0 8144452 2
583468 q0 8326076 1
583468 q0 8326077 3
583468 q0 8326078 2
583468 q0 8326080 3
583468 q0 8395838 1
583468 q0 8395839 1
583468 q0 8395840 3
583468 q0 8395841 2
583468 q0 8395842 1
583468 q0 8395843 3
583468 q0 8395844 1
583468 q0 8395845 3
583468 q0 8458284 1
583468 q0 8458287 1
583468 q0 8508160 0
583468 q0 8508161 0
583468 q0 8514936 1
583468 q0 8514938 1
583468 q0 8615852 1
583468 q0 8656219 0
583468 q0 8658401 1
583468 q0 8708102 0
583468 q0 8731153 1
583468 q0 914661 3
583468 q0 914662 3
583468 q0 914663 2
583468 q0 914664 0
583468 q0 914665 3
583468 q0 914666 3
583468 q0 914667 1
583468 q0 914668 3
583468 q0 914669 3
583468 q0 932702 1
583468 q0 941956 0
583468 q0 944600 1
583468 q0 9477 1
583468 q0 9479 2
640502 q0 1004231 1
640502 q0 1007353 0
640502 q0 1034851 2
640502 q0 1034852 1
640502 q0 1034854 1
640502 q0 1044819 2
640502 q0 1044820 1
640502 q0 1044831 1
640502 q0 1045958 1
640502 q0 1091791 2
640502 q0 1091795 3
640502 q0 1093864 0
640502 q0 1126450 1
640502 q0 1126451 0
640502 q0 1126452 1
640502 q0 1126454 1
640502 q0 1158710 1
640502 q0 1158711 1
640502 q0 1186733 1
640502 q0 1204542 1
640502 q0 1204896 1
640502 q0 1213665 2
640502 q0 1226398 2
640502 q0 1226399 1
640502 q0 1226400 2
640502 q0 1226403 1
640502 q0 1226405 3
640502 q0 1227303 2
640502 q0 1227863 1
640502 q0 1227864 1
640502 q0 1238025 2
640502 q0 1304074 2
640502 q0 1307361 1
640502 q0 1307369 1
640502 q0 1351019 0
640502 q0 1398131 1
640502 q0 1415945 1
640502 q0 1448096 1
640502 q0 1448621 0
640502 q0 1467731 1
640502 q0 1467737 1
640502 q0 1489142 1
640502 q0 1489146 1
640502 q0 1518725 1
640502 q0 1587282 1
640502 q0 1600337 2
640502 q0 1707804 0
640502 q0 172502 3
640502 q0 1754696 0
640502 q0 1754698 1
640502 q0 1754997 3
640502 q0 1775694 1
640502 q0 1775697 3
640502 q0 1816743 2
640502 q0 1852627 1
640502 q0 1854588 2
640502 q0 1854589 1
640502 q0 1861075 3
640502 q0 1957246 1
640502 q0 1957247 3
640502 q0 1957252 3
640502 q0 2056059 1
640502 q0 2060862 1
640502 q0 2060863 1
640502 q0 2060864 1
640502 q0 2060866 0
640502 q0 2060868 1
640502 q0 2060871 1
640502 q0 208374 2
640502 q0 208375 1
640502 q0 208378 2
640502 q0 2096762 3
640502 q0 2096763 2
640502 q0 2096764 2
640502 q0 2121023 1
640502 q0 2146065 2
640502 q0 215342 1
640502 q0 2177945 1
640502 q0 2177954 1
640502 q0 218503 2
640502 q0 218508 1
640502 q0 2195505 1
640502 q0 2216803 2
640502 q0 2267182 0
640502 q0 2290445 1
640502 q0 2303229 1
640502 q0 2415376 0
640502 q0 2419096 0
640502 q0 2476570 1
640502 q0 2476577 1
640502 q0 2604421 2
640502 q0 2607124 1
640502 q0 2652909 1
640502 q0 2701130 2
640502 q0 2778108 1
640502 q0 2808569 3
640502 q0 2808576 3
640502 q0 2856769 1
640502 q0 2989518 1
640502 q0 2989520 3
640502 q0 300924 1
640502 q0 3022406 1
640502 q0 3026712 1
640502 q0 3066747 1
640502 q0 3066749 1
640502 q0 310779 1
640502 q0 3150657 1
640502 q0 3173109 0
640502 q0 3193027 1
640502 q0 3198074 2
640502 q0 3218288 0
640502 q0 3229236 1
640502 q0 3229239 1
640502 q0 3229241 2
640502 q0 3237268 0
640502 q0 3242633 1
640502 q0 3242634 1
640502 q0 3252976 2
640502 q0 3252984 1
640502 q0 3255505 0
640502 q0 3263515 2
640502 q0 3263516 1
640502 q0 3282142 1
640502 q0 3322757 1
640502 q0 3367629 1
640502 q0 3367630 0
640502 q0 3423597 1
640502 q0 3423600 1
640502 q0 343072 1
640502 q0 343078 1
640502 q0 3432051 1
640502 q0 3450027 0
640502 q0 3464910 1
640502 q0 3541295 1
640502 q0 3551380 3
640502 q0 3554994 2
640502 q0 3602544 0
640502 q0 3631899 1
640502 q0 3660069 1
640502 q0 3678130 3
640502 q0 3682401 0
640502 q0 3703700 2
640502 q0 3703701 2
640502 q0 3751621 1
640502 q0 3803120 2
640502 q0 3839636 1
640502 q0 3839637 2
640502 q0 3851747 1
640502 q0 3851748 0
640502 q0 3869354 1
640502 q0 3869355 1
640502 q0 390165 1
640502 q0 3905959 1
640502 q0 3915400 1
640502 q0 3926698 1
640502 q0 3927576 2
640502 q0 3927852 1
640502 q0 3973990 2
640502 q0 3992432 1
640502 q0 3992434 3
640502 q0 4027990 1
640502 q0 4041242 0
640502 q0 4088602 1
640502 q0 4088604 1
640502 q0 4088606 3
640502 q0 4129243 1
640502 q0 4132323 1
640502 q0 4132983 3
640502 q0 418508 3
640502 q0 418511 2
640502 q0 4238517 1
640502 q0 4261742 3
640502 q0 430748 1
640502 q0 4314283 1
640502 q0 4314284 2
640502 q0 4314290 2
640502 q0 4359113 1
640502 q0 4359116 1
640502 q0 4359297 2
640502 q0 4359298 2
640502 q0 4359302 2
640502 q0 4380084 1
640502 q0 4422928 1
640502 q0 4450952 1
640502 q0 4462816 0
640502 q0 4523992 0
640502 q0 4523996 0
640502 q0 4568361 1
640502 q0 4606434 0
640502 q0 4682367 1
640502 q0 4688632 1
640502 q0 4778464 2
640502 q0 480549 1
640502 q0 4814627 2
640502 q0 4835720 2
640502 q0 4865885 0
640502 q0 4888715 1
640502 q0 4915581 0
640502 q0 4955687 0
640502 q0 4976949 1
640502 q0 4998514 3
640502 q0 5010581 1
640502 q0 5073872 2
640502 q0 5150987 3
640502 q0 5161853 3
640502 q0 5203159 0
640502 q0 5224081 1
640502 q0 5224084 1
640502 q0 5226596 1
640502 q0 5230900 1
640502 q0 5303474 1
640502 q0 5468145 2
640502 q0 5505906 1
640502 q0 553564 1
640502 q0 5537119 1
640502 q0 5539487 2
640502 q0 559691 1
640502 q0 5641149 3
640502 q0 564276 1
640502 q0 5771193 0
640502 q0 5802156 0
640502 q0 5821902 0
640502 q0 5827712 2
640502 q0 5827713 1
640502 q0 5910005 1
640502 q0 5910009 1
640502 q0 5924242 1
640502 q0 598202 3
640502 q0 598204 3
640502 q0 6107938 1
640502 q0 6146400 3
640502 q0 6186484 1
640502 q0 6186485 1
640502 q0 6202949 3
640502 q0 6207563 1
640502 q0 6218616 1
640502 q0 6258985 2
640502 q0 6261332 0
640502 q0 6354341 1
640502 q0 6354344 2
640502 q0 6354345 2
640502 q0 6354346 2
640502 q0 6354348 3
640502 q0 6354349 2
640502 q0 6357458 0
640502 q0 6390620 1
640502 q0 6414861 0
640502 q0 6466449 0
640502 q0 6466454 0
640502 q0 6497379 2
640502 q0 6497380 2
640502 q0 6497381 2
640502 q0 6497385 3
640502 q0 6508648 1
640502 q0 6539166 1
640502 q0 6621552 1
640502 q0 6625299 1
640502 q0 6647308 1
640502 q0 6647309 1
640502 q0 6647310 1
640502 q0 6647311 1
640502 q0 6647312 0
640502 q0 6669057 0
640502 q0 667891 1
640502 q0 6702284 1
640502 q0 6702288 3
640502 q0 6702955 3
640502 q0 6728990 1
640502 q0 6730883 3
640502 q0 6730884 3
640502 q0 6730887 3
640502 q0 6765686 1
640502 q0 6775350 1
640502 q0 6775352 1
640502 q0 6776100 2
640502 q0 6802614 1
640502 q0 6835512 1
640502 q0 6841993 1
640502 q0 6850717 1
640502 q0 6854281 1
640502 q0 6857991 1
640502 q0 6914960 2
640502 q0 6929876 2
640502 q0 6959430 2
640502 q0 6967706 1
640502 q0 6985038 3
640502 q0 6997565 1
640502 q0 7000430 1
640502 q0 7000431 1
640502 q0 7000432 3
640502 q0 7037259 1
640502 q0 7037260 1
640502 q0 7058130 1
640502 q0 706771 2
640502 q0 7097551 1
640502 q0 7109035 1
640502 q0 7109037 3
640502 q0 7112191 1
640502 q0 7112192 0
640502 q0 7113809 2
640502 q0 7113816 2
640502 q0 7160373 1
640502 q0 7275188 1
640502 q0 7315192 0
640502 q0 7315194 0
640502 q0 7315196 1
640502 q0 7322516 1
640502 q0 7334494 1
640502 q0 7334498 2
640502 q0 7338881 1
640502 q0 7420930 2
640502 q0 7456402 1
640502 q0 7456406 3
640502 q0 7470129 1
640502 q0 7498737 2
640502 q0 7514010 1
640502 q0 7514012 1
640502 q0 7540166 1
640502 q0 7540167 3
640502 q0 7682642 1
640502 q0 7682644 1
640502 q0 77134 2
640502 q0 77138 1
640502 q0 783061 1
640502 q0 7870816 1
640502 q0 7880194 1
640502 q0 7917064 2
640502 q0 7929765 0
640502 q0 7929770 1
640502 q0 7939140 1
640502 q0 7939143 1
640502 q0 8025476 0
640502 q0 8037420 1
640502 q0 807509 1
640502 q0 8097987 2
640502 q0 8157797 1
640502 q0 8233389 1
640502 q0 8233395 1
640502 q0 8348102 1
640502 q0 8405337 1
640502 q0 8412227 3
640502 q0 8412229 2
640502 q0 8429719 0
640502 q0 8450445 3
640502 q0 8451475 3
640502 q0 8451476 2
640502 q0 845159 1
640502 q0 8462353 1
640502 q0 8471417 3
640502 q0 8547819 1
640502 q0 8561597 1
640502 q0 8586543 1
640502 q0 8612389 3
640502 q0 8612390 2
640502 q0 8628509 1
640502 q0 8659174 1
640502 q0 8742761 1
640502 q0 877566 1
640502 q0 880180 2
640502 q0 88355 0
640502 q0 88363 1
640502 q0 884872 1
640502 q0 894100 0
640502 q0 914682 1
640502 q0 914685 1
640502 q0 941128 1
640502 q0 942925 1
640502 q0 944945 0
673670 q0 1005252 0
673670 q0 1010738 0
673670 q0 1011469 0
673670 q0 1012638 0
673670 q0 1012640 0
673670 q0 1027559 0
673670 q0 1031137 0
673670 q0 1034871 0
673670 q0 1039519 0
673670 q0 1039713 0
673670 q0 1041211 0
673670 q0 1042969 0
673670 q0 1045613 0
673670 q0 1046179 0
673670 q0 1053538 0
673670 q0 1061235 0
673670 q0 1062970 0
673670 q0 1066797 0
673670 q0 1070133 0
673670 q0 1070134 0
673670 q0 1073853 0
673670 q0 1076789 0
673670 q0 1093864 1
673670 q0 1101959 0
673670 q0 1105657 0
673670 q0 1141092 0
673670 q0 1176139 0
673670 q0 1237187 1
673670 q0 1282792 3
673670 q0 1282794 3
673670 q0 1302309 0
673670 q0 1318655 0
673670 q0 1364915 0
673670 q0 1364917 1
673670 q0 1364918 0
673670 q0 1382056 0
673670 q0 1397225 0
673670 q0 1398748 3
673670 q0 1398756 1
673670 q0 1408081 2
673670 q0 1511451 2
673670 q0 1511452 3
673670 q0 1511454 1
673670 q0 1511455 1
673670 q0 1511457 3
673670 q0 1511458 1
673670 q0 1511459 2
673670 q0 1511460 1
673670 q0 151874 0
673670 q0 1519572 0
673670 q0 1519574 0
673670 q0 1665447 1
673670 q0 1705886 1
673670 q0 1705892 1
673670 q0 1858578 1
673670 q0 1868786 0
673670 q0 1868788 0
673670 q0 1868789 0
673670 q0 1868790 0
673670 q0 1868791 1
673670 q0 1868794 0
673670 q0 1881872 1
673670 q0 1905068 2
673670 q0 1905070 1
673670 q0 1905075 1
673670 q0 1954736 1
673670 q0 1954745 2
673670 q0 2013193 2
673670 q0 2018332 1
673670 q0 2052017 0
673670 q0 2240350 2
673670 q0 2240351 3
673670 q0 2240352 1
673670 q0 2240353 1
673670 q0 2240354 3
673670 q0 2240355 1
673670 q0 2240356 3
673670 q0 2240357 2
673670 q0 2240358 1
673670 q0 2240359 1
673670 q0 24850 0
673670 q0 2697466 1
673670 q0 2963124 1
673670 q0 3006587 2
673670 q0 3006588 0
673670 q0 3006590 0
673670 q0 3006595 1
673670 q0 3025089 1
673670 q0 30614 0
673670 q0 316790 2
673670 q0 316794 0
673670 q0 3169483 1
673670 q0 334262 0
673670 q0 3345261 1
673670 q0 3345262 3
673670 q0 3345263 1
673670 q0 3345264 2
673670 q0 3345265 1
673670 q0 3345266 2
673670 q0 3345267 2
673670 q0 3345268 1
673670 q0 3345269 1
673670 q0 334627 1
673670 q0 3519334 0
673670 q0 3592286 2
673670 q0 3607495 1
673670 q0 3607497 2
673670 q0 3607500 3
673670 q0 3607501 1
673670 q0 3709672 0
673670 q0 3830208 2
673670 q0 3863633 2
673670 q0 3916293 1
673670 q0 3961222 1
673670 q0 4005530 0
673670 q0 4005534 0
673670 q0 4013566 3
673670 q0 4013569 1
673670 q0 4013570 1
673670 q0 4033941 1
673670 q0 41455 1
673670 q0 42620 0
673670 q0 4444507 0
673670 q0 4572876 1
673670 q0 4841230 2
673670 q0 512579 1
673670 q0 5139186 0
673670 q0 5139190 2
673670 q0 537584 1
673670 q0 5415079 1
673670 q0 543226 1
673670 q0 5445569 1
673670 q0 5544711 0
673670 q0 5555591 1
673670 q0 5623319 1
673670 q0 5957716 2
673670 q0 5959308 0
673670 q0 5962267 0
673670 q0 6182115 1
673670 q0 6342705 2
673670 q0 6342707 1
673670 q0 6395146 1
673670 q0 6555984 0
673670 q0 6733278 1
673670 q0 7061907 0
673670 q0 7142492 0
673670 q0 7142493 0
673670 q0 7257297 1
673670 q0 7257298 1
673670 q0 7257300 1
673670 q0 7257301 3
673670 q0 7257302 3
673670 q0 7257303 1
673670 q0 7257304 1
673670 q0 7257305 1
673670 q0 7257306 3
673670 q0 7259576 1
673670 q0 7259578 1
673670 q0 7381321 0
673670 q0 7381324 0
673670 q0 7381325 1
673670 q0 7464585 1
673670 q0 7729118 2
673670 q0 7732030 1
673670 q0 7797114 0
673670 q0 7797120 0
673670 q0 8008343 1
673670 q0 8008345 2
673670 q0 8008348 1
673670 q0 8008352 1
673670 q0 8064649 1
673670 q0 8094103 0
673670 q0 8103613 0
673670 q0 814827 1
673670 q0 8175687 1
673670 q0 8247981 0
673670 q0 824934 1
673670 q0 836634 2
673670 q0 8417472 1
673670 q0 8524262 2
673670 q0 8524263 3
673670 q0 8524264 1
673670 q0 8524266 1
673670 q0 8524267 1
673670 q0 8548970 1
673670 q0 8632357 3
673670 q0 8632359 1
673670 q0 8632360 3
673670 q0 8632361 1
673670 q0 8632362 2
673670 q0 8632363 1
673670 q0 8632364 3
673670 q0 8632365 1
673670 q0 8665885 1
673670 q0 8735639 1
673670 q0 8735640 3
673670 q0 8735643 3
673670 q0 8773078 3
673670 q0 8785369 0
673670 q0 8837074 1
673670 q0 8837075 1
673670 q0 8837082 1
673670 q0 907457 1
701453 q0 101215 1
701453 q0 101216 1
701453 q0 101220 1
701453 q0 1014565 1
701453 q0 1016655 0
701453 q0 1034362 0
701453 q0 1065237 1
701453 q0 1074330 0
701453 q0 1088270 1
701453 q0 1117050 0
701453 q0 1117051 1
701453 q0 1117053 1
701453 q0 1117054 1
701453 q0 1125917 1
701453 q0 1125922 1
701453 q0 1143668 1
701453 q0 1148860 0
701453 q0 1160097 0
701453 q0 1181917 0
701453 q0 118365 0
701453 q0 118372 0
701453 q0 127104 0
701453 q0 1281809 0
701453 q0 1299576 1
701453 q0 1308438 1
701453 q0 1338434 0
701453 q0 1349417 1
701453 q0 1349423 1
701453 q0 1349424 1
701453 q0 1389028 1
701453 q0 1394238 0
701453 q0 1394239 1
701453 q0 1435444 1
701453 q0 1437305 0
701453 q0 1452536 0
701453 q0 1477987 0
701453 q0 149368 0
701453 q0 1495085 1
701453 q0 1503748 0
701453 q0 1541636 0
701453 q0 1559740 1
701453 q0 1813606 1
701453 q0 1990366 0
701453 q0 2017208 0
701453 q0 2017210 0
701453 q0 2017212 1
701453 q0 2017215 1
701453 q0 2017216 1
701453 q0 2036076 2
701453 q0 2036079 1
701453 q0 2036081 1
701453 q0 2036085 0
701453 q0 2052461 1
701453 q0 2052463 0
701453 q0 2052465 0
701453 q0 2052468 0
701453 q0 2221982 1
701453 q0 2767968 1
701453 q0 2863314 1
701453 q0 299811 1
701453 q0 299816 0
701453 q0 3143000 1
701453 q0 3212512 1
701453 q0 3235286 0
701453 q0 332853 1
701453 q0 3427339 0
701453 q0 375246 1
701453 q0 3784655 0
701453 q0 381937 1
701453 q0 388379 1
701453 q0 4118509 0
701453 q0 416000 1
701453 q0 4224513 0
701453 q0 4224517 1
701453 q0 4306138 0
701453 q0 4330671 3
701453 q0 4330672 1
701453 q0 4330673 2
701453 q0 4330675 2
701453 q0 4330676 1
701453 q0 4330677 2
701453 q0 4330678 2
701453 q0 4330679 3
701453 q0 4330680 2
701453 q0 4355643 1
701453 q0 4355644 1
701453 q0 4355645 2
701453 q0 4355647 3
701453 q0 4355649 1
701453 q0 4355652 3
701453 q0 4379821 1
701453 q0 4379827 0
701453 q0 4572858 0
701453 q0 4628940 1
701453 q0 471356 1
701453 q0 4769495 0
701453 q0 4832977 1
701453 q0 5110504 1
701453 q0 5148117 0
701453 q0 5239355 0
701453 q0 5325769 0
701453 q0 5521743 1
701453 q0 5532667 0
701453 q0 561312 1
701453 q0 568223 1
701453 q0 5798491 1
701453 q0 5798493 1
701453 q0 5798494 1
701453 q0 5807806 1
701453 q0 5923931 1
701453 q0 5923932 1
701453 q0 5923935 1
701453 q0 5923938 1
701453 q0 606123 1
701453 q0 6473569 1
701453 q0 6473572 1
701453 q0 688613 1
701453 q0 688614 3
701453 q0 688615 3
701453 q0 688618 3
701453 q0 6999087 0
701453 q0 7062710 1
701453 q0 7192987 1
701453 q0 7259848 2
701453 q0 7259853 0
701453 q0 7333087 1
701453 q0 7481831 0
701453 q0 7490757 1
701453 q0 7723456 0
701453 q0 7779213 0
701453 q0 7785834 1
701453 q0 7806567 0
701453 q0 7806569 3
701453 q0 7806570 0
701453 q0 7921317 1
701453 q0 8133443 1
701453 q0 8162001 0
701453 q0 8246264 1
701453 q0 8299452 1
701453 q0 831755 0
701453 q0 8327689 0
701453 q0 8343953 1
701453 q0 8402344 1
701453 q0 8402345 1
701453 q0 8402346 1
701453 q0 8402347 1
701453 q0 8402348 2
701453 q0 8402349 2
701453 q0 8402350 1
701453 q0 8514422 0
701453 q0 8540624 1
701453 q0 8622597 0
701453 q0 8626140 1
701453 q0 8626143 1
701453 q0 8626145 1
701453 q0 8626146 2
701453 q0 8626147 1
701453 q0 8626148 1
701453 q0 8626149 2
701453 q0 8694417 1
701453 q0 871170 0
701453 q0 8822622 1
701453 q0 93961 1
701453 q0 93965 0
730539 q0 1033168 0
730539 q0 1105520 1
730539 q0 1207443 0
730539 q0 1211068 1
730539 q0 1253587 0
730539 q0 1406554 0
730539 q0 1477987 0
730539 q0 1520031 0
730539 q0 1520038 0
730539 q0 1625670 1
730539 q0 1625673 1
730539 q0 1625674 1
730539 q0 1641765 0
730539 q0 1649143 0
730539 q0 1676439 0
730539 q0 1678431 0
730539 q0 1686019 0
730539 q0 1965752 1
730539 q0 2009127 0
730539 q0 2025074 0
730539 q0 2032724 0
730539 q0 2032730 0
730539 q0 2105998 0
730539 q0 2128400 0
730539 q0 2274533 0
730539 q0 2276283 0
730539 q0 2299740 0
730539 q0 2348473 0
730539 q0 238021 0
730539 q0 239231 1
730539 q0 2432796 0
730539 q0 2470349 0
730539 q0 2506162 0
730539 q0 2561857 0
730539 q0 2574020 2
730539 q0 2629412 0
730539 q0 2645965 0
730539 q0 2652641 0
730539 q0 2666436 2
730539 q0 2666437 1
730539 q0 2666442 2
730539 q0 2666443 2
730539 q0 2666444 3
730539 q0 2693391 0
730539 q0 2776032 1
730539 q0 2784660 0
730539 q0 2821845 1
730539 q0 2829835 1
730539 q0 2850640 0
730539 q0 2869105 0
730539 q0 2873731 0
730539 q0 2990005 0
730539 q0 3016745 0
730539 q0 3016753 0
730539 q0 3054289 0
730539 q0 3082370 0
730539 q0 311986 1
730539 q0 3303728 1
730539 q0 3320012 2
730539 q0 3366223 0
730539 q0 3434023 0
730539 q0 3476824 2
730539 q0 3478912 0
730539 q0 3487820 0
730539 q0 3750200 0
730539 q0 3769086 0
730539 q0 3769090 0
730539 q0 3929641 0
730539 q0 3944257 2
730539 q0 3951555 0
730539 q0 3956819 0
730539 q0 3967462 0
730539 q0 3977835 0
730539 q0 4000775 1
730539 q0 4118696 1
730539 q0 4118697 0
730539 q0 4118698 1
730539 q0 4144299 0
730539 q0 4198008 0
730539 q0 437274 1
730539 q0 437276 2
730539 q0 437283 0
730539 q0 4400410 1
730539 q0 4472189 0
730539 q0 4601677 0
730539 q0 4605022 3
730539 q0 4726812 1
730539 q0 4821894 0
730539 q0 4885113 0
730539 q0 4885121 0
730539 q0 4920719 0
730539 q0 4921960 0
730539 q0 4964813 0
730539 q0 5059707 0
730539 q0 5138971 0
730539 q0 5160590 0
730539 q0 5214934 0
730539 q0 5240590 1
730539 q0 5259744 0
730539 q0 5309193 0
730539 q0 5327724 0
730539 q0 5339355 0
730539 q0 5428551 1
730539 q0 5428552 1
730539 q0 5452882 1
730539 q0 5452884 1
730539 q0 56179 1
730539 q0 56187 1
730539 q0 5671751 0
730539 q0 5743510 0
730539 q0 5944716 0
730539 q0 5968299 0
730539 q0 5979572 0
730539 q0 6178302 0
730539 q0 6180442 0
730539 q0 6223239 0
730539 q0 6307250 0
730539 q0 6323626 1
730539 q0 6375011 0
730539 q0 6499468 0
730539 q0 6519567 0
730539 q0 6569496 1
730539 q0 6605711 1
730539 q0 6713778 0
730539 q0 6734967 2
730539 q0 6807931 0
730539 q0 690810 1
730539 q0 6972090 1
730539 q0 7054312 0
730539 q0 7122724 0
730539 q0 7123443 0
730539 q0 7129068 0
730539 q0 7145924 2
730539 q0 7173439 0
730539 q0 7182555 0
730539 q0 7263764 0
730539 q0 7464331 0
730539 q0 7605115 0
730539 q0 7646985 0
730539 q0 7646987 0
730539 q0 7786696 0
730539 q0 7832360 0
730539 q0 783287 1
730539 q0 7916064 3
730539 q0 7950838 0
730539 q0 8015861 0
730539 q0 8065602 0
730539 q0 8079330 0
730539 q0 8155346 1
730539 q0 8190271 0
730539 q0 8199296 0
730539 q0 8276217 1
730539 q0 8276218 3
730539 q0 8276219 1
730539 q0 8276220 1
730539 q0 8276221 2
730539 q0 8276222 1
730539 q0 8276223 2
730539 q0 8276224 1
730539 q0 8276225 1
730539 q0 8276226 1
730539 q0 835691 1
730539 q0 837984 0
730539 q0 8413912 1
730539 q0 8413914 1
730539 q0 8577874 1
730539 q0 8577875 1
730539 q0 8577876 2
730539 q0 8577877 3
730539 q0 8577878 2
730539 q0 8577879 1
730539 q0 8577880 2
730539 q0 8577881 1
730539 q0 8577882 1
730539 q0 8728494 1
730539 q0 8814741 0
730539 q0 934599 0
730539 q0 999651 0
768208 q0 1006655 0
768208 q0 1015600 0
768208 q0 1023920 0
768208 q0 1025970 0
768208 q0 1032381 0
768208 q0 1032783 0
768208 q0 1034871 0
768208 q0 1036476 0
768208 q0 1036482 0
768208 q0 1039255 0
768208 q0 1039519 0
768208 q0 1039713 0
768208 q0 1044794 0
768208 q0 1047693 0
768208 q0 105695 0
768208 q0 1061235 0
768208 q0 1061763 0
768208 q0 106593 0
768208 q0 1066469 0
768208 q0 1066595 0
768208 q0 1070134 0
768208 q0 1082217 0
768208 q0 1085175 0
768208 q0 1089287 0
768208 q0 109126 0
768208 q0 1097228 0
768208 q0 1108369 0
768208 q0 1113263 0
768208 q0 1136042 0
768208 q0 114448 0
768208 q0 132096 0
768208 q0 1445130 0
768208 q0 1532218 0
768208 q0 1541644 0
768208 q0 1565538 0
768208 q0 1577384 0
768208 q0 1643702 0
768208 q0 1727210 0
768208 q0 1747568 2
768208 q0 1833797 0
768208 q0 1892870 0
768208 q0 1974217 0
768208 q0 2103787 0
768208 q0 2379474 2
768208 q0 2513095 0
768208 q0 2513097 0
768208 q0 3077108 0
768208 q0 3171399 0
768208 q0 3186011 0
768208 q0 3187590 2
768208 q0 3187597 1
768208 q0 3392288 0
768208 q0 3392289 0
768208 q0 3392291 0
768208 q0 3392294 0
768208 q0 345116 0
768208 q0 345117 0
768208 q0 3467542 0
768208 q0 3515882 2
768208 q0 3515883 2
768208 q0 3515884 3
768208 q0 3515887 2
768208 q0 3524347 0
768208 q0 3621060 0
768208 q0 3621068 0
768208 q0 3701937 0
768208 q0 3701938 0
768208 q0 3701939 1
768208 q0 3701940 0
768208 q0 3701941 0
768208 q0 3701942 0
768208 q0 3701943 0
768208 q0 3701944 0
768208 q0 3701945 0
768208 q0 3701946 0
768208 q0 3710762 0
768208 q0 3716649 0
768208 q0 3782289 0
768208 q0 3918381 0
768208 q0 4226934 0
768208 q0 4251602 2
768208 q0 4252827 1
768208 q0 4319475 0
768208 q0 4321560 0
768208 q0 4474661 0
768208 q0 4619237 0
768208 q0 4776952 0
768208 q0 4835102 1
768208 q0 4842712 0
768208 q0 5068559 0
768208 q0 5170146 0
768208 q0 52154 3
768208 q0 52155 3
768208 q0 52156 1
768208 q0 52157 3
768208 q0 52158 3
768208 q0 52159 1
768208 q0 52160 3
768208 q0 52161 2
768208 q0 52162 2
768208 q0 52163 3
768208 q0 5218357 0
768208 q0 5275433 0
768208 q0 5312145 0
768208 q0 5442031 0
768208 q0 547867 1
768208 q0 5500233 0
768208 q0 5638662 0
768208 q0 5671464 0
768208 q0 5725386 0
768208 q0 5988548 0
768208 q0 6000231 0
768208 q0 617106 2
768208 q0 6433731 0
768208 q0 6512413 0
768208 q0 6512418 0
768208 q0 6589848 0
768208 q0 673395 0
768208 q0 6835292 0
768208 q0 6845596 0
768208 q0 6964117 1
768208 q0 701872 0
768208 q0 7060229 0
768208 q0 7170163 0
768208 q0 7215703 0
768208 q0 7278046 0
768208 q0 7370756 0
768208 q0 7389311 1
768208 q0 7418968 0
768208 q0 7573658 0
768208 q0 7648533 0
768208 q0 7648534 0
768208 q0 7698499 0
768208 q0 7942105 0
768208 q0 7942107 1
768208 q0 7967947 0
768208 q0 7981480 0
768208 q0 7991722 0
768208 q0 7996343 2
768208 q0 8041502 0
768208 q0 8080020 0
768208 q0 8092126 0
768208 q0 813094 0
768208 q0 813095 0
768208 q0 813096 0
768208 q0 813097 0
768208 q0 813098 1
768208 q0 813099 0
768208 q0 813100 2
768208 q0 813102 3
768208 q0 8401646 0
768208 q0 8436330 0
768208 q0 8436335 0
768208 q0 8454655 0
768208 q0 8525678 0
768208 q0 8525679 0
768208 q0 8525680 0
768208 q0 8525681 2
768208 q0 8525683 3
768208 q0 8525685 0
768208 q0 8615153 0
768208 q0 8615154 0
768208 q0 8719152 0
877809 q0 1030813 1
877809 q0 1030818 1
877809 q0 1050326 1
877809 q0 1050327 3
877809 q0 1062074 1
877809 q0 119535 1
877809 q0 1196593 1
877809 q0 1214881 0
877809 q0 1214887 0
877809 q0 1214890 0
877809 q0 1222018 1
877809 q0 1314509 1
877809 q0 1314514 1
877809 q0 1335170 3
877809 q0 13508 0
877809 q0 1420115 1
877809 q0 1436802 0
877809 q0 1469362 2
877809 q0 1474587 1
877809 q0 1495852 1
877809 q0 1495853 2
877809 q0 1495856 2
877809 q0 1495857 2
877809 q0 1550610 3
877809 q0 1550611 1
877809 q0 1550612 1
877809 q0 1550613 3
877809 q0 1719922 2
877809 q0 1729009 0
877809 q0 1729010 0
877809 q0 1821653 1
877809 q0 1830189 1
877809 q0 1856108 1
877809 q0 1869685 0
877809 q0 188503 0
877809 q0 1939815 1
877809 q0 2002732 1
877809 q0 2016455 2
877809 q0 2057371 1
877809 q0 2086771 0
877809 q0 212437 0
877809 q0 2180647 1
877809 q0 2208912 1
877809 q0 2217 0
877809 q0 2298370 1
877809 q0 2298372 1
877809 q0 2298374 2
877809 q0 2320869 0
877809 q0 2373177 1
877809 q0 2515032 2
877809 q0 2515036 2
877809 q0 2567626 1
877809 q0 2581230 2
877809 q0 2640804 2
877809 q0 2781468 1
877809 q0 3052868 2
877809 q0 3073810 1
877809 q0 3105142 1
877809 q0 3248714 1
877809 q0 3254736 1
877809 q0 3328098 1
877809 q0 35106 1
877809 q0 35107 1
877809 q0 35108 1
877809 q0 35109 1
877809 q0 35111 2
877809 q0 35112 1
877809 q0 35113 1
877809 q0 35114 2
877809 q0 3716286 2
877809 q0 3716293 1
877809 q0 379134 1
877809 q0 3879161 1
877809 q0 3879167 1
877809 q0 3914626 1
877809 q0 3982277 1
877809 q0 4061456 1
877809 q0 4080568 2
877809 q0 4198233 0
877809 q0 4240809 0
877809 q0 4376828 0
877809 q0 4402455 2
877809 q0 4402457 3
877809 q0 4413437 1
877809 q0 4422043 0
877809 q0 4451788 0
877809 q0 4506307 0
877809 q0 4534156 1
877809 q0 4552628 1
877809 q0 4578596 0
877809 q0 4635482 2
877809 q0 4654946 2
877809 q0 4691877 0
877809 q0 4714899 1
877809 q0 4800292 2
877809 q0 486559 1
877809 q0 4879503 1
877809 q0 4888926 3
877809 q0 4888929 3
877809 q0 4888932 2
877809 q0 4990021 1
877809 q0 5037396 2
877809 q0 5063955 2
877809 q0 5063956 2
877809 q0 5063961 2
877809 q0 5072101 0
877809 q0 51729 0
877809 q0 5196143 2
877809 q0 5196144 2
877809 q0 5196148 3
877809 q0 5324717 0
877809 q0 5518518 0
877809 q0 569523 1
877809 q0 5697595 1
877809 q0 5758399 1
877809 q0 5789252 0
877809 q0 5838800 1
877809 q0 5940393 1
877809 q0 5940394 1
877809 q0 6000132 1
877809 q0 6180621 0
877809 q0 6269992 0
877809 q0 6269993 0
877809 q0 6269994 0
877809 q0 6269995 0
877809 q0 6269997 1
877809 q0 6269998 2
877809 q0 6269999 2
877809 q0 6270000 3
877809 q0 62754 2
877809 q0 6276915 1
877809 q0 6303123 1
877809 q0 6303127 1
877809 q0 6306991 2
877809 q0 6406640 0
877809 q0 6406648 1
877809 q0 6452435 0
877809 q0 6542169 1
877809 q0 6574283 0
877809 q0 6617359 0
877809 q0 6629300 1
877809 q0 6680909 1
877809 q0 6704838 1
877809 q0 6722552 0
877809 q0 6762711 1
877809 q0 6770400 3
877809 q0 6811444 0
877809 q0 6833783 1
877809 q0 6833786 1
877809 q0 6870954 2
877809 q0 6993457 1
877809 q0 7040017 2
877809 q0 7040022 1
877809 q0 7040023 2
877809 q0 7050366 3
877809 q0 7050367 0
877809 q0 7070854 1
877809 q0 7083790 1
877809 q0 7113033 0
877809 q0 726822 2
877809 q0 7346771 2
877809 q0 7380092 1
877809 q0 7380094 2
877809 q0 7380100 1
877809 q0 741714 1
877809 q0 7523059 0
877809 q0 7528974 0
877809 q0 7540611 1
877809 q0 7612523 0
877809 q0 770790 0
877809 q0 7714170 0
877809 q0 7714177 1
877809 q0 7715392 1
877809 q0 7715393 1
877809 q0 7732887 0
877809 q0 7757209 0
877809 q0 7764991 2
877809 q0 7806866 1
877809 q0 7832039 0
877809 q0 7833235 0
877809 q0 7865987 0
877809 q0 788181 2
877809 q0 788184 2
877809 q0 7895860 1
877809 q0 7906970 1
877809 q0 7938405 0
877809 q0 7952694 3
877809 q0 7952695 1
877809 q0 8001884 0
877809 q0 8049109 2
877809 q0 8053544 1
877809 q0 8165590 2
877809 q0 8187046 1
877809 q0 825224 1
877809 q0 8290072 1
877809 q0 8405570 1
877809 q0 8405574 1
877809 q0 8494608 2
877809 q0 8511146 1
877809 q0 8517491 1
877809 q0 8599230 1
877809 q0 8599235 1
877809 q0 8629857 1
877809 q0 8659718 3
877809 q0 8703650 0
877809 q0 8720142 1
877809 q0 902417 0
911232 q0 1077053 0
911232 q0 1100882 1
911232 q0 1114596 0
911232 q0 1153408 0
911232 q0 124445 1
911232 q0 1251636 1
911232 q0 1253670 0
911232 q0 1262243 0
911232 q0 1273376 0
911232 q0 1421668 0
911232 q0 1551908 0
911232 q0 1551912 0
911232 q0 1551917 0
911232 q0 1582443 1
911232 q0 1651155 0
911232 q0 1699559 0
911232 q0 1725219 0
911232 q0 1877233 1
911232 q0 1877238 1
911232 q0 1879470 1
911232 q0 1879471 0
911232 q0 1879472 1
911232 q0 1879474 1
911232 q0 1879475 1
911232 q0 1986073 1
911232 q0 2070746 0
911232 q0 2154972 1
911232 q0 2185606 0
911232 q0 2219819 0
911232 q0 2219822 0
911232 q0 2428679 1
911232 q0 2433526 0
911232 q0 2590541 2
911232 q0 2686637 0
911232 q0 2686639 0
911232 q0 2686643 0
911232 q0 276497 1
911232 q0 281378 0
911232 q0 281382 0
911232 q0 281686 1
911232 q0 2912229 0
911232 q0 296720 0
911232 q0 2999924 1
911232 q0 2999925 2
911232 q0 2999926 1
911232 q0 2999928 1
911232 q0 2999929 1
911232 q0 2999930 1
911232 q0 2999931 2
911232 q0 2999933 1
911232 q0 3025756 0
911232 q0 3063695 1
911232 q0 3081270 0
911232 q0 3119271 0
911232 q0 3137929 0
911232 q0 3181523 0
911232 q0 3243365 0
911232 q0 3270595 0
911232 q0 3321459 0
911232 q0 3400394 0
911232 q0 3641147 0
911232 q0 3800760 0
911232 q0 3915057 0
911232 q0 3976217 1
911232 q0 4035132 0
911232 q0 4035133 0
911232 q0 4171820 0
911232 q0 4356639 1
911232 q0 4433342 0
911232 q0 4517904 1
911232 q0 4517906 1
911232 q0 456597 0
911232 q0 4570718 0
911232 q0 4574419 0
911232 q0 4892630 0
911232 q0 4892632 0
911232 q0 4892634 0
911232 q0 4892635 0
911232 q0 4892636 0
911232 q0 4892637 0
911232 q0 4892638 0
911232 q0 4904174 0
911232 q0 4958445 1
911232 q0 4958473 0
911232 q0 4959197 0
911232 q0 4967291 1
911232 q0 4967294 1
911232 q0 4967295 1
911232 q0 4967296 0
911232 q0 4967297 1
911232 q0 4967298 0
911232 q0 4967299 1
911232 q0 5244942 0
911232 q0 5332362 0
911232 q0 5460086 0
911232 q0 5487565 0
911232 q0 5588078 0
911232 q0 5737736 0
911232 q0 6199280 0
911232 q0 6226366 0
911232 q0 6261255 1
911232 q0 6555853 0
911232 q0 6897491 1
911232 q0 6905165 0
911232 q0 6928649 1
911232 q0 6928653 2
911232 q0 6928655 2
911232 q0 6963224 0
911232 q0 7044691 0
911232 q0 7057600 0
911232 q0 7142159 0
911232 q0 7238675 1
911232 q0 7244149 0
911232 q0 7244574 0
911232 q0 7244788 1
911232 q0 7250736 0
911232 q0 7279677 0
911232 q0 7385993 0
911232 q0 747226 0
911232 q0 7486721 1
911232 q0 7486723 0
911232 q0 7486726 0
911232 q0 7509873 0
911232 q0 7532416 1
911232 q0 7532423 1
911232 q0 759945 0
911232 q0 7649055 0
911232 q0 7678300 0
911232 q0 7934815 0
911232 q0 7953925 1
911232 q0 7958779 0
911232 q0 8064590 0
911232 q0 8225341 0
911232 q0 8319628 0
911232 q0 8438621 0
911232 q0 8439240 0
911232 q0 8440461 1
911232 q0 8455239 0
911232 q0 8484172 0
911232 q0 8527980 0
911232 q0 8605567 0
911232 q0 8635300 0
911232 q0 8661186 1
911232 q0 8816617 1
911232 q0 8816620 2
911232 q0 8816621 1
911232 q0 8816622 3
911232 q0 8816623 1
911232 q0 8816624 1
911232 q0 8816625 1
911232 q0 8816626 1
911232 q0 907979 0
914916 q0 1010059 1
914916 q0 1027218 2
914916 q0 1027219 1
914916 q0 1183902 1
914916 q0 1183903 2
914916 q0 1183904 2
914916 q0 1183905 1
914916 q0 1194681 2
914916 q0 1194685 2
914916 q0 1202499 1
914916 q0 1273067 1
914916 q0 1292482 2
914916 q0 1444921 1
914916 q0 1501494 2
914916 q0 1545740 3
914916 q0 1545741 1
914916 q0 1545742 1
914916 q0 1593795 1
914916 q0 1702011 2
914916 q0 1737888 0
914916 q0 1752784 1
914916 q0 1835661 1
914916 q0 1918908 1
914916 q0 1966418 1
914916 q0 2001626 2
914916 q0 2001628 2
914916 q0 2001630 2
914916 q0 2001632 1
914916 q0 2020133 2
914916 q0 2083752 1
914916 q0 2200004 2
914916 q0 2266089 2
914916 q0 2463782 1
914916 q0 2521986 2
914916 q0 2631739 1
914916 q0 2631741 1
914916 q0 2631742 1
914916 q0 2631743 2
914916 q0 2631744 2
914916 q0 2631745 2
914916 q0 2631746 2
914916 q0 2631747 2
914916 q0 2693897 1
914916 q0 2696191 1
914916 q0 2754113 2
914916 q0 2895510 1
914916 q0 2910887 2
914916 q0 2989234 3
914916 q0 2989235 1
914916 q0 2989236 1
914916 q0 2989239 2
914916 q0 2991847 1
914916 q0 3000228 1
914916 q0 3023667 0
914916 q0 3057734 2
914916 q0 3057739 3
914916 q0 306319 1
914916 q0 311887 1
914916 q0 3152169 1
914916 q0 3152176 2
914916 q0 316960 1
914916 q0 3170834 1
914916 q0 3170837 1
914916 q0 3170839 1
914916 q0 3170857 3
914916 q0 3187697 2
914916 q0 3253278 1
914916 q0 3253279 1
914916 q0 3349179 1
914916 q0 3390054 0
914916 q0 3459136 1
914916 q0 3473384 0
914916 q0 3490320 1
914916 q0 3530681 1
914916 q0 3530685 1
914916 q0 3535197 0
914916 q0 3535611 1
914916 q0 3573849 1
914916 q0 3573852 1
914916 q0 3643633 1
914916 q0 3763841 2
914916 q0 380108 1
914916 q0 3975869 1
914916 q0 3992937 1
914916 q0 3998172 1
914916 q0 4023899 1
914916 q0 4102300 1
914916 q0 4146346 1
914916 q0 4266460 2
914916 q0 4267676 0
914916 q0 4425458 1
914916 q0 4425459 1
914916 q0 4425460 1
914916 q0 4455575 1
914916 q0 4468018 1
914916 q0 4482574 1
914916 q0 4482575 1
914916 q0 4482576 1
914916 q0 4482577 1
914916 q0 4536246 1
914916 q0 4571856 1
914916 q0 4571857 1
914916 q0 4718738 0
914916 q0 4768595 1
914916 q0 4790770 0
914916 q0 4794724 1
914916 q0 4840519 1
914916 q0 4854255 2
914916 q0 4884201 1
914916 q0 4893808 0
914916 q0 4958358 1
914916 q0 4964690 1
914916 q0 5039693 2
914916 q0 5039695 2
914916 q0 5122808 2
914916 q0 5177082 1
914916 q0 5177084 1
914916 q0 5325750 1
914916 q0 5334070 1
914916 q0 534956 2
914916 q0 5357273 1
914916 q0 5363821 1
914916 q0 5380647 1
914916 q0 5380648 2
914916 q0 5380650 1
914916 q0 5439629 1
914916 q0 5445352 0
914916 q0 5563345 1
914916 q0 56276 0
914916 q0 5645968 1
914916 q0 5681257 2
914916 q0 5681258 2
914916 q0 5681262 1
914916 q0 5730352 2
914916 q0 5730354 1
914916 q0 5730355 2
914916 q0 5730356 3
914916 q0 5730357 3
914916 q0 5730358 1
914916 q0 5747079 3
914916 q0 5747086 1
914916 q0 5764496 1
914916 q0 5784909 1
914916 q0 5784911 1
914916 q0 5890301 1
914916 q0 5890304 2
914916 q0 5890307 2
914916 q0 5890308 1
914916 q0 593526 1
914916 q0 5945849 1
914916 q0 6006655 1
914916 q0 6042348 2
914916 q0 6042350 3
914916 q0 6071696 1
914916 q0 6071697 1
914916 q0 6072811 1
914916 q0 6104494 2
914916 q0 6181170 1
914916 q0 6190145 1
914916 q0 6214325 1
914916 q0 6215752 1
914916 q0 6282189 1
914916 q0 6480642 0
914916 q0 648873 0
914916 q0 6613409 1
914916 q0 681813 1
914916 q0 6818269 1
914916 q0 6818272 2
914916 q0 6818273 2
914916 q0 6818275 1
914916 q0 6864337 0
914916 q0 6947198 2
914916 q0 6974915 0
914916 q0 702616 2
914916 q0 702623 1
914916 q0 7040507 2
914916 q0 7081903 1
914916 q0 7108327 0
914916 q0 7108328 0
914916 q0 7150649 1
914916 q0 7240123 1
914916 q0 7240128 1
914916 q0 7268560 1
914916 q0 7407145 1
914916 q0 7634078 1
914916 q0 7662448 1
914916 q0 76878 1
914916 q0 7747316 1
914916 q0 7747317 1
914916 q0 7798475 1
914916 q0 7798477 2
914916 q0 7798478 2
914916 q0 7798480 1
914916 q0 7810476 1
914916 q0 7848930 2
914916 q0 7970846 1
914916 q0 8018785 0
914916 q0 8027657 1
914916 q0 8129165 1
914916 q0 8144637 1
914916 q0 8144639 1
914916 q0 8149382 0
914916 q0 820525 0
914916 q0 8345544 1
914916 q0 8348854 1
914916 q0 8382302 1
914916 q0 8438561 1
914916 q0 8481901 1
914916 q0 8520449 1
914916 q0 8563840 2
914916 q0 8689503 3
914916 q0 8772516 2
914916 q0 8772517 3
914916 q0 8772518 3
914916 q0 8772519 2
914916 q0 8772520 2
914916 q0 8772521 1
914916 q0 8772524 2
914916 q0 8772525 1
938400 q0 1193480 0
938400 q0 1246779 1
938400 q0 1399816 0
938400 q0 1430315 1
938400 q0 1430808 0
938400 q0 150196 0
938400 q0 1557563 0
938400 q0 1571994 1
938400 q0 1628914 1
938400 q0 1798362 0
938400 q0 1798363 0
938400 q0 1842923 0
938400 q0 1842924 0
938400 q0 1842926 0
938400 q0 1842928 0
938400 q0 1869047 1
938400 q0 2009152 1
938400 q0 2009153 1
938400 q0 2009157 1
938400 q0 2032730 0
938400 q0 2071046 2
938400 q0 2071051 1
938400 q0 2071052 1
938400 q0 2071055 1
938400 q0 2088597 2
938400 q0 2208294 0
938400 q0 2354119 0
938400 q0 2354125 0
938400 q0 2367686 0
938400 q0 2371820 0
938400 q0 2484342 1
938400 q0 2484343 1
938400 q0 2484344 1
938400 q0 2484345 0
938400 q0 2484346 1
938400 q0 2484347 1
938400 q0 2484348 1
938400 q0 2484349 1
938400 q0 2484350 1
938400 q0 2493044 0
938400 q0 2495394 0
938400 q0 2532047 1
938400 q0 2532048 1
938400 q0 2532049 3
938400 q0 2532053 1
938400 q0 2659899 1
938400 q0 275559 0
938400 q0 275560 0
938400 q0 2870509 1
938400 q0 2870510 0
938400 q0 2870514 3
938400 q0 2870515 1
938400 q0 2958099 1
938400 q0 2958100 1
938400 q0 2958103 1
938400 q0 2958104 1
938400 q0 2958107 3
938400 q0 2962204 1
938400 q0 2962205 1
938400 q0 2962207 1
938400 q0 2962208 3
938400 q0 2962209 2
938400 q0 2962210 1
938400 q0 2962212 3
938400 q0 3035283 0
938400 q0 3035287 3
938400 q0 3035288 2
938400 q0 3074063 0
938400 q0 3074068 0
938400 q0 3088746 3
938400 q0 3088747 3
938400 q0 3088748 3
938400 q0 3088750 1
938400 q0 3088751 1
938400 q0 3088754 1
938400 q0 3088755 1
938400 q0 3196382 0
938400 q0 3196383 0
938400 q0 3353755 1
938400 q0 3353756 1
938400 q0 3353757 1
938400 q0 3353758 1
938400 q0 3353759 1
938400 q0 3353760 1
938400 q0 3353761 1
938400 q0 3353762 3
938400 q0 3353763 1
938400 q0 3353764 2
938400 q0 3371846 0
938400 q0 3385149 0
938400 q0 3475191 0
938400 q0 3659760 0
938400 q0 3687393 0
938400 q0 3820291 0
938400 q0 3820292 1
938400 q0 3820293 1
938400 q0 3820294 2
938400 q0 3820295 3
938400 q0 3914686 3
938400 q0 3914687 1
938400 q0 3914689 1
938400 q0 3914690 1
938400 q0 3953174 0
938400 q0 3977499 0
938400 q0 3977500 0
938400 q0 4146646 0
938400 q0 4207804 1
938400 q0 4207807 3
938400 q0 4207808 0
938400 q0 4333303 0
938400 q0 4381092 0
938400 q0 4558807 0
938400 q0 4591913 1
938400 q0 4648791 0
938400 q0 4718738 0
938400 q0 47281 1
938400 q0 47283 1
938400 q0 47286 1
938400 q0 47287 1
938400 q0 47290 2
938400 q0 4827635 1
938400 q0 4879346 0
938400 q0 492658 1
938400 q0 4956057 3
938400 q0 4956059 3
938400 q0 4956063 1
938400 q0 4956064 3
938400 q0 5028178 0
938400 q0 504470 1
938400 q0 504473 1
938400 q0 5061328 1
938400 q0 5154744 0
938400 q0 5154746 0
938400 q0 5154747 0
938400 q0 5154748 0
938400 q0 5154752 0
938400 q0 5231481 0
938400 q0 5351415 0
938400 q0 5654540 1
938400 q0 5833738 1
938400 q0 5833739 1
938400 q0 5848223 0
938400 q0 5972480 0
938400 q0 6101116 1
938400 q0 6109333 0
938400 q0 6246560 1
938400 q0 6246564 0
938400 q0 6351188 0
938400 q0 6499448 0
938400 q0 6499450 2
938400 q0 6501473 2
938400 q0 6769076 1
938400 q0 6769078 1
938400 q0 6769079 1
938400 q0 6937213 2
938400 q0 6948322 0
938400 q0 6948323 1
938400 q0 7004405 1
938400 q0 7004406 3
938400 q0 7004408 2
938400 q0 7004409 1
938400 q0 7004410 1
938400 q0 7153659 0
938400 q0 7239121 1
938400 q0 7239123 1
938400 q0 7252862 0
938400 q0 7313619 1
938400 q0 7313620 3
938400 q0 7313621 1
938400 q0 7313622 1
938400 q0 7313624 1
938400 q0 7313626 2
938400 q0 7477895 0
938400 q0 7624439 1
938400 q0 7624440 1
938400 q0 7624441 1
938400 q0 7624443 1
938400 q0 7676247 0
938400 q0 7787197 2
938400 q0 790219 1
938400 q0 790222 2
938400 q0 790223 1
938400 q0 790225 1
938400 q0 7970190 1
938400 q0 7970191 1
938400 q0 8178702 0
938400 q0 8309427 2
938400 q0 8309428 2
938400 q0 8309429 1
938400 q0 8309431 1
938400 q0 8309432 1
938400 q0 8309433 1
938400 q0 8309436 1
938400 q0 8660289 0
938400 q0 8678066 3
938400 q0 8678067 1
938400 q0 8678069 0
938400 q0 8678070 1
938400 q0 8678071 1
938400 q0 8678072 1
938400 q0 8723838 2
938400 q0 8723839 0
938400 q0 8727450 0
938400 q0 8769932 3
938400 q0 881068 1
938400 q0 891872 0
940547 q0 1135323 1
940547 q0 1219196 1
940547 q0 1277675 1
940547 q0 1335718 1
940547 q0 1383750 2
940547 q0 1427161 0
940547 q0 160231 1
940547 q0 1676308 1
940547 q0 1676310 1
940547 q0 1763144 1
940547 q0 1882247 1
940547 q0 1976277 2
940547 q0 2014680 0
940547 q0 2112880 0
940547 q0 2120466 1
940547 q0 21660 1
940547 q0 2352570 1
940547 q0 2367025 1
940547 q0 2404877 2
940547 q0 2405887 1
940547 q0 246734 0
940547 q0 2549595 1
940547 q0 2613390 1
940547 q0 2613393 2
940547 q0 2613397 1
940547 q0 2625173 2
940547 q0 2667345 3
940547 q0 2667347 2
940547 q0 2667350 2
940547 q0 2667352 1
940547 q0 2667353 3
940547 q0 2675314 0
940547 q0 2699754 2
940547 q0 2729630 2
940547 q0 2814756 3
940547 q0 2826200 1
940547 q0 2826202 1
940547 q0 287378 1
940547 q0 2913249 1
940547 q0 2947470 0
940547 q0 3048320 1
940547 q0 3071722 1
940547 q0 3113409 1
940547 q0 3242553 1
940547 q0 3275347 1
940547 q0 3314504 1
940547 q0 3314511 1
940547 q0 3378656 1
940547 q0 3547813 1
940547 q0 3547822 2
940547 q0 3558981 1
940547 q0 3558982 1
940547 q0 3558983 1
940547 q0 3558985 1
940547 q0 3667609 1
940547 q0 3705517 2
940547 q0 3705518 1
940547 q0 3706456 3
940547 q0 3745285 0
940547 q0 3745286 0
940547 q0 3814285 2
940547 q0 3822458 0
940547 q0 3822461 1
940547 q0 3822464 1
940547 q0 3822467 1
940547 q0 3899964 1
940547 q0 3899965 2
940547 q0 3924866 0
940547 q0 3932566 0
940547 q0 4086990 2
940547 q0 4213063 1
940547 q0 4218887 1
940547 q0 4274210 1
940547 q0 4377477 0
940547 q0 4377478 1
940547 q0 4377479 2
940547 q0 4377480 0
940547 q0 4377481 0
940547 q0 4377482 1
940547 q0 4377483 0
940547 q0 4377484 2
940547 q0 4377485 1
940547 q0 4481817 1
940547 q0 4487321 1
940547 q0 4489259 2
940547 q0 4489262 1
940547 q0 4489266 1
940547 q0 4491773 0
940547 q0 4584778 1
940547 q0 4612145 0
940547 q0 4617743 1
940547 q0 4652487 1
940547 q0 4664997 2
940547 q0 4664999 2
940547 q0 4665000 1
940547 q0 4681929 1
940547 q0 4696636 1
940547 q0 4696639 1
940547 q0 4696640 3
940547 q0 4696641 1
940547 q0 4696642 1
940547 q0 4696643 1
940547 q0 4696644 1
940547 q0 4732312 0
940547 q0 4787647 1
940547 q0 4787648 1
940547 q0 4787649 1
940547 q0 4800886 2
940547 q0 4800890 3
940547 q0 4800891 1
940547 q0 4820847 1
940547 q0 4820850 2
940547 q0 4857306 2
940547 q0 4867251 1
940547 q0 4960307 1
940547 q0 4981593 1
940547 q0 5043928 1
940547 q0 506000 2
940547 q0 506003 1
940547 q0 506006 2
940547 q0 5118370 3
940547 q0 5118371 2
940547 q0 5118373 2
940547 q0 5118376 2
940547 q0 5118378 3
940547 q0 5255827 0
940547 q0 5267907 1
940547 q0 5270014 1
940547 q0 5270015 1
940547 q0 5288444 1
940547 q0 5288447 1
940547 q0 5295968 1
940547 q0 5300647 2
940547 q0 5300648 2
940547 q0 5300651 3
940547 q0 5300654 3
940547 q0 5307501 1
940547 q0 5368339 1
940547 q0 5472541 1
940547 q0 5504262 0
940547 q0 5831702 2
940547 q0 5831703 3
940547 q0 5831707 3
940547 q0 5831708 3
940547 q0 5831710 1
940547 q0 5831711 3
940547 q0 61062 3
940547 q0 61068 3
940547 q0 61069 1
940547 q0 61070 3
940547 q0 61071 2
940547 q0 6242680 1
940547 q0 6295874 2
940547 q0 6298951 2
940547 q0 6404591 1
940547 q0 6548463 1
940547 q0 6656482 2
940547 q0 6693956 1
940547 q0 6693958 2
940547 q0 6782541 2
940547 q0 6782543 2
940547 q0 69247 1
940547 q0 6938106 2
940547 q0 7052524 1
940547 q0 7172430 1
940547 q0 7201455 1
940547 q0 7236292 0
940547 q0 7259156 1
940547 q0 7259157 3
940547 q0 7280582 2
940547 q0 7280583 2
940547 q0 7280584 2
940547 q0 7280585 1
940547 q0 7282174 1
940547 q0 7282176 2
940547 q0 7282181 1
940547 q0 7282182 2
940547 q0 7290066 1
940547 q0 7290068 1
940547 q0 7290069 1
940547 q0 7290071 1
940547 q0 7290072 2
940547 q0 7290074 0
940547 q0 7290075 1
940547 q0 7377513 0
940547 q0 755181 2
940547 q0 7848061 2
940547 q0 7855420 0
940547 q0 7855425 2
940547 q0 7951561 2
940547 q0 7960362 1
940547 q0 8078212 1
940547 q0 8082220 1
940547 q0 8091044 0
940547 q0 8114915 1
940547 q0 8219037 1
940547 q0 8219038 1
940547 q0 8219039 1
940547 q0 8219043 1
940547 q0 8219044 2
940547 q0 8219048 1
940547 q0 8219049 1
940547 q0 8219050 2
940547 q0 8219052 2
940547 q0 8219055 1
940547 q0 8219244 3
940547 q0 8219245 1
940547 q0 8219246 1
940547 q0 8219249 2
940547 q0 8222162 1
940547 q0 8229479 1
940547 q0 8254214 1
940547 q0 8269673 2
940547 q0 8269679 3
940547 q0 8269680 2
940547 q0 837714 2
940547 q0 8589494 0
940547 q0 8589497 1
940547 q0 8589499 0
940547 q0 8589501 0
940547 q0 8678825 1
940547 q0 8714816 0
940547 q0 8722911 0
940547 q0 8772071 2
940547 q0 8772073 2
940547 q0 8772074 2
940547 q0 8772075 2
940547 q0 8805005 2
940547 q0 8805011 2
940547 q0 8805012 1
940547 q0 902982 1
940547 q0 919390 1
940547 q0 964766 2
940547 q0 964772 2
997622 q0 1103899 0
997622 q0 1150016 0
997622 q0 1152364 0
997622 q0 1155798 0
997622 q0 1181917 0
997622 q0 1254959 0
997622 q0 1326977 0
997622 q0 1463220 0
997622 q0 1471780 0
997622 q0 1623097 0
997622 q0 1664196 1
997622 q0 1664199 0
997622 q0 1664201 0
997622 q0 1664204 1
997622 q0 1668128 0
997622 q0 1693152 3
997622 q0 1721979 0
997622 q0 1736572 1
997622 q0 1768309 0
997622 q0 179633 1
997622 q0 18622 1
997622 q0 18624 1
997622 q0 18626 1
997622 q0 18627 0
997622 q0 18630 0
997622 q0 1892386 0
997622 q0 2041509 1
997622 q0 2055627 1
997622 q0 2179327 1
997622 q0 2180668 1
997622 q0 2182275 0
997622 q0 2182282 1
997622 q0 2229948 0
997622 q0 2275574 0
997622 q0 2307233 0
997622 q0 2338131 0
997622 q0 2388756 1
997622 q0 2389539 3
997622 q0 2399772 1
997622 q0 2399775 1
997622 q0 2399776 1
997622 q0 2407247 0
997622 q0 2504433 0
997622 q0 2514262 0
997622 q0 2527030 0
997622 q0 261732 0
997622 q0 2684411 1
997622 q0 2684412 1
997622 q0 2684413 1
997622 q0 2699953 1
997622 q0 2750777 0
997622 q0 2853336 0
997622 q0 2994493 0
997622 q0 3081089 0
997622 q0 3142955 2
997622 q0 3243036 1
997622 q0 3252036 0
997622 q0 3303556 1
997622 q0 3351420 0
997622 q0 3369596 1
997622 q0 3381982 0
997622 q0 3381983 0
997622 q0 3409798 0
997622 q0 3409799 1
997622 q0 3462578 1
997622 q0 3581697 1
997622 q0 3581698 1
997622 q0 3581699 1
997622 q0 3598878 1
997622 q0 3604710 2
997622 q0 3604711 2
997622 q0 3633970 0
997622 q0 3685526 0
997622 q0 3767367 1
997622 q0 3913148 1
997622 q0 3975718 0
997622 q0 406412 2
997622 q0 406418 2
997622 q0 4072006 0
997622 q0 4164206 0
997622 q0 4207705 0
997622 q0 421047 0
997622 q0 4311814 0
997622 q0 4317198 1
997622 q0 4317202 1
997622 q0 4317203 0
997622 q0 4327437 0
997622 q0 4331048 0
997622 q0 4384599 0
997622 q0 4421160 1
997622 q0 4421163 1
997622 q0 4421811 1
997622 q0 4421815 0
997622 q0 4430004 1
997622 q0 4509630 0
997622 q0 4518220 2
997622 q0 4518222 3
997622 q0 4518223 0
997622 q0 4543861 3
997622 q0 4543864 3
997622 q0 4543865 2
997622 q0 4543867 3
997622 q0 4543869 3
997622 q0 4551303 0
997622 q0 4558331 1
997622 q0 4596839 3
997622 q0 4643388 3
997622 q0 4643389 3
997622 q0 4643392 3
997622 q0 4643394 2
997622 q0 4643397 2
997622 q0 4700298 2
997622 q0 4700299 1
997622 q0 4723215 2
997622 q0 4723217 0
997622 q0 4729564 1
997622 q0 4734739 1
997622 q0 4734743 2
997622 q0 4734747 1
997622 q0 4770543 1
997622 q0 4780124 1
997622 q0 4810071 1
997622 q0 4840299 1
997622 q0 4840300 1
997622 q0 4840302 0
997622 q0 4840304 0
997622 q0 4840306 1
997622 q0 4866247 1
997622 q0 4871995 1
997622 q0 4871997 1
997622 q0 4871999 1
997622 q0 5084953 1
997622 q0 5111442 1
997622 q0 5111444 1
997622 q0 5111446 0
997622 q0 5133729 0
997622 q0 5133730 0
997622 q0 5171993 1
997622 q0 5171994 1
997622 q0 5172000 1
997622 q0 5173914 0
997622 q0 5213371 0
997622 q0 5213372 0
997622 q0 524300 1
997622 q0 5379050 0
997622 q0 5389321 1
997622 q0 5389323 1
997622 q0 5430569 1
997622 q0 5430574 1
997622 q0 5430575 1
997622 q0 5430576 1
997622 q0 5430577 0
997622 q0 5719834 1
997622 q0 5964854 2
997622 q0 5966347 0
997622 q0 59867 1
997622 q0 59868 1
997622 q0 59869 1
997622 q0 59871 1
997622 q0 59874 0
997622 q0 6060824 0
997622 q0 627091 1
997622 q0 650163 1
997622 q0 650167 1
997622 q0 650171 0
997622 q0 6505633 0
997622 q0 6505634 0
997622 q0 6538046 0
997622 q0 6568901 0
997622 q0 6568903 1
997622 q0 6568907 1
997622 q0 6568909 2
997622 q0 6846374 0
997622 q0 6874051 0
997622 q0 689389 0
997622 q0 7010865 0
997622 q0 72291 2
997622 q0 7270937 0
997622 q0 7288226 0
997622 q0 73458 1
997622 q0 73459 1
997622 q0 73460 3
997622 q0 73462 3
997622 q0 73463 1
997622 q0 73464 0
997622 q0 73465 2
997622 q0 73466 0
997622 q0 7470454 0
997622 q0 7541319 0
997622 q0 7541326 0
997622 q0 7805079 0
997622 q0 7818620 0
997622 q0 7819348 1
997622 q0 7834076 1
997622 q0 7834077 2
997622 q0 7834082 1
997622 q0 7965342 1
997622 q0 7965349 0
997622 q0 800626 1
997622 q0 800630 1
997622 q0 8153532 0
997622 q0 8265809 1
997622 q0 8388032 1
997622 q0 8533344 1
997622 q0 8533346 1
997622 q0 8533348 3
997622 q0 8684994 1
997622 q0 8684996 2
997622 q0 8745978 0
997622 q0 8746800 0
997622 q0 8749748 0
997622 q0 8782267 1
997622 q0 8782269 0
997622 q0 8813531 0
997622 q0 8813532 0
997622 q0 8813535 0
997622 q0 8813537 2
997622 q0 8813539 0
997622 q0 8827263 0
997622 q0 891240 0
997622 q0 891241 1
997622 q0 891244 1
997622 q0 941632 2
997622 q0 941640 1
1030303 q0 1038342 1
1030303 q0 1042969 0
1030303 q0 1044043 0
1030303 q0 1056584 0
1030303 q0 1070133 0
1030303 q0 1070134 0
1030303 q0 1086238 0
1030303 q0 1104408 0
1030303 q0 1161432 0
1030303 q0 1161439 1
1030303 q0 1166176 0
1030303 q0 1172906 0
1030303 q0 1207443 0
1030303 q0 1227100 0
1030303 q0 1269099 0
1030303 q0 1292821 0
1030303 q0 1292822 0
1030303 q0 1305520 1
1030303 q0 1305521 1
1030303 q0 1305528 1
1030303 q0 1358683 0
1030303 q0 1369019 0
1030303 q0 1376556 0
1030303 q0 1376558 0
1030303 q0 1397758 0
1030303 q0 1402779 0
1030303 q0 1451846 0
1030303 q0 1451848 1
1030303 q0 1451850 0
1030303 q0 1451851 0
1030303 q0 1462522 0
1030303 q0 1492373 1
1030303 q0 1538148 0
1030303 q0 1538153 0
1030303 q0 163871 0
1030303 q0 1666520 0
1030303 q0 1777312 0
1030303 q0 1784767 0
1030303 q0 1811800 0
1030303 q0 1813557 0
1030303 q0 1813561 0
1030303 q0 1905988 1
1030303 q0 196026 0
1030303 q0 2001450 0
1030303 q0 2057929 0
1030303 q0 2146415 0
1030303 q0 2194939 0
1030303 q0 2205078 0
1030303 q0 2217415 0
1030303 q0 2217635 0
1030303 q0 22484 0
1030303 q0 226464 0
1030303 q0 2484376 0
1030303 q0 2488127 0
1030303 q0 2563261 0
1030303 q0 2597066 0
1030303 q0 2620119 0
1030303 q0 2628843 0
1030303 q0 2628844 0
1030303 q0 2712400 0
1030303 q0 2740876 0
1030303 q0 2782702 0
1030303 q0 288491 0
1030303 q0 292060 0
1030303 q0 309441 0
1030303 q0 3105375 0
1030303 q0 314108 0
1030303 q0 321160 0
1030303 q0 3290826 0
1030303 q0 3302249 0
1030303 q0 3302252 1
1030303 q0 3302253 0
1030303 q0 3302255 1
1030303 q0 3302258 0
1030303 q0 3327029 0
1030303 q0 336399 0
1030303 q0 3427807 0
1030303 q0 3738183 0
1030303 q0 3744030 1
1030303 q0 3784253 0
1030303 q0 3839846 0
1030303 q0 3993894 0
1030303 q0 4074040 0
1030303 q0 4074042 0
1030303 q0 4074047 0
1030303 q0 4108867 0
1030303 q0 4130105 0
1030303 q0 4154174 0
1030303 q0 4179453 0
1030303 q0 4332523 0
1030303 q0 4358004 0
1030303 q0 4488397 0
1030303 q0 4567726 0
1030303 q0 464566 0
1030303 q0 4647608 0
1030303 q0 4691526 0
1030303 q0 4760232 0
1030303 q0 4814578 0
1030303 q0 4882562 0
1030303 q0 4930087 0
1030303 q0 5033585 0
1030303 q0 5048082 0
1030303 q0 5118187 0
1030303 q0 5156631 0
1030303 q0 5256170 0
1030303 q0 5285789 0
1030303 q0 5391149 0
1030303 q0 5681381 0
1030303 q0 5681383 0
1030303 q0 5730133 0
1030303 q0 5824363 0
1030303 q0 6054027 0
1030303 q0 6054030 0
1030303 q0 6054033 0
1030303 q0 6064094 0
1030303 q0 6101360 0
1030303 q0 6222298 1
1030303 q0 6271629 1
1030303 q0 6648855 0
1030303 q0 6660713 0
1030303 q0 6696177 0
1030303 q0 6764572 0
1030303 q0 6838359 0
1030303 q0 6871012 0
1030303 q0 6939423 1
1030303 q0 6939425 0
1030303 q0 6939426 0
1030303 q0 6939427 0
1030303 q0 6939428 0
1030303 q0 6939430 1
1030303 q0 6989780 0
1030303 q0 7016550 0
1030303 q0 7016553 0
1030303 q0 7016554 0
1030303 q0 7016557 0
1030303 q0 7124403 0
1030303 q0 7156982 3
1030303 q0 7168318 0
1030303 q0 7168320 0
1030303 q0 7168323 0
1030303 q0 7168325 0
1030303 q0 7224448 0
1030303 q0 7284047 0
1030303 q0 7284048 0
1030303 q0 7284052 1
1030303 q0 7351866 0
1030303 q0 7409521 0
1030303 q0 7508058 1
1030303 q0 7616221 0
1030303 q0 7616223 0
1030303 q0 785139 0
1030303 q0 7938398 0
1030303 q0 7970461 0
1030303 q0 8126314 0
1030303 q0 8188109 0
1030303 q0 821997 0
1030303 q0 8307437 0
1030303 q0 8441139 0
1030303 q0 8491645 0
1030303 q0 8599846 0
1030303 q0 8709744 0
1030303 q0 8726429 1
1030303 q0 8726430 1
1030303 q0 8726432 0
1030303 q0 8726433 2
1030303 q0 8726434 2
1030303 q0 8726435 3
1030303 q0 8726436 2
1030303 q0 8726437 3
1030303 q0 8726438 0
1030303 q0 8749987 0
1030303 q0 8777713 0
1037496 q0 1122840 1
1037496 q0 1278123 1
1037496 q0 1283925 1
1037496 q0 1310749 0
1037496 q0 1830718 1
1037496 q0 1830720 1
1037496 q0 2105051 0
1037496 q0 2217415 0
1037496 q0 2257711 0
1037496 q0 2257712 0
1037496 q0 2257713 0
1037496 q0 2257715 0
1037496 q0 2257716 0
1037496 q0 2274054 0
1037496 q0 237606 0
1037496 q0 2556452 2
1037496 q0 2565111 0
1037496 q0 2652947 0
1037496 q0 2652949 0
1037496 q0 2667334 0
1037496 q0 2672141 1
1037496 q0 2725825 2
1037496 q0 2725828 1
1037496 q0 2725829 1
1037496 q0 2725834 1
1037496 q0 2867889 1
1037496 q0 2871530 1
1037496 q0 2871532 2
1037496 q0 2888460 0
1037496 q0 2902707 1
1037496 q0 2980253 0
1037496 q0 3137929 0
1037496 q0 3138345 0
1037496 q0 3138348 0
1037496 q0 3151261 0
1037496 q0 3224049 1
1037496 q0 3224050 0
1037496 q0 3275556 0
1037496 q0 327747 0
1037496 q0 3325595 0
1037496 q0 3356592 1
1037496 q0 3356595 1
1037496 q0 3387482 0
1037496 q0 3512891 0
1037496 q0 3611183 1
1037496 q0 3611190 1
1037496 q0 36400 0
1037496 q0 3687599 0
1037496 q0 3725931 1
1037496 q0 3725932 1
1037496 q0 3725933 1
1037496 q0 3725934 3
1037496 q0 3725935 1
1037496 q0 3725936 1
1037496 q0 3725937 1
1037496 q0 3725939 1
1037496 q0 3725940 1
1037496 q0 3746969 0
1037496 q0 3752366 1
1037496 q0 3752368 0
1037496 q0 3782801 0
1037496 q0 3805611 0
1037496 q0 3852732 1
1037496 q0 3852733 2
1037496 q0 3852734 0
1037496 q0 3852735 0
1037496 q0 3852740 0
1037496 q0 4023993 0
1037496 q0 4174374 1
1037496 q0 4174376 1
1037496 q0 4174377 1
1037496 q0 4174378 1
1037496 q0 4174380 0
1037496 q0 4187303 1
1037496 q0 4187304 1
1037496 q0 4187305 3
1037496 q0 4187307 1
1037496 q0 4187309 1
1037496 q0 4209765 0
1037496 q0 4228966 0
1037496 q0 4228970 0
1037496 q0 4267676 0
1037496 q0 4331048 0
1037496 q0 4369075 0
1037496 q0 4422043 0
1037496 q0 4436444 1
1037496 q0 4579446 0
1037496 q0 458635 0
1037496 q0 458638 1
1037496 q0 458640 0
1037496 q0 4664314 1
1037496 q0 4685895 0
1037496 q0 4685897 0
1037496 q0 4760906 2
1037496 q0 4760907 2
1037496 q0 4760908 2
1037496 q0 4760909 1
1037496 q0 4760910 0
1037496 q0 4760912 3
1037496 q0 4760914 2
1037496 q0 4760915 2
1037496 q0 4761207 0
1037496 q0 4773397 0
1037496 q0 4773398 0
1037496 q0 4773399 0
1037496 q0 4858052 0
1037496 q0 4905509 1
1037496 q0 4905511 1
1037496 q0 4912160 3
1037496 q0 4912161 0
1037496 q0 4912162 2
1037496 q0 4912163 2
1037496 q0 4912165 0
1037496 q0 4912166 1
1037496 q0 4912167 1
1037496 q0 4937052 0
1037496 q0 4993566 3
1037496 q0 5014571 0
1037496 q0 5065247 0
1037496 q0 5197258 0
1037496 q0 5217095 0
1037496 q0 5304091 0
1037496 q0 5371235 0
1037496 q0 543867 1
1037496 q0 545993 0
1037496 q0 5491912 2
1037496 q0 5491917 0
1037496 q0 55963 1
1037496 q0 55965 0
1037496 q0 55970 0
1037496 q0 57407 1
1037496 q0 57410 1
1037496 q0 5836182 0
1037496 q0 5927420 1
1037496 q0 599144 0
1037496 q0 665448 1
1037496 q0 665449 1
1037496 q0 665452 1
1037496 q0 6866284 1
1037496 q0 6931038 0
1037496 q0 7126244 0
1037496 q0 7287404 3
1037496 q0 7732091 0
1037496 q0 7741713 1
1037496 q0 7766583 3
1037496 q0 7766584 1
1037496 q0 7766585 1
1037496 q0 7766587 1
1037496 q0 7858323 0
1037496 q0 8145146 0
1037496 q0 8157127 1
1037496 q0 8159564 1
1037496 q0 8196479 1
1037496 q0 8413922 1
1037496 q0 8503233 0
1037496 q0 8646634 0
1037496 q0 8646635 1
1037496 q0 8674828 1
1037496 q0 8715824 0
1037496 q0 8820121 0
1043135 q0 1149109 1
1043135 q0 1149115 1
1043135 q0 127925 1
1043135 q0 127930 2
1043135 q0 1356426 2
1043135 q0 1463915 0
1043135 q0 1536025 1
1043135 q0 1536028 1
1043135 q0 1576495 0
1043135 q0 1637693 2
1043135 q0 1637694 2
1043135 q0 1637695 2
1043135 q0 1637700 1
1043135 q0 1637701 1
1043135 q0 1727793 2
1043135 q0 1845636 2
1043135 q0 1845638 0
1043135 q0 1845639 0
1043135 q0 1845640 1
1043135 q0 1845641 0
1043135 q0 1845642 1
1043135 q0 1845643 0
1043135 q0 1845644 0
1043135 q0 1845645 0
1043135 q0 1874174 0
1043135 q0 2032724 0
1043135 q0 2032730 0
1043135 q0 2083228 1
1043135 q0 2208228 1
1043135 q0 2234834 1
1043135 q0 2244093 0
1043135 q0 2280344 0
1043135 q0 2438040 0
1043135 q0 2443314 0
1043135 q0 2443317 2
1043135 q0 2443319 2
1043135 q0 2443321 1
1043135 q0 2514451 1
1043135 q0 2514458 1
1043135 q0 2514945 1
1043135 q0 2514952 1
1043135 q0 2664986 2
1043135 q0 2664988 1
1043135 q0 2664989 2
1043135 q0 2664990 2
1043135 q0 2664991 0
1043135 q0 2664992 2
1043135 q0 2664993 1
1043135 q0 2664994 0
1043135 q0 2664995 3
1043135 q0 2726887 0
1043135 q0 2790617 0
1043135 q0 2790624 1
1043135 q0 2866084 1
1043135 q0 2866086 1
1043135 q0 2955791 1
1043135 q0 2955792 1
1043135 q0 2968931 0
1043135 q0 297040 0
1043135 q0 2972515 1
1043135 q0 2995023 1
1043135 q0 3106998 1
1043135 q0 3209006 0
1043135 q0 3216849 0
1043135 q0 3241548 0
1043135 q0 3256137 1
1043135 q0 3363993 0
1043135 q0 3374866 2
1043135 q0 3378234 1
1043135 q0 3378236 1
1043135 q0 3378240 2
1043135 q0 3378242 0
1043135 q0 3443676 0
1043135 q0 349535 0
1043135 q0 3549212 1
1043135 q0 3551803 1
1043135 q0 3603059 0
1043135 q0 3793494 1
1043135 q0 3793496 1
1043135 q0 3878602 1
1043135 q0 3878603 3
1043135 q0 3878606 1
1043135 q0 3878608 3
1043135 q0 4197901 0
1043135 q0 4252181 0
1043135 q0 4273098 0
1043135 q0 4355523 3
1043135 q0 4355525 1
1043135 q0 4464516 0
1043135 q0 4477874 0
1043135 q0 4541688 2
1043135 q0 4541690 1
1043135 q0 4541692 1
1043135 q0 4541694 1
1043135 q0 4708916 1
1043135 q0 4708919 1
1043135 q0 4708924 0
1043135 q0 4718738 0
1043135 q0 4721484 0
1043135 q0 4794232 0
1043135 q0 4875986 1
1043135 q0 4881715 1
1043135 q0 4994428 3
1043135 q0 4994429 0
1043135 q0 5058738 2
1043135 q0 5119432 1
1043135 q0 5262282 1
1043135 q0 5262283 1
1043135 q0 5262285 1
1043135 q0 5262287 0
1043135 q0 5262288 2
1043135 q0 5262289 2
1043135 q0 5419861 2
1043135 q0 5473612 0
1043135 q0 5508890 0
1043135 q0 5508895 1
1043135 q0 577276 1
1043135 q0 5861289 0
1043135 q0 6009408 1
1043135 q0 6044059 1
1043135 q0 6097574 1
1043135 q0 650641 3
1043135 q0 650642 3
1043135 q0 650644 1
1043135 q0 650645 0
1043135 q0 650647 1
1043135 q0 655563 0
1043135 q0 6686581 1
1043135 q0 673141 0
1043135 q0 6781713 1
1043135 q0 7022075 1
1043135 q0 7022076 0
1043135 q0 7022077 1
1043135 q0 7022079 2
1043135 q0 7022081 1
1043135 q0 7097268 0
1043135 q0 7137848 3
1043135 q0 7137849 3
1043135 q0 7137850 1
1043135 q0 7137851 3
1043135 q0 7137852 1
1043135 q0 7137853 2
1043135 q0 7218310 1
1043135 q0 7243578 0
1043135 q0 7586812 1
1043135 q0 7691218 1
1043135 q0 7729084 1
1043135 q0 7799676 1
1043135 q0 7945768 0
1043135 q0 7945770 0
1043135 q0 7945772 0
1043135 q0 7945773 1
1043135 q0 7957837 0
1043135 q0 8049995 2
1043135 q0 8075577 0
1043135 q0 8076541 0
1043135 q0 8224812 1
1043135 q0 8224813 1
1043135 q0 8429908 0
1043135 q0 84538 0
1043135 q0 84540 0
1043135 q0 8482112 0
1043135 q0 8632895 1
1043135 q0 8632897 1
1043135 q0 8694697 0
1043135 q0 8694699 1
1043135 q0 8694700 0
1043135 q0 8694701 1
1043135 q0 8694703 0
1043135 q0 8696952 3
1043135 q0 8696953 3
1043135 q0 8696954 3
1043135 q0 8696955 1
1043135 q0 8696956 2
1043135 q0 8696957 2
1043135 q0 8696958 1
1043135 q0 8696959 1
1043135 q0 8696960 3
1043135 q0 8696961 3
1043135 q0 8787046 0
1043135 q0 8787047 0
1043135 q0 8787048 0
1043135 q0 8798696 0
1043135 q0 8831379 0
1051399 q0 10376 0
1051399 q0 1076364 0
1051399 q0 110443 0
1051399 q0 11198 0
1051399 q0 1171523 0
1051399 q0 1171527 0
1051399 q0 1171531 0
1051399 q0 1341112 0
1051399 q0 1341481 0
1051399 q0 1480878 0
1051399 q0 160027 0
1051399 q0 1678171 0
1051399 q0 1678176 0
1051399 q0 1685315 0
1051399 q0 2140478 0
1051399 q0 2180779 2
1051399 q0 2250215 1
1051399 q0 2250224 0
1051399 q0 2267585 0
1051399 q0 2274783 0
1051399 q0 2329020 0
1051399 q0 2378828 0
1051399 q0 2379449 1
1051399 q0 2431039 0
1051399 q0 2483088 0
1051399 q0 2528523 0
1051399 q0 2530579 0
1051399 q0 2530587 0
1051399 q0 2553071 0
1051399 q0 2571841 0
1051399 q0 2596394 0
1051399 q0 2623115 0
1051399 q0 2674672 1
1051399 q0 2700843 0
1051399 q0 2739720 0
1051399 q0 2755074 0
1051399 q0 2764967 0
1051399 q0 276613 0
1051399 q0 2768271 2
1051399 q0 2779073 0
1051399 q0 2803268 0
1051399 q0 2803276 0
1051399 q0 28169 0
1051399 q0 28170 0
1051399 q0 2819653 0
1051399 q0 2820961 0
1051399 q0 2845499 0
1051399 q0 2845500 1
1051399 q0 2866972 0
1051399 q0 2866978 1
1051399 q0 2935740 0
1051399 q0 2935742 0
1051399 q0 2935743 0
1051399 q0 2935745 0
1051399 q0 2978630 0
1051399 q0 2978633 0
1051399 q0 2978635 0
1051399 q0 2978776 0
1051399 q0 3108511 0
1051399 q0 3111988 0
1051399 q0 3265811 0
1051399 q0 330559 0
1051399 q0 330560 0
1051399 q0 330562 1
1051399 q0 330565 1
1051399 q0 3347634 0
1051399 q0 3376628 1
1051399 q0 3386890 0
1051399 q0 3408320 1
1051399 q0 3434785 0
1051399 q0 3434787 0
1051399 q0 3446937 0
1051399 q0 3599718 0
1051399 q0 3599720 0
1051399 q0 3681695 0
1051399 q0 3687599 0
1051399 q0 3710659 0
1051399 q0 3773237 0
1051399 q0 3826736 0
1051399 q0 3826739 1
1051399 q0 3830206 0
1051399 q0 3854986 1
1051399 q0 3854989 0
1051399 q0 3924997 0
1051399 q0 3943224 1
1051399 q0 3943226 1
1051399 q0 3943227 1
1051399 q0 3943228 3
1051399 q0 3943229 3
1051399 q0 3969388 2
1051399 q0 3978987 0
1051399 q0 3990774 0
1051399 q0 4026854 0
1051399 q0 4042897 0
1051399 q0 4084314 1
1051399 q0 4090448 1
1051399 q0 4213890 1
1051399 q0 4328927 0
1051399 q0 435655 0
1051399 q0 435656 0
1051399 q0 435659 0
1051399 q0 4426182 2
1051399 q0 4426187 3
1051399 q0 4426188 3
1051399 q0 4427590 0
1051399 q0 4427594 0
1051399 q0 4469285 0
1051399 q0 4524442 0
1051399 q0 4552288 1
1051399 q0 4566034 0
1051399 q0 4638324 0
1051399 q0 4642930 0
1051399 q0 4681235 0
1051399 q0 4683129 0
1051399 q0 4729565 3
1051399 q0 4736963 0
1051399 q0 4813675 0
1051399 q0 4828796 0
1051399 q0 4847033 0
1051399 q0 4894278 0
1051399 q0 5038847 0
1051399 q0 5040048 0
1051399 q0 5041683 0
1051399 q0 5047553 1
1051399 q0 5180962 0
1051399 q0 5180963 0
1051399 q0 5180967 0
1051399 q0 5186392 0
1051399 q0 5195180 0
1051399 q0 5195181 0
1051399 q0 52436 0
1051399 q0 52438 0
1051399 q0 52440 0
1051399 q0 5271484 0
1051399 q0 5329142 0
1051399 q0 5348043 1
1051399 q0 5348044 1
1051399 q0 5438785 0
1051399 q0 5443991 0
1051399 q0 550493 0
1051399 q0 550497 0
1051399 q0 5534029 0
1051399 q0 5593310 0
1051399 q0 632613 1
1051399 q0 6548835 0
1051399 q0 6670949 0
1051399 q0 69812 1
1051399 q0 69813 3
1051399 q0 69818 3
1051399 q0 69819 1
1051399 q0 7100418 0
1051399 q0 7291530 0
1051399 q0 7302021 0
1051399 q0 7407058 0
1051399 q0 7407060 0
1051399 q0 7407061 1
1051399 q0 741196 1
1051399 q0 745838 1
1051399 q0 745839 1
1051399 q0 7581275 0
1051399 q0 7616682 0
1051399 q0 7619778 0
1051399 q0 7619779 0
1051399 q0 7696821 0
1051399 q0 7696822 0
1051399 q0 7696824 0
1051399 q0 7696827 0
1051399 q0 7709923 0
1051399 q0 7789871 0
1051399 q0 7816054 1
1051399 q0 7848669 0
1051399 q0 7848674 0
1051399 q0 7865069 0
1051399 q0 7876662 0
1051399 q0 7880226 0
1051399 q0 7880231 0
1051399 q0 7904748 0
1051399 q0 7935651 1
1051399 q0 8100074 0
1051399 q0 8100076 0
1051399 q0 8100078 0
1051399 q0 8173404 0
1051399 q0 8231543 0
1051399 q0 8315155 0
1051399 q0 8315158 0
1051399 q0 8315164 0
1051399 q0 8328712 0
1051399 q0 8527129 0
1051399 q0 8664506 3
1051399 q0 8712317 0
1051399 q0 8752992 0
1051399 q0 8752996 0
1051399 q0 8801198 0
1051399 q0 8815205 0
1051399 q0 8818330 0
1051399 q0 904304 1
1051399 q0 904305 0
1051399 q0 904308 0
1051399 q0 909463 0
1051399 q0 909464 0
1064670 q0 100808 0
1064670 q0 100815 1
1064670 q0 1294466 0
1064670 q0 1294468 1
1064670 q0 129459 1
1064670 q0 129462 2
1064670 q0 129465 1
1064670 q0 129468 1
1064670 q0 1502460 0
1064670 q0 1558597 1
1064670 q0 1567824 1
1064670 q0 1786867 0
1064670 q0 1804053 1
1064670 q0 1886668 0
1064670 q0 193099 0
1064670 q0 1946392 0
1064670 q0 1948321 0
1064670 q0 2032724 0
1064670 q0 2032730 0
1064670 q0 2053279 0
1064670 q0 2183899 1
1064670 q0 2220652 0
1064670 q0 2271263 0
1064670 q0 2316072 0
1064670 q0 2398037 0
1064670 q0 2398041 0
1064670 q0 2419096 0
1064670 q0 2469134 0
1064670 q0 2469140 0
1064670 q0 2560358 0
1064670 q0 2574028 0
1064670 q0 2691156 1
1064670 q0 2810860 0
1064670 q0 2815049 0
1064670 q0 2839843 1
1064670 q0 2839848 2
1064670 q0 2839849 1
1064670 q0 2870990 0
1064670 q0 2977156 2
1064670 q0 2977159 1
1064670 q0 2977160 1
1064670 q0 2977164 2
1064670 q0 2998832 0
1064670 q0 2998833 0
1064670 q0 3005774 0
1064670 q0 3005776 0
1064670 q0 3077669 1
1064670 q0 3080304 0
1064670 q0 3102338 0
1064670 q0 3113521 0
1064670 q0 318540 0
1064670 q0 3193639 0
1064670 q0 3267408 0
1064670 q0 3277975 0
1064670 q0 3281693 1
1064670 q0 3300155 0
1064670 q0 3328187 1
1064670 q0 3328188 0
1064670 q0 3328192 0
1064670 q0 334896 0
1064670 q0 334904 0
1064670 q0 3365718 0
1064670 q0 3368961 1
1064670 q0 3374281 0
1064670 q0 3477583 0
1064670 q0 3522977 0
1064670 q0 3522982 0
1064670 q0 3555914 0
1064670 q0 3561216 0
1064670 q0 3644829 1
1064670 q0 3741160 1
1064670 q0 3741166 0
1064670 q0 378330 1
1064670 q0 3807081 1
1064670 q0 3807086 0
1064670 q0 38238 0
1064670 q0 3826026 2
1064670 q0 3826027 1
1064670 q0 3920283 0
1064670 q0 402493 1
1064670 q0 402495 1
1064670 q0 4217682 1
1064670 q0 4251134 0
1064670 q0 4287681 1
1064670 q0 4318763 0
1064670 q0 4320782 0
1064670 q0 4481486 0
1064670 q0 4481489 0
1064670 q0 4485127 0
1064670 q0 4516312 0
1064670 q0 4516313 0
1064670 q0 4718540 0
1064670 q0 4718543 0
1064670 q0 4718549 0
1064670 q0 4757828 0
1064670 q0 4786470 0
1064670 q0 4786476 0
1064670 q0 4813749 0
1064670 q0 4816562 0
1064670 q0 4845469 0
1064670 q0 4968792 0
1064670 q0 5015674 0
1064670 q0 5015675 0
1064670 q0 5020110 1
1064670 q0 5180429 0
1064670 q0 5180430 0
1064670 q0 5186438 0
1064670 q0 5265418 0
1064670 q0 5285898 0
1064670 q0 536251 1
1064670 q0 5482771 1
1064670 q0 5524695 0
1064670 q0 552722 0
1064670 q0 5536002 0
1064670 q0 5536005 0
1064670 q0 5536007 0
1064670 q0 5546280 0
1064670 q0 5618788 0
1064670 q0 5644777 0
1064670 q0 5654986 0
1064670 q0 5705672 0
1064670 q0 5735866 0
1064670 q0 5888403 0
1064670 q0 5888407 0
1064670 q0 5980987 0
1064670 q0 5989987 0
1064670 q0 6013054 0
1064670 q0 6032095 0
1064670 q0 6032096 0
1064670 q0 6038320 1
1064670 q0 6062648 2
1064670 q0 6098427 1
1064670 q0 6106339 0
1064670 q0 6109424 0
1064670 q0 6171059 0
1064670 q0 6349306 1
1064670 q0 6349310 1
1064670 q0 6451870 0
1064670 q0 6475518 0
1064670 q0 6475519 0
1064670 q0 6493041 0
1064670 q0 6583954 0
1064670 q0 6770490 1
1064670 q0 6770494 0
1064670 q0 6824284 1
1064670 q0 6824285 2
1064670 q0 6824287 2
1064670 q0 6824288 2
1064670 q0 6841371 0
1064670 q0 6878678 1
1064670 q0 6878681 1
1064670 q0 6878684 0
1064670 q0 6899080 0
1064670 q0 7012470 0
1064670 q0 7108232 0
1064670 q0 7181808 0
1064670 q0 7181810 0
1064670 q0 7453049 0
1064670 q0 7483765 0
1064670 q0 7525020 0
1064670 q0 7556558 1
1064670 q0 7556560 1
1064670 q0 7556561 0
1064670 q0 7556563 0
1064670 q0 7587017 0
1064670 q0 7622155 0
1064670 q0 7734392 0
1064670 q0 7836244 0
1064670 q0 7899522 0
1064670 q0 8030718 0
1064670 q0 8100020 1
1064670 q0 8138043 0
1064670 q0 816339 1
1064670 q0 816346 1
1064670 q0 8294113 0
1064670 q0 829746 0
1064670 q0 8337450 1
1064670 q0 8337453 1
1064670 q0 8337455 1
1064670 q0 8337458 0
1064670 q0 8496831 0
1064670 q0 850590 0
1064670 q0 850591 0
1064670 q0 8527389 0
1064670 q0 860041 0
1064670 q0 8611019 0
1064670 q0 8680897 3
1064670 q0 8680901 1
1064670 q0 8680902 3
1064670 q0 8680903 3
1064670 q0 8680904 3
1064670 q0 8680905 2
1064670 q0 8680906 2
1064670 q0 8719106 0
1064670 q0 8719108 0
1064670 q0 8734270 1
1064670 q0 8734273 1
1064670 q0 8748215 0
1064670 q0 8750945 1
1071750 q0 1337040 0
1071750 q0 1340420 0
1071750 q0 1340424 0
1071750 q0 1606379 0
1071750 q0 1653786 0
1071750 q0 1758586 0
1071750 q0 1844783 0
1071750 q0 2032730 0
1071750 q0 2102879 0
1071750 q0 2255044 1
1071750 q0 2255049 0
1071750 q0 2538734 0
1071750 q0 2562017 1
1071750 q0 27185 0
1071750 q0 2718885 0
1071750 q0 2719267 0
1071750 q0 2723690 0
1071750 q0 2804510 0
1071750 q0 2946347 0
1071750 q0 3016474 2
1071750 q0 3016475 0
1071750 q0 3016476 1
1071750 q0 3016479 2
1071750 q0 3016481 1
1071750 q0 3016482 1
1071750 q0 3016483 0
1071750 q0 3086976 0
1071750 q0 3086979 0
1071750 q0 3137929 0
1071750 q0 331170 0
1071750 q0 3423544 0
1071750 q0 3477868 0
1071750 q0 3575934 3
1071750 q0 3687599 0
1071750 q0 3719923 0
1071750 q0 3719925 1
1071750 q0 3719926 2
1071750 q0 3719929 1
1071750 q0 3719930 0
1071750 q0 3898495 0
1071750 q0 3928913 2
1071750 q0 3928914 2
1071750 q0 3928915 1
1071750 q0 3928916 2
1071750 q0 3928917 2
1071750 q0 3928918 2
1071750 q0 3928919 2
1071750 q0 3928921 1
1071750 q0 3932661 0
1071750 q0 395000 0
1071750 q0 4003138 0
1071750 q0 4003833 0
1071750 q0 4094984 0
1071750 q0 4094987 1
1071750 q0 4094988 0
1071750 q0 4094989 0
1071750 q0 4094990 0
1071750 q0 4094991 1
1071750 q0 4133638 0
1071750 q0 4133644 2
1071750 q0 4233210 0
1071750 q0 4360119 0
1071750 q0 4360123 1
1071750 q0 4360127 0
1071750 q0 4360128 0
1071750 q0 4431988 0
1071750 q0 4466 0
1071750 q0 4561191 0
1071750 q0 4571868 0
1071750 q0 4582553 0
1071750 q0 4717395 1
1071750 q0 4717398 0
1071750 q0 4717400 1
1071750 q0 4717401 3
1071750 q0 4718738 0
1071750 q0 4794978 2
1071750 q0 4853905 0
1071750 q0 4853911 0
1071750 q0 4866894 0
1071750 q0 4946852 0
1071750 q0 4967882 0
1071750 q0 4977367 0
1071750 q0 5013546 0
1071750 q0 5123596 0
1071750 q0 5139764 0
1071750 q0 5144721 0
1071750 q0 5281817 0
1071750 q0 5510448 0
1071750 q0 5510450 0
1071750 q0 5510451 0
1071750 q0 5817510 0
1071750 q0 584000 0
1071750 q0 6007837 0
1071750 q0 620980 1
1071750 q0 6252316 0
1071750 q0 6330792 0
1071750 q0 63796 0
1071750 q0 6414305 0
1071750 q0 6454001 0
1071750 q0 6459085 0
1071750 q0 6508491 1
1071750 q0 6508493 2
1071750 q0 6508494 2
1071750 q0 6508497 1
1071750 q0 6508498 2
1071750 q0 6686353 0
1071750 q0 6699590 0
1071750 q0 6905811 0
1071750 q0 6924042 0
1071750 q0 6983633 0
1071750 q0 7003287 0
1071750 q0 7052524 0
1071750 q0 7153659 0
1071750 q0 7430062 0
1071750 q0 7600658 0
1071750 q0 7676247 0
1071750 q0 7676455 0
1071750 q0 7778577 2
1071750 q0 7847766 0
1071750 q0 7857513 0
1071750 q0 7873057 0
1071750 q0 7898040 0
1071750 q0 7918212 0
1071750 q0 7949122 0
1071750 q0 8017968 0
1071750 q0 8017969 0
1071750 q0 8017971 0
1071750 q0 8017972 0
1071750 q0 8017973 0
1071750 q0 8017974 0
1071750 q0 8017976 0
1071750 q0 8169826 0
1071750 q0 8280462 0
1071750 q0 8378382 1
1071750 q0 8378383 2
1071750 q0 8378384 1
1071750 q0 8378385 1
1071750 q0 8378386 1
1071750 q0 8378387 1
1071750 q0 8378388 0
1071750 q0 8378389 1
1071750 q0 8378390 2
1071750 q0 8378391 2
1071750 q0 8407943 0
1071750 q0 8698267 1
1071750 q0 8698268 1
1071750 q0 8698269 2
1071750 q0 8698270 1
1071750 q0 8698271 1
1071750 q0 8698272 1
1071750 q0 8698273 2
1071750 q0 8698274 1
1071750 q0 8698275 2
1071750 q0 8698276 2
1071750 q0 8804338 0
1071750 q0 8804345 0
1105792 q0 1002518 0
1105792 q0 1003587 0
1105792 q0 1011376 0
1105792 q0 1014972 0
1105792 q0 101685 0
1105792 q0 1020894 0
1105792 q0 1029353 0
1105792 q0 1030788 0
1105792 q0 1031737 0
1105792 q0 1037914 0
1105792 q0 1038276 0
1105792 q0 1040695 0
1105792 q0 1042908 0
1105792 q0 104354 0
1105792 q0 105319 0
1105792 q0 1055447 0
1105792 q0 1058499 0
1105792 q0 1063350 0
1105792 q0 107552 0
1105792 q0 1075868 0
1105792 q0 1081900 0
1105792 q0 1093018 0
1105792 q0 1093019 0
1105792 q0 1096918 0
1105792 q0 109993 0
1105792 q0 1101228 0
1105792 q0 1104132 0
1105792 q0 1124678 0
1105792 q0 1124679 0
1105792 q0 1128713 0
1105792 q0 1128717 0
1105792 q0 1138296 0
1105792 q0 1154556 0
1105792 q0 1160147 0
1105792 q0 1161847 0
1105792 q0 1162996 0
1105792 q0 1193877 0
1105792 q0 1193879 1
1105792 q0 1211106 0
1105792 q0 1242552 0
1105792 q0 1280954 0
1105792 q0 1313890 0
1105792 q0 1320649 0
1105792 q0 1331331 0
1105792 q0 1335682 0
1105792 q0 1381791 0
1105792 q0 1429972 0
1105792 q0 1455281 0
1105792 q0 1474808 0
1105792 q0 1484551 0
1105792 q0 1525795 1
1105792 q0 1527700 0
1105792 q0 1529850 0
1105792 q0 1550304 0
1105792 q0 1659234 0
1105792 q0 1732221 0
1105792 q0 1814571 0
1105792 q0 1966229 0
1105792 q0 1969286 0
1105792 q0 1990355 0
1105792 q0 1991965 1
1105792 q0 2025640 0
1105792 q0 2041222 0
1105792 q0 2139337 0
1105792 q0 217322 0
1105792 q0 2294057 0
1105792 q0 2344062 0
1105792 q0 2492455 0
1105792 q0 2539432 1
1105792 q0 2669218 0
1105792 q0 2683483 0
1105792 q0 2683486 0
1105792 q0 2686878 0
1105792 q0 2686879 0
1105792 q0 2750107 1
1105792 q0 2838747 0
1105792 q0 2886673 0
1105792 q0 3341720 0
1105792 q0 3362034 0
1105792 q0 3421717 0
1105792 q0 342876 1
1105792 q0 3494621 1
1105792 q0 3672136 0
1105792 q0 3751650 0
1105792 q0 3913524 0
1105792 q0 3956682 0
1105792 q0 398760 0
1105792 q0 4087075 0
1105792 q0 4194866 0
1105792 q0 4438910 0
1105792 q0 4544992 0
1105792 q0 4545233 1
1105792 q0 4574420 0
1105792 q0 4640527 0
1105792 q0 4752395 1
1105792 q0 4769651 1
1105792 q0 479601 0
1105792 q0 4876285 0
1105792 q0 4910105 0
1105792 q0 4982923 0
1105792 q0 5098774 0
1105792 q0 5237562 0
1105792 q0 526568 0
1105792 q0 5269848 0
1105792 q0 5495682 0
1105792 q0 5665835 1
1105792 q0 5752321 0
1105792 q0 5928422 0
1105792 q0 6010402 0
1105792 q0 6045514 0
1105792 q0 606709 0
1105792 q0 6140898 0
1105792 q0 6187088 0
1105792 q0 6385488 0
1105792 q0 6412648 0
1105792 q0 6432081 0
1105792 q0 6459095 0
1105792 q0 6474495 0
1105792 q0 6520285 0
1105792 q0 6650998 0
1105792 q0 6659085 0
1105792 q0 6699523 0
1105792 q0 6716114 0
1105792 q0 6876090 0
1105792 q0 6964459 0
1105792 q0 6977017 2
1105792 q0 7042852 1
1105792 q0 7102716 0
1105792 q0 7102720 2
1105792 q0 7110405 0
1105792 q0 7145029 0
1105792 q0 7170194 0
1105792 q0 7182781 0
1105792 q0 718760 0
1105792 q0 7379803 1
1105792 q0 7390430 0
1105792 q0 7589362 0
1105792 q0 7628460 0
1105792 q0 766205 0
1105792 q0 771760 0
1105792 q0 7745835 0
1105792 q0 7781179 0
1105792 q0 7984051 0
1105792 q0 8044085 0
1105792 q0 8058698 0
1105792 q0 8097691 0
1105792 q0 8201610 1
1105792 q0 8201611 2
1105792 q0 8201612 2
1105792 q0 8201613 2
1105792 q0 8201614 3
1105792 q0 8201615 3
1105792 q0 8201616 1
1105792 q0 8201617 1
1105792 q0 8201618 1
1105792 q0 8201619 2
1105792 q0 8264635 0
1105792 q0 8294965 1
1105792 q0 8478635 0
1105792 q0 8628616 0
1105792 q0 8680045 0
1105792 q0 8699816 2
1105792 q0 8740004 1
1105792 q0 8740601 1
1105792 q0 8810117 0
1105792 q0 947942 0
1105792 q0 996676 0
1106979 q0 1039252 1
1106979 q0 1089144 1
1106979 q0 1140656 0
1106979 q0 1207096 1
1106979 q0 1308643 1
1106979 q0 1308650 0
1106979 q0 1351017 0
1106979 q0 1477987 0
1106979 q0 1547931 0
1106979 q0 1589841 2
1106979 q0 1676439 0
1106979 q0 1683285 0
1106979 q0 1937958 0
1106979 q0 210625 0
1106979 q0 2112598 1
1106979 q0 2139039 0
1106979 q0 2306620 3
1106979 q0 2375311 0
1106979 q0 2375312 0
1106979 q0 2375313 1
1106979 q0 2375316 1
1106979 q0 2375317 0
1106979 q0 2419096 0
1106979 q0 2420227 0
1106979 q0 2452475 0
1106979 q0 2496608 1
1106979 q0 2545592 0
1106979 q0 2591534 0
1106979 q0 2591570 0
1106979 q0 2617864 0
1106979 q0 2686890 0
1106979 q0 2686891 0
1106979 q0 2736006 0
1106979 q0 2789920 1
1106979 q0 2789921 1
1106979 q0 2819574 0
1106979 q0 28728 0
1106979 q0 2884219 1
1106979 q0 2884220 1
1106979 q0 2884221 1
1106979 q0 2884222 1
1106979 q0 2884223 1
1106979 q0 2884224 1
1106979 q0 2884225 1
1106979 q0 2884226 1
1106979 q0 2884227 1
1106979 q0 2884228 1
1106979 q0 2985391 1
1106979 q0 3095113 0
1106979 q0 3290646 1
1106979 q0 3290647 0
1106979 q0 3290649 2
1106979 q0 3290651 3
1106979 q0 330176 0
1106979 q0 3363286 1
1106979 q0 3417281 1
1106979 q0 348054 2
1106979 q0 348055 1
1106979 q0 348057 1
1106979 q0 357177 1
1106979 q0 3619288 0
1106979 q0 373515 0
1106979 q0 3890355 0
1106979 q0 390718 0
1106979 q0 391274 0
1106979 q0 3940365 0
1106979 q0 3996782 1
1106979 q0 3996787 1
1106979 q0 4007987 1
1106979 q0 4029024 0
1106979 q0 407956 0
1106979 q0 4085115 0
1106979 q0 4085365 1
1106979 q0 4085367 1
1106979 q0 4085368 0
1106979 q0 4179593 0
1106979 q0 4219185 1
1106979 q0 4275776 0
1106979 q0 4555243 1
1106979 q0 4585827 0
1106979 q0 466084 1
1106979 q0 4665996 0
1106979 q0 4741934 1
1106979 q0 4779469 2
1106979 q0 4814489 0
1106979 q0 4885502 1
1106979 q0 490077 1
1106979 q0 4938559 0
1106979 q0 5072652 1
1106979 q0 5138971 0
1106979 q0 5149864 0
1106979 q0 5284094 0
1106979 q0 5383176 1
1106979 q0 5390489 0
1106979 q0 5427878 0
1106979 q0 563077 0
1106979 q0 5701785 1
1106979 q0 5879620 0
1106979 q0 6054896 0
1106979 q0 6189807 1
1106979 q0 6221485 1
1106979 q0 6221486 1
1106979 q0 6221487 1
1106979 q0 6221488 1
1106979 q0 6221489 1
1106979 q0 6221490 1
1106979 q0 6221491 1
1106979 q0 6221492 1
1106979 q0 6221494 1
1106979 q0 6488084 0
1106979 q0 663445 0
1106979 q0 6665412 1
1106979 q0 6670167 0
1106979 q0 6739455 0
1106979 q0 6756471 0
1106979 q0 6756476 1
1106979 q0 6756977 1
1106979 q0 7105192 0
1106979 q0 7105196 0
1106979 q0 7130204 0
1106979 q0 7202944 0
1106979 q0 7295948 0
1106979 q0 7329311 1
1106979 q0 7549281 1
1106979 q0 7557632 1
1106979 q0 7674415 1
1106979 q0 7674419 1
1106979 q0 7674423 1
1106979 q0 7864649 0
1106979 q0 7920795 1
1106979 q0 7920797 1
1106979 q0 7920802 0
1106979 q0 7920803 1
1106979 q0 799359 3
1106979 q0 799360 2
1106979 q0 7997405 1
1106979 q0 8177317 0
1106979 q0 8190132 1
1106979 q0 8190133 3
1106979 q0 8190134 3
1106979 q0 8190135 1
1106979 q0 8190136 2
1106979 q0 8190137 1
1106979 q0 8190138 1
1106979 q0 8190139 2
1106979 q0 8190140 1
1106979 q0 8196694 0
1106979 q0 8318174 0
1106979 q0 8371060 0
1106979 q0 8439516 0
1106979 q0 8496904 1
1106979 q0 8585465 0
1106979 q0 8629063 0
1106979 q0 880951 0
1106979 q0 881905 0
1106979 q0 8828084 0
1106979 q0 947605 1
1108651 q0 100680 1
1108651 q0 1058035 1
1108651 q0 1063168 3
1108651 q0 1102008 0
1108651 q0 1110068 2
1108651 q0 1110069 2
1108651 q0 1110070 1
1108651 q0 1110074 1
1108651 q0 1127407 2
1108651 q0 1167792 1
1108651 q0 1179694 1
1108651 q0 1193255 1
1108651 q0 1217699 2
1108651 q0 1294050 2
1108651 q0 1298833 2
1108651 q0 1316982 0
1108651 q0 1325611 2
1108651 q0 1325612 1
1108651 q0 1325615 1
1108651 q0 1325616 2
1108651 q0 1325618 2
1108651 q0 1371583 1
1108651 q0 1372403 0
1108651 q0 1374290 2
1108651 q0 1421349 3
1108651 q0 1421350 3
1108651 q0 1421351 3
1108651 q0 1421352 3
1108651 q0 1421353 3
1108651 q0 1421354 3
1108651 q0 1421355 3
1108651 q0 1421356 3
1108651 q0 1421357 3
1108651 q0 1421358 3
1108651 q0 1457501 2
1108651 q0 1457502 1
1108651 q0 1457503 2
1108651 q0 1457798 0
1108651 q0 1482137 1
1108651 q0 1508166 1
1108651 q0 1596777 1
1108651 q0 1621557 1
1108651 q0 163264 3
1108651 q0 1643324 3
1108651 q0 1643325 3
1108651 q0 1643326 1
1108651 q0 1646383 0
1108651 q0 1649633 3
1108651 q0 1649635 3
1108651 q0 1649636 3
1108651 q0 1649638 2
1108651 q0 1649639 3
1108651 q0 1649640 2
1108651 q0 1649642 2
1108651 q0 1651643 0
1108651 q0 1651646 0
1108651 q0 1692198 2
1108651 q0 1714260 2
1108651 q0 193384 1
1108651 q0 195208 1
1108651 q0 2022311 1
1108651 q0 2024963 3
1108651 q0 2065792 0
1108651 q0 2136003 0
1108651 q0 2141333 2
1108651 q0 2141334 1
1108651 q0 2141335 1
1108651 q0 2141336 2
1108651 q0 2142730 0
1108651 q0 2215498 2
1108651 q0 2215500 2
1108651 q0 2293472 0
1108651 q0 2339544 0
1108651 q0 2475811 1
1108651 q0 2475814 2
1108651 q0 2497201 2
1108651 q0 2510438 3
1108651 q0 2540578 1
1108651 q0 2564925 1
1108651 q0 2564930 3
1108651 q0 2584221 0
1108651 q0 2589356 3
1108651 q0 2589358 2
1108651 q0 2589362 2
1108651 q0 2682940 2
1108651 q0 2745683 3
1108651 q0 2761083 0
1108651 q0 2812970 0
1108651 q0 2863718 0
1108651 q0 2863824 2
1108651 q0 2903082 2
1108651 q0 2903084 2
1108651 q0 2903085 1
1108651 q0 2920134 3
1108651 q0 2991103 3
1108651 q0 2991106 2
1108651 q0 3023371 2
1108651 q0 3102788 3
1108651 q0 3102791 1
1108651 q0 3102792 3
1108651 q0 3102796 2
1108651 q0 3184529 2
1108651 q0 3201608 0
1108651 q0 3267189 1
1108651 q0 3332854 0
1108651 q0 3381615 1
1108651 q0 3381620 2
1108651 q0 3381621 2
1108651 q0 3381622 1
1108651 q0 3544869 1
1108651 q0 3632749 1
1108651 q0 3641694 2
1108651 q0 3641700 1
1108651 q0 3665394 1
1108651 q0 3671156 1
1108651 q0 3671161 2
1108651 q0 3671162 1
1108651 q0 370201 3
1108651 q0 3712637 0
1108651 q0 3719558 2
1108651 q0 3730122 0
1108651 q0 3827333 3
1108651 q0 3866229 1
1108651 q0 3909386 3
1108651 q0 3909388 2
1108651 q0 3909393 1
1108651 q0 3909933 2
1108651 q0 3941207 3
1108651 q0 3941208 2
1108651 q0 3941209 2
1108651 q0 3941210 2
1108651 q0 3967138 1
1108651 q0 4125389 1
1108651 q0 4137282 2
1108651 q0 4138632 0
1108651 q0 4197533 3
1108651 q0 4295492 1
1108651 q0 4321035 1
1108651 q0 4351151 1
1108651 q0 4360785 0
1108651 q0 4446127 0
1108651 q0 4453955 3
1108651 q0 4453964 3
1108651 q0 4538227 0
1108651 q0 4551375 2
1108651 q0 4572520 2
1108651 q0 4589668 2
1108651 q0 460417 2
1108651 q0 4617850 0
1108651 q0 4672804 1
1108651 q0 4676830 1
1108651 q0 4715152 0
1108651 q0 4715153 0
1108651 q0 4747636 2
1108651 q0 4747642 3
1108651 q0 4768103 0
1108651 q0 4881286 1
1108651 q0 488271 1
1108651 q0 4911228 3
1108651 q0 4947218 1
1108651 q0 496571 2
1108651 q0 496573 1
1108651 q0 4970729 3
1108651 q0 5002826 3
1108651 q0 5066712 3
1108651 q0 5093247 1
1108651 q0 510067 1
1108651 q0 5177417 1
1108651 q0 5313355 0
1108651 q0 5330509 2
1108651 q0 5330512 3
1108651 q0 5330513 2
1108651 q0 5330515 3
1108651 q0 5431537 2
1108651 q0 5431541 1
1108651 q0 5523716 1
1108651 q0 5584366 1
1108651 q0 5588185 1
1108651 q0 5676309 0
1108651 q0 5743261 0
1108651 q0 5773970 2
1108651 q0 5776692 0
1108651 q0 5777988 0
1108651 q0 5777992 0
1108651 q0 5777996 1
1108651 q0 578154 0
1108651 q0 5802626 1
1108651 q0 5815015 1
1108651 q0 5815656 2
1108651 q0 5830553 3
1108651 q0 5842537 0
1108651 q0 5846459 3
1108651 q0 5846467 3
1108651 q0 5877136 0
1108651 q0 5878614 2
1108651 q0 5878615 1
1108651 q0 5878616 2
1108651 q0 5878620 2
1108651 q0 5878621 1
1108651 q0 5880914 1
1108651 q0 5889562 1
1108651 q0 5950077 1
1108651 q0 5981126 1
1108651 q0 6025580 0
1108651 q0 6044254 0
1108651 q0 6048405 2
1108651 q0 6048406 3
1108651 q0 6048408 2
1108651 q0 6048411 3
1108651 q0 6058576 3
1108651 q0 6100582 2
1108651 q0 6153045 2
1108651 q0 6169875 2
1108651 q0 6173144 1
1108651 q0 6208964 0
1108651 q0 6239931 0
1108651 q0 6254865 3
1108651 q0 6254867 1
1108651 q0 6254868 2
1108651 q0 6254871 2
1108651 q0 6254873 2
1108651 q0 6254874 2
1108651 q0 6348741 1
1108651 q0 6407188 1
1108651 q0 6410059 1
1108651 q0 6410060 1
1108651 q0 6410062 1
1108651 q0 6410066 1
1108651 q0 6450417 2
1108651 q0 6459857 1
1108651 q0 6472376 1
1108651 q0 6517914 0
1108651 q0 6522183 3
1108651 q0 6522184 1
1108651 q0 6522186 2
1108651 q0 6561148 0
1108651 q0 6562619 3
1108651 q0 6608340 0
1108651 q0 6620938 0
1108651 q0 6623205 1
1108651 q0 6624265 0
1108651 q0 6635998 3
1108651 q0 6636001 3
1108651 q0 6663873 0
1108651 q0 6698764 0
1108651 q0 6731787 2
1108651 q0 6731792 3
1108651 q0 6756165 1
1108651 q0 6894051 2
1108651 q0 6916353 1
1108651 q0 6916357 3
1108651 q0 6942555 3
1108651 q0 6965 0
1108651 q0 6985085 1
1108651 q0 6985088 0
1108651 q0 7012844 0
1108651 q0 7020352 1
1108651 q0 7066255 0
1108651 q0 7111296 1
1108651 q0 7132004 0
1108651 q0 7238041 2
1108651 q0 7299329 1
1108651 q0 7341607 1
1108651 q0 7384900 1
1108651 q0 7387175 2
1108651 q0 7429803 0
1108651 q0 7468131 0
1108651 q0 7479622 0
1108651 q0 7545003 2
1108651 q0 7545011 2
1108651 q0 7559061 0
1108651 q0 7563462 0
1108651 q0 7573592 1
1108651 q0 7581044 1
1108651 q0 7643957 0
1108651 q0 7654965 1
1108651 q0 7654968 2
1108651 q0 7917977 2
1108651 q0 7996105 2
1108651 q0 8138203 2
1108651 q0 8150299 0
1108651 q0 8152378 1
1108651 q0 8155400 0
1108651 q0 815597 1
1108651 q0 815720 0
1108651 q0 8174763 2
1108651 q0 8175406 2
1108651 q0 8175407 1
1108651 q0 8175408 3
1108651 q0 8175409 3
1108651 q0 8175410 2
1108651 q0 8175411 3
1108651 q0 8175412 3
1108651 q0 8175414 3
1108651 q0 8175415 2
1108651 q0 8250174 3
1108651 q0 8258080 1
1108651 q0 8258082 0
1108651 q0 8258084 1
1108651 q0 8258085 3
1108651 q0 8258147 1
1108651 q0 8289552 3
1108651 q0 8289553 3
1108651 q0 8289554 3
1108651 q0 8289556 3
1108651 q0 8289557 3
1108651 q0 8289558 3
1108651 q0 8289559 3
1108651 q0 8289561 3
1108651 q0 8291228 1
1108651 q0 8338681 1
1108651 q0 8410352 2
1108651 q0 8410357 3
1108651 q0 8444073 3
1108651 q0 8489684 2
1108651 q0 8489685 0
1108651 q0 8525034 2
1108651 q0 8591633 2
1108651 q0 8612360 0
1108651 q0 8625307 1
1108651 q0 8625309 2
1108651 q0 865539 2
1108651 q0 8675709 1
1108651 q0 8811246 1
1108651 q0 93018 3
1108651 q0 933276 0
1109707 q0 1011113 3
1109707 q0 1032640 1
1109707 q0 1055334 1
1109707 q0 1058287 1
1109707 q0 1058288 1
1109707 q0 1058293 1
1109707 q0 1058295 1
1109707 q0 1062369 1
1109707 q0 1062371 2
1109707 q0 1062372 1
1109707 q0 1062374 2
1109707 q0 1062375 2
1109707 q0 107561 1
1109707 q0 107562 0
1109707 q0 107564 1
1109707 q0 1117884 1
1109707 q0 1143386 3
1109707 q0 1143388 1
1109707 q0 1143389 2
1109707 q0 1149379 1
1109707 q0 1176874 1
1109707 q0 1190624 2
1109707 q0 1192167 0
1109707 q0 1192172 0
1109707 q0 1207305 1
1109707 q0 1230608 1
1109707 q0 1235929 1
1109707 q0 1235935 1
1109707 q0 1255271 1
1109707 q0 1255274 1
1109707 q0 1255275 2
1109707 q0 1267907 1
1109707 q0 1459205 1
1109707 q0 1467634 2
1109707 q0 1467636 1
1109707 q0 1476511 1
1109707 q0 1491492 0
1109707 q0 1537820 2
1109707 q0 1542649 1
1109707 q0 1608567 2
1109707 q0 1608569 2
1109707 q0 1639996 1
1109707 q0 1667036 1
1109707 q0 1671344 1
1109707 q0 1671348 1
1109707 q0 1671349 2
1109707 q0 1671350 1
1109707 q0 1705998 1
1109707 q0 1712222 1
1109707 q0 1719371 3
1109707 q0 1719374 3
1109707 q0 1719375 1
1109707 q0 1734334 2
1109707 q0 1736725 1
1109707 q0 1823563 2
1109707 q0 1823567 1
1109707 q0 1881310 1
1109707 q0 1911564 3
1109707 q0 1950475 1
1109707 q0 1969321 2
1109707 q0 1972331 2
1109707 q0 2031419 2
1109707 q0 2031422 1
1109707 q0 2031426 2
1109707 q0 2046734 1
1109707 q0 2067342 3
1109707 q0 2175167 1
1109707 q0 2241069 1
1109707 q0 2241073 1
1109707 q0 2245437 3
1109707 q0 2247586 1
1109707 q0 2270085 1
1109707 q0 2273663 2
1109707 q0 2320865 0
1109707 q0 2393987 1
1109707 q0 245789 1
1109707 q0 2470668 1
1109707 q0 2510185 3
1109707 q0 2510190 2
1109707 q0 2534438 1
1109707 q0 2536029 1
1109707 q0 2537699 1
1109707 q0 2553869 2
1109707 q0 2578029 1
1109707 q0 2581465 1
1109707 q0 2646538 1
1109707 q0 2646540 1
1109707 q0 2734278 1
1109707 q0 2790438 1
1109707 q0 2879391 1
1109707 q0 2907410 1
1109707 q0 2907413 1
1109707 q0 2975673 2
1109707 q0 3035396 1
1109707 q0 3037786 2
1109707 q0 3037788 2
1109707 q0 3039462 2
1109707 q0 3039465 2
1109707 q0 3039466 2
1109707 q0 3160613 2
1109707 q0 3161726 3
1109707 q0 3325862 2
1109707 q0 3325864 1
1109707 q0 3325866 1
1109707 q0 3398421 1
1109707 q0 3420489 3
1109707 q0 3490347 2
1109707 q0 353765 2
1109707 q0 3537695 1
1109707 q0 353771 1
1109707 q0 353772 1
1109707 q0 3613137 1
1109707 q0 3644753 1
1109707 q0 3645097 2
1109707 q0 3676846 2
1109707 q0 3677520 2
1109707 q0 3708633 0
1109707 q0 3709276 0
1109707 q0 3709279 0
1109707 q0 3726024 2
1109707 q0 3731699 2
1109707 q0 3752034 1
1109707 q0 3876236 1
1109707 q0 3884151 1
1109707 q0 3982977 3
1109707 q0 4018467 0
1109707 q0 4044432 3
1109707 q0 4053835 1
1109707 q0 4088156 1
1109707 q0 4088161 1
1109707 q0 4099609 3
1109707 q0 4122615 3
1109707 q0 4122618 2
1109707 q0 4122619 2
1109707 q0 4133177 1
1109707 q0 4236627 3
1109707 q0 4236630 1
1109707 q0 4269107 1
1109707 q0 4285843 1
1109707 q0 4294915 3
1109707 q0 432533 2
1109707 q0 432534 1
1109707 q0 4332695 1
1109707 q0 4332698 1
1109707 q0 4345768 1
1109707 q0 4370752 2
1109707 q0 4370753 2
1109707 q0 4370756 1
1109707 q0 458597 1
1109707 q0 458599 3
1109707 q0 459375 1
1109707 q0 4709476 1
1109707 q0 4709477 2
1109707 q0 4714159 2
1109707 q0 4714162 1
1109707 q0 4772152 1
1109707 q0 4772154 1
1109707 q0 4788762 1
1109707 q0 4821700 1
1109707 q0 4867369 1
1109707 q0 4869410 2
1109707 q0 4876515 0
1109707 q0 4933627 1
1109707 q0 4933634 2
1109707 q0 4933636 2
1109707 q0 5030441 2
1109707 q0 5030442 2
1109707 q0 5030443 2
1109707 q0 5030447 2
1109707 q0 5030448 2
1109707 q0 5036148 1
1109707 q0 5036155 1
1109707 q0 5060978 1
1109707 q0 5111405 1
1109707 q0 5113116 1
1109707 q0 5121347 3
1109707 q0 5145050 2
1109707 q0 5204839 0
1109707 q0 5232985 1
1109707 q0 5237889 2
1109707 q0 5313194 0
1109707 q0 5329506 1
1109707 q0 5340015 1
1109707 q0 5340018 1
1109707 q0 5340019 1
1109707 q0 5395870 2
1109707 q0 5415865 1
1109707 q0 5418073 1
1109707 q0 54382 2
1109707 q0 5443410 1
1109707 q0 5443411 1
1109707 q0 5446117 1
1109707 q0 5484999 1
1109707 q0 5489680 1
1109707 q0 5489685 1
1109707 q0 5501511 2
1109707 q0 561628 2
1109707 q0 5628864 1
1109707 q0 5628870 1
1109707 q0 5628871 2
1109707 q0 568573 1
1109707 q0 5688650 1
1109707 q0 5708793 2
1109707 q0 5740302 2
1109707 q0 5740304 2
1109707 q0 5826551 1
1109707 q0 5835104 2
1109707 q0 5882873 1
1109707 q0 5942603 2
1109707 q0 5942607 2
1109707 q0 5947139 3
1109707 q0 5947140 3
1109707 q0 5957273 1
1109707 q0 5971128 1
1109707 q0 5971129 2
1109707 q0 5971131 2
1109707 q0 5971133 1
1109707 q0 5971134 2
1109707 q0 5973837 1
1109707 q0 6105463 2
1109707 q0 6226901 1
1109707 q0 6238285 3
1109707 q0 6238289 1
1109707 q0 6238290 2
1109707 q0 6238291 1
1109707 q0 6348567 1
1109707 q0 6360775 1
1109707 q0 6363243 1
1109707 q0 6514338 2
1109707 q0 6594554 1
1109707 q0 6648162 1
1109707 q0 6709499 1
1109707 q0 6716569 2
1109707 q0 6752975 2
1109707 q0 6752977 1
1109707 q0 6752984 2
1109707 q0 679386 2
1109707 q0 679387 2
1109707 q0 679388 1
1109707 q0 6807497 1
1109707 q0 6872195 3
1109707 q0 6899608 1
1109707 q0 6920081 0
1109707 q0 6929586 1
1109707 q0 6939055 1
1109707 q0 6941589 1
1109707 q0 6956623 1
1109707 q0 7018418 0
1109707 q0 7030352 1
1109707 q0 7082492 2
1109707 q0 7091469 1
1109707 q0 7091471 1
1109707 q0 7101696 1
1109707 q0 7126490 2
1109707 q0 7131924 0
1109707 q0 7200169 1
1109707 q0 7233616 2
1109707 q0 7241551 1
1109707 q0 7241556 1
1109707 q0 7241557 2
1109707 q0 7241559 1
1109707 q0 7241562 1
1109707 q0 7245419 2
1109707 q0 7276704 1
1109707 q0 7299963 1
1109707 q0 7342843 1
1109707 q0 7376027 1
1109707 q0 7416527 2
1109707 q0 74490 2
1109707 q0 7554889 1
1109707 q0 7554894 1
1109707 q0 7566098 1
1109707 q0 7566099 2
1109707 q0 7566100 2
1109707 q0 7566102 1
1109707 q0 7566104 1
1109707 q0 7566105 1
1109707 q0 7589044 1
1109707 q0 766115 1
1109707 q0 7671117 2
1109707 q0 7671118 1
1109707 q0 7671120 2
1109707 q0 7671121 1
1109707 q0 7671122 1
1109707 q0 771002 3
1109707 q0 771745 3
1109707 q0 771747 1
1109707 q0 7741918 1
1109707 q0 7763795 1
1109707 q0 7782492 2
1109707 q0 785762 2
1109707 q0 785765 2
1109707 q0 785769 1
1109707 q0 7898218 1
1109707 q0 7926278 1
1109707 q0 7933992 2
1109707 q0 7940355 1
1109707 q0 7956354 1
1109707 q0 7979662 1
1109707 q0 7979664 2
1109707 q0 7979665 1
1109707 q0 8008033 2
1109707 q0 8027667 1
1109707 q0 8030751 1
1109707 q0 8052522 0
1109707 q0 8165490 1
1109707 q0 8165491 1
1109707 q0 8165492 1
1109707 q0 8165495 1
1109707 q0 8165497 2
1109707 q0 8281341 1
1109707 q0 8281345 1
1109707 q0 8363276 1
1109707 q0 8363277 1
1109707 q0 8363278 1
1109707 q0 8363279 2
1109707 q0 8363280 2
1109707 q0 8363281 2
1109707 q0 8411157 1
1109707 q0 8411158 1
1109707 q0 8411159 1
1109707 q0 8428967 1
1109707 q0 8447187 1
1109707 q0 8523906 1
1109707 q0 8552235 1
1109707 q0 8564593 1
1109707 q0 8582337 0
1109707 q0 8669895 1
1109707 q0 8679294 1
1109707 q0 8679295 0
1109707 q0 8683978 1
1109707 q0 8691947 1
1109707 q0 8695932 1
1109707 q0 8697725 1
1109707 q0 8718028 1
1109707 q0 8746672 2
1109707 q0 8746678 3
1110678 q0 1002518 0
1110678 q0 1016655 0
1110678 q0 102378 0
1110678 q0 1024538 0
1110678 q0 1027020 1
1110678 q0 1036124 0
1110678 q0 1067564 0
1110678 q0 1071683 1
1110678 q0 1077029 1
1110678 q0 1081900 0
1110678 q0 1087061 0
1110678 q0 1101829 0
1110678 q0 1106957 1
1110678 q0 1108819 2
1110678 q0 114448 0
1110678 q0 1160091 0
1110678 q0 1180481 1
1110678 q0 1191773 2
1110678 q0 1197953 0
1110678 q0 1202499 0
1110678 q0 1204310 1
1110678 q0 1204318 1
1110678 q0 1205953 0
1110678 q0 1227100 0
1110678 q0 1273674 1
1110678 q0 1273677 1
1110678 q0 1281433 0
1110678 q0 1327784 1
1110678 q0 133955 1
1110678 q0 1352494 0
1110678 q0 1368626 0
1110678 q0 1368628 0
1110678 q0 1369019 0
1110678 q0 1372786 0
1110678 q0 1393948 0
1110678 q0 1407079 1
1110678 q0 1450930 0
1110678 q0 1450932 0
1110678 q0 1450933 0
1110678 q0 1477727 0
1110678 q0 1548224 1
1110678 q0 1555304 2
1110678 q0 1562519 1
1110678 q0 1590930 1
1110678 q0 168128 0
1110678 q0 1710934 1
1110678 q0 1710937 1
1110678 q0 1710941 1
1110678 q0 1855952 1
1110678 q0 1861691 0
1110678 q0 1896414 0
1110678 q0 1902017 1
1110678 q0 19778 1
1110678 q0 2041759 1
1110678 q0 2096160 1
1110678 q0 2126363 1
1110678 q0 2138652 1
1110678 q0 2288519 0
1110678 q0 2336042 0
1110678 q0 2379087 0
1110678 q0 2595556 1
1110678 q0 2635264 1
1110678 q0 2713703 1
1110678 q0 2713704 1
1110678 q0 2713705 0
1110678 q0 2713707 1
1110678 q0 2713708 1
1110678 q0 2713709 1
1110678 q0 2713710 1
1110678 q0 2713711 2
1110678 q0 2714688 2
1110678 q0 27382 0
1110678 q0 2856365 0
1110678 q0 2918409 1
1110678 q0 2918410 0
1110678 q0 2993217 1
1110678 q0 3077416 1
1110678 q0 3087485 1
1110678 q0 3185509 1
1110678 q0 3195542 1
1110678 q0 3201281 1
1110678 q0 3249757 1
1110678 q0 3409858 1
1110678 q0 3449699 1
1110678 q0 3489883 0
1110678 q0 358450 3
1110678 q0 3625939 1
1110678 q0 3719134 1
1110678 q0 3720891 0
1110678 q0 3854406 0
1110678 q0 3858619 0
1110678 q0 3898227 1
1110678 q0 3918590 0
1110678 q0 3933533 0
1110678 q0 3999176 1
1110678 q0 4007919 1
1110678 q0 414148 1
1110678 q0 4161766 1
1110678 q0 4239720 0
1110678 q0 4297749 1
1110678 q0 4517438 1
1110678 q0 4517440 2
1110678 q0 4562233 1
1110678 q0 4562240 1
1110678 q0 4635461 1
1110678 q0 466622 1
1110678 q0 4671169 1
1110678 q0 4686319 1
1110678 q0 4706124 1
1110678 q0 4729747 0
1110678 q0 5043454 0
1110678 q0 5186739 0
1110678 q0 5223835 1
1110678 q0 5260903 1
1110678 q0 5307325 1
1110678 q0 5326298 1
1110678 q0 539177 2
1110678 q0 548296 0
1110678 q0 5510586 2
1110678 q0 5683838 0
1110678 q0 5719597 1
1110678 q0 5719602 1
1110678 q0 5755316 1
1110678 q0 5761934 1
1110678 q0 5843313 1
1110678 q0 5843314 1
1110678 q0 5915945 1
1110678 q0 6028890 1
1110678 q0 6087414 1
1110678 q0 61634 1
1110678 q0 6293499 1
1110678 q0 6315301 1
1110678 q0 6383531 1
1110678 q0 6433850 1
1110678 q0 6477142 0
1110678 q0 6503203 0
1110678 q0 6512116 2
1110678 q0 6530306 1
1110678 q0 6632692 1
1110678 q0 6704692 1
1110678 q0 6704694 1
1110678 q0 6717765 1
1110678 q0 673551 1
1110678 q0 6852020 1
1110678 q0 6852025 1
1110678 q0 6886850 1
1110678 q0 6936475 1
1110678 q0 6936478 1
1110678 q0 6991651 0
1110678 q0 7139329 1
1110678 q0 7139336 1
1110678 q0 7142094 2
1110678 q0 7174419 1
1110678 q0 7229573 1
1110678 q0 7238156 1
1110678 q0 7248734 0
1110678 q0 7415114 2
1110678 q0 741943 2
1110678 q0 7449481 1
1110678 q0 7487380 1
1110678 q0 7643065 0
1110678 q0 7671271 1
1110678 q0 7671273 1
1110678 q0 7671274 1
1110678 q0 7738543 1
1110678 q0 7743732 1
1110678 q0 7781589 0
1110678 q0 7788848 1
1110678 q0 7822741 1
1110678 q0 7822742 1
1110678 q0 7822744 1
1110678 q0 7833464 1
1110678 q0 7841617 1
1110678 q0 7896534 1
1110678 q0 7896539 0
1110678 q0 7896540 0
1110678 q0 7896541 0
1110678 q0 7898379 1
1110678 q0 7920888 1
1110678 q0 7920889 1
1110678 q0 7961176 1
1110678 q0 7972758 1
1110678 q0 7974817 1
1110678 q0 8055252 2
1110678 q0 8087022 0
1110678 q0 8092357 1
1110678 q0 8094334 1
1110678 q0 8155905 1
1110678 q0 8155907 1
1110678 q0 8155909 1
1110678 q0 8155910 1
1110678 q0 8155912 3
1110678 q0 8155913 3
1110678 q0 8155914 3
1110678 q0 8167717 0
1110678 q0 8315653 1
1110678 q0 8315658 1
1110678 q0 8319126 1
1110678 q0 8378139 1
1110678 q0 8423569 0
1110678 q0 8483627 1
1110678 q0 851013 0
1110678 q0 8541271 1
1110678 q0 8548686 0
1110678 q0 8622463 1
1110678 q0 8627464 1
1110678 q0 8678364 1
1110678 q0 8721410 0
1110678 q0 8746161 1
1110678 q0 966424 0
1113256 q0 1085169 0
1113256 q0 1169289 0
1113256 q0 1348118 1
1113256 q0 1407863 0
1113256 q0 1407864 0
1113256 q0 1407866 0
1113256 q0 1407867 0
1113256 q0 1407868 0
1113256 q0 1407869 0
1113256 q0 1407871 0
1113256 q0 1420292 0
1113256 q0 1512281 0
1113256 q0 1512282 0
1113256 q0 1561315 0
1113256 q0 1649973 0
1113256 q0 1669121 0
1113256 q0 1821599 0
1113256 q0 1939764 0
1113256 q0 1976014 0
1113256 q0 2050835 0
1113256 q0 2067392 0
1113256 q0 2067393 0
1113256 q0 2067395 0
1113256 q0 2133268 0
1113256 q0 2166870 0
1113256 q0 2166871 0
1113256 q0 2179300 0
1113256 q0 2233414 0
1113256 q0 2321033 1
1113256 q0 2321035 0
1113256 q0 2321036 0
1113256 q0 2321037 1
1113256 q0 2321039 0
1113256 q0 2391485 0
1113256 q0 2483934 0
1113256 q0 250059 0
1113256 q0 2550312 0
1113256 q0 2550320 0
1113256 q0 2615026 0
1113256 q0 2615027 0
1113256 q0 2615029 0
1113256 q0 2615030 0
1113256 q0 2667029 0
1113256 q0 2713310 0
1113256 q0 2713311 1
1113256 q0 2713314 1
1113256 q0 2757311 0
1113256 q0 2757314 0
1113256 q0 2792600 0
1113256 q0 2841122 0
1113256 q0 2967406 0
1113256 q0 3059697 0
1113256 q0 3074374 1
1113256 q0 3137929 0
1113256 q0 3198469 0
1113256 q0 3263257 0
1113256 q0 3263258 0
1113256 q0 3427295 0
1113256 q0 3427300 0
1113256 q0 3522819 0
1113256 q0 3539362 0
1113256 q0 3539364 0
1113256 q0 3539365 0
1113256 q0 3539366 0
1113256 q0 3539368 0
1113256 q0 3611458 0
1113256 q0 361360 0
1113256 q0 3828437 0
1113256 q0 3828444 0
1113256 q0 3914040 0
1113256 q0 3976056 0
1113256 q0 3976057 0
1113256 q0 3976058 0
1113256 q0 3976059 0
1113256 q0 3976060 1
1113256 q0 3976064 1
1113256 q0 4000525 0
1113256 q0 4037104 0
1113256 q0 4066179 0
1113256 q0 4351507 0
1113256 q0 4456780 2
1113256 q0 4566036 0
1113256 q0 4687140 0
1113256 q0 4689495 0
1113256 q0 4689499 1
1113256 q0 4718738 0
1113256 q0 4769122 1
1113256 q0 4867267 0
1113256 q0 4951381 0
1113256 q0 511824 0
1113256 q0 5153406 0
1113256 q0 5236651 0
1113256 q0 5253015 0
1113256 q0 5295502 0
1113256 q0 5347130 0
1113256 q0 5365817 0
1113256 q0 5365819 0
1113256 q0 5365821 0
1113256 q0 5382844 0
1113256 q0 5396746 0
1113256 q0 5723303 1
1113256 q0 5723305 0
1113256 q0 5870410 0
1113256 q0 624240 0
1113256 q0 6355096 0
1113256 q0 6456003 0
1113256 q0 6661026 0
1113256 q0 6689559 0
1113256 q0 6692569 0
1113256 q0 6719823 0
1113256 q0 6760236 0
1113256 q0 6780047 0
1113256 q0 6915166 1
1113256 q0 6915168 1
1113256 q0 6915169 0
1113256 q0 6915170 1
1113256 q0 6915171 0
1113256 q0 7082877 0
1113256 q0 7250126 0
1113256 q0 730501 0
1113256 q0 7338760 0
1113256 q0 7503007 0
1113256 q0 7504592 0
1113256 q0 7535834 0
1113256 q0 7557213 1
1113256 q0 7561111 3
1113256 q0 7561113 3
1113256 q0 7561114 3
1113256 q0 7561115 3
1113256 q0 7561116 2
1113256 q0 7561117 2
1113256 q0 7561118 2
1113256 q0 7561120 3
1113256 q0 7594310 0
1113256 q0 7770234 0
1113256 q0 7843127 0
1113256 q0 7843128 0
1113256 q0 7843129 0
1113256 q0 7843131 0
1113256 q0 7843132 1
1113256 q0 7843133 1
1113256 q0 8084711 0
1113256 q0 8130528 2
1113256 q0 8130529 2
1113256 q0 8130530 3
1113256 q0 8130531 0
1113256 q0 8130532 0
1113256 q0 8130535 3
1113256 q0 8148866 0
1113256 q0 8226472 0
1113256 q0 8279262 0
1113256 q0 848877 0
1113256 q0 8644102 0
1113256 q0 8664393 0
1115210 q0 1049525 0
1115210 q0 1081361 0
1115210 q0 1097228 0
1115210 q0 1139086 1
1115210 q0 1139091 1
1115210 q0 1245904 1
1115210 q0 1269658 0
1115210 q0 1278134 0
1115210 q0 1419213 0
1115210 q0 1551022 0
1115210 q0 1592599 1
1115210 q0 1642869 2
1115210 q0 1679894 0
1115210 q0 1727810 1
1115210 q0 180636 0
1115210 q0 1809743 0
1115210 q0 1894190 0
1115210 q0 1930297 0
1115210 q0 1930304 1
1115210 q0 1980288 0
1115210 q0 2067056 0
1115210 q0 20790 0
1115210 q0 212128 0
1115210 q0 2168222 1
1115210 q0 2168224 0
1115210 q0 2178074 0
1115210 q0 2216595 1
1115210 q0 2237161 1
1115210 q0 2270090 0
1115210 q0 2317313 0
1115210 q0 2393206 0
1115210 q0 2393211 0
1115210 q0 239983 0
1115210 q0 246638 0
1115210 q0 2501063 0
1115210 q0 2539933 0
1115210 q0 2539934 0
1115210 q0 2689490 0
1115210 q0 2690664 2
1115210 q0 2699375 0
1115210 q0 2739193 0
1115210 q0 2765982 1
1115210 q0 2765989 0
1115210 q0 2772827 0
1115210 q0 2844989 0
1115210 q0 2864040 1
1115210 q0 2888217 0
1115210 q0 2990590 1
1115210 q0 3031185 1
1115210 q0 3031186 1
1115210 q0 3031187 0
1115210 q0 3031188 0
1115210 q0 3031191 1
1115210 q0 3031193 1
1115210 q0 3043390 0
1115210 q0 3090280 0
1115210 q0 3232431 0
1115210 q0 3233393 0
1115210 q0 3286095 0
1115210 q0 3326679 0
1115210 q0 3363993 0
1115210 q0 3464701 0
1115210 q0 3525807 0
1115210 q0 3611458 0
1115210 q0 3631632 0
1115210 q0 3676753 1
1115210 q0 3689359 2
1115210 q0 3689362 1
1115210 q0 3793694 0
1115210 q0 3812557 1
1115210 q0 409739 1
1115210 q0 4189777 1
1115210 q0 4267676 0
1115210 q0 4331579 0
1115210 q0 4422043 0
1115210 q0 4439069 0
1115210 q0 4450403 0
1115210 q0 4450407 0
1115210 q0 4478211 1
1115210 q0 4478819 1
1115210 q0 4479528 1
1115210 q0 4606434 0
1115210 q0 4614411 0
1115210 q0 4619534 0
1115210 q0 4652854 1
1115210 q0 4671346 0
1115210 q0 4781712 1
1115210 q0 4791665 1
1115210 q0 4807140 0
1115210 q0 4920014 0
1115210 q0 5003691 0
1115210 q0 5074004 0
1115210 q0 5100430 1
1115210 q0 5226070 0
1115210 q0 5337250 0
1115210 q0 5363963 0
1115210 q0 5395874 0
1115210 q0 5456915 1
1115210 q0 5547291 1
1115210 q0 5547292 1
1115210 q0 5547293 0
1115210 q0 5547294 1
1115210 q0 5547295 1
1115210 q0 5547297 0
1115210 q0 5547299 1
1115210 q0 5558549 0
1115210 q0 5629228 0
1115210 q0 5769768 1
1115210 q0 5769775 1
1115210 q0 5799267 0
1115210 q0 5799268 0
1115210 q0 5799270 1
1115210 q0 585046 0
1115210 q0 5896446 0
1115210 q0 5903116 1
1115210 q0 5903117 1
1115210 q0 5965542 0
1115210 q0 602916 1
1115210 q0 6037471 0
1115210 q0 6518452 0
1115210 q0 6624265 0
1115210 q0 6690339 0
1115210 q0 6773575 1
1115210 q0 6786951 0
1115210 q0 6797768 1
1115210 q0 6953747 0
1115210 q0 6968107 1
1115210 q0 6968110 1
1115210 q0 7070335 0
1115210 q0 7082211 2
1115210 q0 7126100 0
1115210 q0 7188543 0
1115210 q0 7188546 0
1115210 q0 7189920 2
1115210 q0 7245423 0
1115210 q0 7305409 1
1115210 q0 7416526 0
1115210 q0 7440357 1
1115210 q0 7440358 1
1115210 q0 7440360 1
1115210 q0 7440361 1
1115210 q0 7440363 1
1115210 q0 7440364 0
1115210 q0 7440365 1
1115210 q0 7440366 1
1115210 q0 7463699 1
1115210 q0 7463700 1
1115210 q0 7487597 1
1115210 q0 7487600 1
1115210 q0 7487601 1
1115210 q0 7523059 0
1115210 q0 7523920 1
1115210 q0 7616480 0
1115210 q0 7628774 2
1115210 q0 7707770 0
1115210 q0 7725093 1
1115210 q0 7728854 1
1115210 q0 7941238 1
1115210 q0 8111878 1
1115210 q0 8111879 1
1115210 q0 8111880 1
1115210 q0 8111881 1
1115210 q0 8111882 2
1115210 q0 8111883 1
1115210 q0 8111884 1
1115210 q0 8111885 1
1115210 q0 8111886 1
1115210 q0 8111887 1
1115210 q0 8114699 0
1115210 q0 8114701 0
1115210 q0 8114702 0
1115210 q0 8119266 0
1115210 q0 8156749 0
1115210 q0 8179769 0
1115210 q0 8237860 1
1115210 q0 8237862 1
1115210 q0 8237863 1
1115210 q0 8237864 1
1115210 q0 8237866 1
1115210 q0 8253251 0
1115210 q0 8280517 1
1115210 q0 8390254 1
1115210 q0 840008 1
1115210 q0 840010 1
1115210 q0 840012 1
1115210 q0 845820 0
1115210 q0 845823 0
1115210 q0 845826 0
1115210 q0 845827 1
1115210 q0 845828 1
1115210 q0 8640384 0
1115210 q0 8723540 0
1115210 q0 8768846 0
1115210 q0 8768954 1
1115210 q0 8787715 0
1115210 q0 884407 0
1115210 q0 899008 0
1115210 q0 913458 0
1115210 q0 924183 1
1116380 q0 1012460 0
1116380 q0 1143554 0
1116380 q0 1210414 0
1116380 q0 1221557 1
1116380 q0 1231712 2
1116380 q0 1238733 0
1116380 q0 1242069 0
1116380 q0 1242073 1
1116380 q0 1291050 0
1116380 q0 1291053 1
1116380 q0 1296866 0
1116380 q0 1329657 0
1116380 q0 1413686 1
1116380 q0 1422756 1
1116380 q0 1422757 1
1116380 q0 1422760 1
1116380 q0 1422761 1
1116380 q0 1512309 0
1116380 q0 1537442 1
1116380 q0 1537444 1
1116380 q0 1537447 3
1116380 q0 1537448 1
1116380 q0 1547038 0
1116380 q0 1584126 0
1116380 q0 1635673 1
1116380 q0 1642654 1
1116380 q0 1645711 1
1116380 q0 1645713 1
1116380 q0 1682893 1
1116380 q0 1684330 0
1116380 q0 1747909 2
1116380 q0 1757185 0
1116380 q0 186248 1
1116380 q0 1883473 1
1116380 q0 1907968 0
1116380 q0 1913497 0
1116380 q0 2122541 0
1116380 q0 2148885 1
1116380 q0 2187939 1
1116380 q0 2198033 1
1116380 q0 2288225 1
1116380 q0 2302566 1
1116380 q0 2302568 1
1116380 q0 2302570 1
1116380 q0 2308494 0
1116380 q0 2313729 0
1116380 q0 2317313 0
1116380 q0 2379432 0
1116380 q0 2385269 0
1116380 q0 2411391 1
1116380 q0 2489247 0
1116380 q0 2522731 0
1116380 q0 2552077 0
1116380 q0 2557536 1
1116380 q0 2557541 1
1116380 q0 2617864 0
1116380 q0 2626979 1
1116380 q0 2626982 0
1116380 q0 2808195 0
1116380 q0 283258 1
1116380 q0 283259 1
1116380 q0 283261 2
1116380 q0 283262 3
1116380 q0 283263 1
1116380 q0 283265 1
1116380 q0 283266 1
1116380 q0 283267 3
1116380 q0 2960678 3
1116380 q0 3104314 0
1116380 q0 3104315 0
1116380 q0 3104317 0
1116380 q0 3104321 0
1116380 q0 3148865 0
1116380 q0 3189589 0
1116380 q0 3456111 1
1116380 q0 3456115 2
1116380 q0 3514274 0
1116380 q0 3588232 1
1116380 q0 3588234 3
1116380 q0 3588235 3
1116380 q0 3588236 2
1116380 q0 3680690 0
1116380 q0 3763749 0
1116380 q0 3891393 0
1116380 q0 4029024 0
1116380 q0 4118339 1
1116380 q0 432193 0
1116380 q0 444966 1
1116380 q0 444967 0
1116380 q0 444968 0
1116380 q0 444969 0
1116380 q0 444971 0
1116380 q0 444974 1
1116380 q0 444975 1
1116380 q0 4502576 0
1116380 q0 471649 0
1116380 q0 4777951 0
1116380 q0 479104 0
1116380 q0 4794710 0
1116380 q0 4819831 0
1116380 q0 4874553 0
1116380 q0 4946341 1
1116380 q0 4999492 0
1116380 q0 5104772 0
1116380 q0 5104773 1
1116380 q0 5104774 1
1116380 q0 5104775 1
1116380 q0 5104779 1
1116380 q0 5106105 0
1116380 q0 5140713 1
1116380 q0 521336 1
1116380 q0 521337 2
1116380 q0 521341 2
1116380 q0 521345 2
1116380 q0 5234514 1
1116380 q0 5270054 0
1116380 q0 5290606 0
1116380 q0 530340 1
1116380 q0 5316051 0
1116380 q0 5332376 0
1116380 q0 5395322 1
1116380 q0 5406796 1
1116380 q0 5419991 0
1116380 q0 5518518 0
1116380 q0 5654382 0
1116380 q0 568198 1
1116380 q0 5728322 0
1116380 q0 5752652 3
1116380 q0 5752653 3
1116380 q0 5752656 3
1116380 q0 5752658 3
1116380 q0 5752659 2
1116380 q0 5788926 0
1116380 q0 594061 0
1116380 q0 6136688 0
1116380 q0 6198775 0
1116380 q0 6198777 0
1116380 q0 6227357 0
1116380 q0 6256091 0
1116380 q0 6256097 0
1116380 q0 6266600 0
1116380 q0 6303581 0
1116380 q0 631532 1
1116380 q0 631533 1
1116380 q0 6405369 0
1116380 q0 6431022 0
1116380 q0 6546044 0
1116380 q0 6777677 0
1116380 q0 6777680 0
1116380 q0 6801950 0
1116380 q0 684555 0
1116380 q0 684556 0
1116380 q0 684558 2
1116380 q0 684559 1
1116380 q0 684561 0
1116380 q0 684562 0
1116380 q0 684564 2
1116380 q0 6891415 1
1116380 q0 6896456 0
1116380 q0 7082182 0
1116380 q0 7111840 0
1116380 q0 7210000 0
1116380 q0 7215246 0
1116380 q0 7226727 0
1116380 q0 746453 0
1116380 q0 765640 2
1116380 q0 765645 2
1116380 q0 765646 2
1116380 q0 7702038 0
1116380 q0 7883751 1
1116380 q0 8040396 0
1116380 q0 8100541 1
1116380 q0 8100542 3
1116380 q0 8100543 3
1116380 q0 8100545 3
1116380 q0 8100546 3
1116380 q0 8100548 1
1116380 q0 8113949 1
1116380 q0 814990 0
1116380 q0 8163921 0
1116380 q0 8166096 0
1116380 q0 8177315 1
1116380 q0 8206452 0
1116380 q0 8215203 0
1116380 q0 8230055 0
1116380 q0 8301727 0
1116380 q0 8312435 0
1116380 q0 8315868 0
1116380 q0 8341600 0
1116380 q0 8371014 0
1116380 q0 8568252 2
1116380 q0 8571530 1
1116380 q0 8571533 1
1116380 q0 8571538 1
1116380 q0 8583271 0
1116380 q0 8583274 0
1116380 q0 8612548 1
1116380 q0 8621253 0
1116380 q0 8646237 0
1116380 q0 8718860 0
1116380 q0 8725189 0
1116380 q0 8765011 0
1116380 q0 8784324 0
1116380 q0 8784326 0
1116380 q0 8784328 1
1116380 q0 8784331 1
1116380 q0 8784332 0
1116380 q0 8811453 0
1116380 q0 953274 0
1116380 q0 953277 1
1116380 q0 98602 0
1121353 q0 1032847 1
1121353 q0 1058782 0
1121353 q0 1058786 0
1121353 q0 1112282 0
1121353 q0 1122644 2
1121353 q0 1171583 0
1121353 q0 1188941 1
1121353 q0 1194373 1
1121353 q0 1287148 1
1121353 q0 1292498 1
1121353 q0 1323513 1
1121353 q0 1366299 0
1121353 q0 1366302 0
1121353 q0 1467169 1
1121353 q0 1480308 0
1121353 q0 1502954 0
1121353 q0 1602189 0
1121353 q0 1692766 1
1121353 q0 1698243 0
1121353 q0 1698246 0
1121353 q0 1727594 1
1121353 q0 1738146 1
1121353 q0 1742091 0
1121353 q0 1742093 0
1121353 q0 1742096 0
1121353 q0 1763439 1
1121353 q0 1773261 1
1121353 q0 1776379 0
1121353 q0 1776384 1
1121353 q0 1776385 0
1121353 q0 1791221 1
1121353 q0 1854967 1
1121353 q0 1854970 2
1121353 q0 195106 1
1121353 q0 195111 1
1121353 q0 1976011 1
1121353 q0 1977972 1
1121353 q0 2003399 0
1121353 q0 2014565 1
1121353 q0 2126675 0
1121353 q0 2163152 0
1121353 q0 2213818 1
1121353 q0 2213820 1
1121353 q0 2403262 1
1121353 q0 2526832 0
1121353 q0 2592540 1
1121353 q0 2822285 0
1121353 q0 2846270 1
1121353 q0 2863942 0
1121353 q0 286759 2
1121353 q0 2922051 0
1121353 q0 2984491 1
1121353 q0 2984495 1
1121353 q0 299755 0
1121353 q0 299758 0
1121353 q0 3071120 1
1121353 q0 3230857 0
1121353 q0 3340409 0
1121353 q0 3376276 0
1121353 q0 3393177 2
1121353 q0 3404563 0
1121353 q0 3405327 1
1121353 q0 3405776 1
1121353 q0 3481686 0
1121353 q0 3495151 0
1121353 q0 3541848 2
1121353 q0 3541854 1
1121353 q0 358371 0
1121353 q0 3592175 0
1121353 q0 3641804 2
1121353 q0 3645697 0
1121353 q0 3763467 1
1121353 q0 3869040 0
1121353 q0 3917737 1
1121353 q0 3970959 0
1121353 q0 4032913 1
1121353 q0 4032914 1
1121353 q0 412430 0
1121353 q0 4169016 0
1121353 q0 4249415 2
1121353 q0 4259960 1
1121353 q0 4361549 1
1121353 q0 4394100 0
1121353 q0 4394104 0
1121353 q0 4440318 2
1121353 q0 4440324 1
1121353 q0 4453227 0
1121353 q0 4453234 0
1121353 q0 4459866 1
1121353 q0 4470060 0
1121353 q0 4513265 1
1121353 q0 4513266 1
1121353 q0 4526140 0
1121353 q0 4545820 0
1121353 q0 4828747 1
1121353 q0 4872676 1
1121353 q0 4881885 1
1121353 q0 4902801 0
1121353 q0 4933438 1
1121353 q0 4956185 0
1121353 q0 4969903 1
1121353 q0 5023070 1
1121353 q0 5118962 0
1121353 q0 5187358 1
1121353 q0 523094 0
1121353 q0 5265072 1
1121353 q0 5265078 1
1121353 q0 5277905 2
1121353 q0 5277906 2
1121353 q0 5357560 2
1121353 q0 5384963 0
1121353 q0 5387479 1
1121353 q0 5411951 1
1121353 q0 5412517 0
1121353 q0 5517896 1
1121353 q0 5526010 1
1121353 q0 5540041 2
1121353 q0 5570340 1
1121353 q0 5572765 0
1121353 q0 5606068 1
1121353 q0 5609375 0
1121353 q0 5614483 1
1121353 q0 5633052 1
1121353 q0 5642762 1
1121353 q0 5649218 0
1121353 q0 5740217 0
1121353 q0 5740338 1
1121353 q0 5754666 1
1121353 q0 578614 0
1121353 q0 5796090 1
1121353 q0 5807783 0
1121353 q0 5956716 1
1121353 q0 5973971 0
1121353 q0 6000313 2
1121353 q0 6022928 2
1121353 q0 623604 0
1121353 q0 6303946 1
1121353 q0 6352617 2
1121353 q0 6381284 1
1121353 q0 6381285 1
1121353 q0 6434034 0
1121353 q0 6456656 0
1121353 q0 6458584 0
1121353 q0 6458592 0
1121353 q0 6550003 0
1121353 q0 6606557 2
1121353 q0 6606558 1
1121353 q0 6609807 0
1121353 q0 6635908 0
1121353 q0 6640904 1
1121353 q0 6669289 1
1121353 q0 6751341 1
1121353 q0 6751346 1
1121353 q0 6774477 1
1121353 q0 6774481 1
1121353 q0 6870700 1
1121353 q0 6870701 1
1121353 q0 7070396 2
1121353 q0 710825 1
1121353 q0 7139511 1
1121353 q0 7191734 1
1121353 q0 7223621 0
1121353 q0 7231420 0
1121353 q0 7235893 1
1121353 q0 7245650 1
1121353 q0 7250334 0
1121353 q0 7323417 1
1121353 q0 7323420 1
1121353 q0 7363360 1
1121353 q0 7395831 0
1121353 q0 7484665 1
1121353 q0 7527098 1
1121353 q0 7538286 1
1121353 q0 7538287 1
1121353 q0 7544621 0
1121353 q0 7563761 0
1121353 q0 7592500 0
1121353 q0 7594137 0
1121353 q0 7594140 0
1121353 q0 759489 0
1121353 q0 770279 1
1121353 q0 770280 1
1121353 q0 7708323 1
1121353 q0 777706 1
1121353 q0 7843479 1
1121353 q0 7898308 0
1121353 q0 7908499 0
1121353 q0 7971387 0
1121353 q0 8017580 0
1121353 q0 8038755 1
1121353 q0 8053108 1
1121353 q0 8053109 1
1121353 q0 8053110 1
1121353 q0 8053112 1
1121353 q0 8053113 1
1121353 q0 8053117 1
1121353 q0 8190423 0
1121353 q0 8204552 0
1121353 q0 8204691 0
1121353 q0 8206291 0
1121353 q0 8213349 2
1121353 q0 824320 2
1121353 q0 8261242 1
1121353 q0 8261751 0
1121353 q0 8275387 1
1121353 q0 8323729 0
1121353 q0 8323730 1
1121353 q0 8339023 1
1121353 q0 8358683 0
1121353 q0 8404173 1
1121353 q0 8521074 0
1121353 q0 8523256 1
1121353 q0 8531112 1
1121353 q0 858644 1
1121353 q0 8728943 1
1121353 q0 8823274 0
1121353 q0 890913 1
1121353 q0 907547 1
1121353 q0 907550 1
1121353 q0 937046 1
1121353 q0 964227 0
1121353 q0 964229 0
1121353 q0 964232 0
1122767 q0 105695 1
1122767 q0 1176270 1
1122767 q0 1176273 2
1122767 q0 1182022 1
1122767 q0 1231532 0
1122767 q0 1231533 0
1122767 q0 1238934 1
1122767 q0 1253474 0
1122767 q0 1253475 3
1122767 q0 1282541 1
1122767 q0 1355616 0
1122767 q0 1368156 1
1122767 q0 1370608 2
1122767 q0 1429180 0
1122767 q0 1462625 0
1122767 q0 1489267 1
1122767 q0 1489271 1
1122767 q0 1489273 1
1122767 q0 1575377 2
1122767 q0 1703863 0
1122767 q0 1901639 3
1122767 q0 1951801 2
1122767 q0 1968737 1
1122767 q0 2019367 3
1122767 q0 2019371 3
1122767 q0 2060277 0
1122767 q0 2113726 0
1122767 q0 2291735 1
1122767 q0 2358778 3
1122767 q0 2594067 0
1122767 q0 2597575 0
1122767 q0 2642213 0
1122767 q0 2859900 1
1122767 q0 2859901 1
1122767 q0 2859903 1
1122767 q0 2859904 2
1122767 q0 2859905 1
1122767 q0 2859907 3
1122767 q0 2859908 1
1122767 q0 2869517 0
1122767 q0 2869520 0
1122767 q0 2873459 0
1122767 q0 2873460 0
1122767 q0 2912048 2
1122767 q0 2984641 0
1122767 q0 3024703 0
1122767 q0 3192617 2
1122767 q0 3320220 1
1122767 q0 3368028 1
1122767 q0 3407779 1
1122767 q0 3407780 1
1122767 q0 3407781 1
1122767 q0 3467786 1
1122767 q0 3467790 1
1122767 q0 3537520 1
1122767 q0 3556877 0
1122767 q0 3559288 1
1122767 q0 3559293 2
1122767 q0 3601979 2
1122767 q0 3774765 0
1122767 q0 3945670 0
1122767 q0 3945676 0
1122767 q0 3945678 0
1122767 q0 4039158 0
1122767 q0 4039159 0
1122767 q0 4055798 0
1122767 q0 4102083 3
1122767 q0 4160569 1
1122767 q0 4161416 3
1122767 q0 4161419 3
1122767 q0 4259801 1
1122767 q0 4267676 0
1122767 q0 4364715 3
1122767 q0 4461306 3
1122767 q0 4461309 0
1122767 q0 4461310 1
1122767 q0 4461311 3
1122767 q0 4461313 3
1122767 q0 4503672 0
1122767 q0 4550501 1
1122767 q0 4550503 1
1122767 q0 4550504 3
1122767 q0 4550505 1
1122767 q0 4559500 1
1122767 q0 458261 3
1122767 q0 466849 1
1122767 q0 468959 3
1122767 q0 4784605 3
1122767 q0 4824677 3
1122767 q0 4824679 2
1122767 q0 4824681 1
1122767 q0 4919643 1
1122767 q0 4972396 0
1122767 q0 5285491 3
1122767 q0 5289680 1
1122767 q0 5468401 1
1122767 q0 5468404 1
1122767 q0 5468407 1
1122767 q0 5468409 1
1122767 q0 5604729 0
1122767 q0 5796709 3
1122767 q0 5796713 2
1122767 q0 585508 1
1122767 q0 585509 1
1122767 q0 585618 1
1122767 q0 5877495 1
1122767 q0 5877496 2
1122767 q0 5877499 1
1122767 q0 5877500 3
1122767 q0 6028027 0
1122767 q0 6043811 1
1122767 q0 6049010 1
1122767 q0 6062055 0
1122767 q0 6063622 1
1122767 q0 6063626 1
1122767 q0 6133438 0
1122767 q0 6179207 1
1122767 q0 6179209 1
1122767 q0 6179210 3
1122767 q0 6179213 3
1122767 q0 6179214 1
1122767 q0 6183809 0
1122767 q0 6232839 1
1122767 q0 6477425 0
1122767 q0 668427 3
1122767 q0 6727500 0
1122767 q0 6727502 0
1122767 q0 6727505 1
1122767 q0 6727509 2
1122767 q0 6739572 1
1122767 q0 6760591 1
1122767 q0 6844136 0
1122767 q0 6849069 1
1122767 q0 6851716 1
1122767 q0 6851717 3
1122767 q0 6851718 1
1122767 q0 6851720 1
1122767 q0 7102820 1
1122767 q0 7145529 0
1122767 q0 7204534 0
1122767 q0 7378733 0
1122767 q0 75236 1
1122767 q0 7525260 0
1122767 q0 7525356 1
1122767 q0 7544609 1
1122767 q0 7727590 0
1122767 q0 7863109 3
1122767 q0 7900654 0
1122767 q0 793453 0
1122767 q0 7970636 0
1122767 q0 8039582 1
1122767 q0 8039583 2
1122767 q0 8039588 1
1122767 q0 8039589 1
1122767 q0 8039590 1
1122767 q0 8061226 1
1122767 q0 8061227 1
1122767 q0 8061228 0
1122767 q0 8061231 1
1122767 q0 8061233 2
1122767 q0 8061234 1
1122767 q0 8124830 0
1122767 q0 8146817 1
1122767 q0 8239643 0
1122767 q0 8272620 0
1122767 q0 8326509 2
1122767 q0 8326510 1
1122767 q0 8326513 1
1122767 q0 8385762 2
1122767 q0 8605440 0
1122767 q0 8718033 0
1122767 q0 8718034 0
1122767 q0 884946 3
1122767 q0 884952 2
1122767 q0 909991 0
1122767 q0 916144 1
1127540 q0 1014972 0
1127540 q0 1030011 0
1127540 q0 1031585 0
1127540 q0 103554 1
1127540 q0 1040817 0
1127540 q0 1058499 0
1127540 q0 1066469 0
1127540 q0 1075868 0
1127540 q0 1097228 0
1127540 q0 1105284 0
1127540 q0 1105286 0
1127540 q0 1112640 0
1127540 q0 1121270 0
1127540 q0 1121271 0
1127540 q0 1123492 0
1127540 q0 1137078 0
1127540 q0 1148509 0
1127540 q0 1162996 0
1127540 q0 1178694 0
1127540 q0 1184421 0
1127540 q0 1185114 0
1127540 q0 119289 0
1127540 q0 1192890 1
1127540 q0 119294 0
1127540 q0 1196841 0
1127540 q0 120234 0
1127540 q0 1203213 0
1127540 q0 1207253 0
1127540 q0 1211118 2
1127540 q0 1261897 1
1127540 q0 1302171 0
1127540 q0 1334273 0
1127540 q0 1347639 0
1127540 q0 1396435 0
1127540 q0 1439134 0
1127540 q0 1493874 1
1127540 q0 1493875 0
1127540 q0 149442 1
1127540 q0 1501579 0
1127540 q0 1521795 0
1127540 q0 1606362 0
1127540 q0 171071 0
1127540 q0 1711466 0
1127540 q0 1731607 0
1127540 q0 1733894 1
1127540 q0 1772889 0
1127540 q0 186476 0
1127540 q0 191920 0
1127540 q0 2044364 3
1127540 q0 2044366 3
1127540 q0 2044368 3
1127540 q0 2044369 2
1127540 q0 2044370 2
1127540 q0 2044371 1
1127540 q0 2044372 3
1127540 q0 2092024 1
1127540 q0 2176972 0
1127540 q0 2196252 0
1127540 q0 2253050 1
1127540 q0 257426 0
1127540 q0 2574460 3
1127540 q0 2607759 0
1127540 q0 2877830 1
1127540 q0 3134960 1
1127540 q0 3158392 2
1127540 q0 3158395 1
1127540 q0 3217502 1
1127540 q0 3607071 1
1127540 q0 3680007 1
1127540 q0 3785668 0
1127540 q0 3847244 0
1127540 q0 3852373 1
1127540 q0 3947737 0
1127540 q0 3982451 1
1127540 q0 3993067 1
1127540 q0 4174873 0
1127540 q0 4357490 1
1127540 q0 4488936 1
1127540 q0 4558913 1
1127540 q0 4612912 0
1127540 q0 4612915 0
1127540 q0 4793237 0
1127540 q0 4955486 0
1127540 q0 5066448 1
1127540 q0 510054 0
1127540 q0 5164961 0
1127540 q0 5388827 1
1127540 q0 5422960 0
1127540 q0 555346 1
1127540 q0 555347 0
1127540 q0 5555468 1
1127540 q0 5573410 0
1127540 q0 5632990 1
1127540 q0 5695961 0
1127540 q0 5712334 0
1127540 q0 5728324 3
1127540 q0 5728325 0
1127540 q0 5728327 0
1127540 q0 5728330 1
1127540 q0 5728331 0
1127540 q0 5728333 1
1127540 q0 5753339 1
1127540 q0 5766217 0
1127540 q0 5829204 0
1127540 q0 5830694 1
1127540 q0 5865961 0
1127540 q0 5935284 0
1127540 q0 6035180 0
1127540 q0 6282405 1
1127540 q0 6689370 0
1127540 q0 6731241 2
1127540 q0 690130 1
1127540 q0 6932352 1
1127540 q0 6987128 0
1127540 q0 6987134 0
1127540 q0 7075111 1
1127540 q0 7086620 0
1127540 q0 7184106 2
1127540 q0 72647 0
1127540 q0 7316218 0
1127540 q0 7538135 0
1127540 q0 7539855 1
1127540 q0 7577108 0
1127540 q0 7674599 1
1127540 q0 7787353 1
1127540 q0 7794105 0
1127540 q0 8103042 1
1127540 q0 8132731 1
1127540 q0 8172661 1
1127540 q0 8172662 0
1127540 q0 8202406 1
1127540 q0 8239759 0
1127540 q0 8239764 0
1127540 q0 8244505 1
1127540 q0 8304886 1
1127540 q0 8325268 2
1127540 q0 8331765 1
1127540 q0 8352461 0
1127540 q0 8352463 0
1127540 q0 8462440 0
1127540 q0 8520269 0
1127540 q0 8529280 0
1127540 q0 8544804 0
1127540 q0 8629950 0
1127540 q0 871220 0
1127540 q0 8726954 3
1127540 q0 8726955 2
1127540 q0 8726956 2
1127540 q0 8726957 3
1127540 q0 8726958 3
1127540 q0 8726959 3
1127540 q0 8726960 1
1127540 q0 8726961 3
1127540 q0 8726962 2
1127540 q0 8726963 3
1127540 q0 984503 0
1131069 q0 1028976 0
1131069 q0 1102861 1
1131069 q0 1550603 0
1131069 q0 1780963 1
1131069 q0 1780965 0
1131069 q0 1780966 0
1131069 q0 1780967 0
1131069 q0 1780968 0
1131069 q0 1780969 0
1131069 q0 1780970 0
1131069 q0 1780971 1
1131069 q0 1950963 0
1131069 q0 2032724 0
1131069 q0 2032730 0
1131069 q0 2063672 2
1131069 q0 2081130 0
1131069 q0 2181105 0
1131069 q0 2224978 0
1131069 q0 2224980 0
1131069 q0 2249864 0
1131069 q0 2270338 0
1131069 q0 2306507 0
1131069 q0 2342458 0
1131069 q0 2390409 0
1131069 q0 2396476 0
1131069 q0 2481380 0
1131069 q0 2481389 0
1131069 q0 2524280 0
1131069 q0 25336 0
1131069 q0 25343 0
1131069 q0 2585869 0
1131069 q0 2591884 0
1131069 q0 2626625 0
1131069 q0 2626726 0
1131069 q0 2626729 0
1131069 q0 2667597 0
1131069 q0 2723542 1
1131069 q0 2723544 0
1131069 q0 2726887 0
1131069 q0 2753822 0
1131069 q0 2756206 1
1131069 q0 2805723 2
1131069 q0 2805726 3
1131069 q0 2967075 0
1131069 q0 2979864 0
1131069 q0 2996190 0
1131069 q0 3131638 0
1131069 q0 3137929 0
1131069 q0 3188332 0
1131069 q0 325240 0
1131069 q0 3326159 0
1131069 q0 3342490 0
1131069 q0 3342494 0
1131069 q0 3371379 0
1131069 q0 3381686 0
1131069 q0 3381687 0
1131069 q0 3381689 0
1131069 q0 3381694 0
1131069 q0 346768 0
1131069 q0 3681047 0
1131069 q0 3681050 0
1131069 q0 3687599 0
1131069 q0 3689127 0
1131069 q0 3760794 0
1131069 q0 3771380 0
1131069 q0 3895994 0
1131069 q0 3895995 0
1131069 q0 3922535 0
1131069 q0 4118536 0
1131069 q0 4147052 0
1131069 q0 4167747 0
1131069 q0 4167954 0
1131069 q0 4291376 0
1131069 q0 429333 2
1131069 q0 4364557 0
1131069 q0 4422043 0
1131069 q0 4438056 0
1131069 q0 462559 0
1131069 q0 462560 0
1131069 q0 4694727 0
1131069 q0 4694729 0
1131069 q0 4694730 0
1131069 q0 4694732 0
1131069 q0 4694735 0
1131069 q0 4788864 0
1131069 q0 4818491 0
1131069 q0 4840387 0
1131069 q0 4840389 0
1131069 q0 4960547 2
1131069 q0 4983656 0
1131069 q0 5209946 0
1131069 q0 5211648 1
1131069 q0 5303398 0
1131069 q0 5390268 0
1131069 q0 5455642 1
1131069 q0 5538323 0
1131069 q0 5605975 0
1131069 q0 5668186 0
1131069 q0 5747527 0
1131069 q0 592597 0
1131069 q0 5970512 0
1131069 q0 60781 0
1131069 q0 6183852 0
1131069 q0 6374578 0
1131069 q0 6474405 0
1131069 q0 6661240 0
1131069 q0 6661248 0
1131069 q0 6712492 0
1131069 q0 6712496 0
1131069 q0 6712501 0
1131069 q0 6792247 0
1131069 q0 6792251 0
1131069 q0 6807342 0
1131069 q0 6807345 0
1131069 q0 6809696 0
1131069 q0 6809697 0
1131069 q0 6809698 0
1131069 q0 6809699 0
1131069 q0 6809701 0
1131069 q0 6809702 0
1131069 q0 6809703 0
1131069 q0 6863839 0
1131069 q0 6907802 0
1131069 q0 6907804 1
1131069 q0 6907805 0
1131069 q0 6907806 0
1131069 q0 6907807 1
1131069 q0 6907808 3
1131069 q0 6907809 2
1131069 q0 6925069 0
1131069 q0 7164331 2
1131069 q0 7242655 0
1131069 q0 7243357 0
1131069 q0 7275756 1
1131069 q0 7275758 0
1131069 q0 7275761 0
1131069 q0 7275764 0
1131069 q0 7289305 0
1131069 q0 7290057 0
1131069 q0 7300820 0
1131069 q0 7386758 0
1131069 q0 7419370 2
1131069 q0 7610004 0
1131069 q0 7610005 1
1131069 q0 7610008 0
1131069 q0 7615143 2
1131069 q0 7675773 0
1131069 q0 7675775 0
1131069 q0 7675777 0
1131069 q0 7830153 0
1131069 q0 7962538 3
1131069 q0 7977355 0
1131069 q0 8134157 0
1131069 q0 8142999 0
1131069 q0 8191741 0
1131069 q0 8191742 0
1131069 q0 8191743 0
1131069 q0 8191744 0
1131069 q0 8191746 0
1131069 q0 8204937 0
1131069 q0 8297513 0
1131069 q0 8364705 0
1131069 q0 8424077 0
1131069 q0 8432048 1
1131069 q0 8432049 2
1131069 q0 8432050 3
1131069 q0 8432051 0
1131069 q0 8432053 1
1131069 q0 8432054 0
1131069 q0 8432055 0
1131069 q0 85330 0
1131069 q0 8596341 0
1131069 q0 8613956 0
1131069 q0 8616376 0
1131069 q0 8772624 0
1131069 q0 889564 0
1131069 q0 944687 0
1132532 q0 1012084 1
1132532 q0 107532 0
1132532 q0 109114 0
1132532 q0 1110581 1
1132532 q0 1114931 0
1132532 q0 1229278 0
1132532 q0 1245510 3
1132532 q0 1245511 1
1132532 q0 1248871 1
1132532 q0 1258883 1
1132532 q0 1258885 1
1132532 q0 1258886 0
1132532 q0 1290702 1
1132532 q0 1378043 0
1132532 q0 1392844 0
1132532 q0 1490818 1
1132532 q0 1532770 1
1132532 q0 1539945 0
1132532 q0 1554004 1
1132532 q0 1556742 1
1132532 q0 1568459 1
1132532 q0 1687697 1
1132532 q0 172346 1
1132532 q0 1781922 1
1132532 q0 1976990 0
1132532 q0 1976995 1
1132532 q0 2054146 1
1132532 q0 2072552 1
1132532 q0 2106451 0
1132532 q0 219401 1
1132532 q0 2194782 1
1132532 q0 2243580 1
1132532 q0 2354524 1
1132532 q0 2354530 2
1132532 q0 2391844 0
1132532 q0 23960 1
1132532 q0 23962 1
1132532 q0 23966 1
1132532 q0 2399373 0
1132532 q0 2419836 0
1132532 q0 2451602 1
1132532 q0 2495466 1
1132532 q0 2495468 1
1132532 q0 2495469 1
1132532 q0 2495472 1
1132532 q0 2495473 1
1132532 q0 2536147 1
1132532 q0 2655517 1
1132532 q0 2762578 1
1132532 q0 2990698 1
1132532 q0 3052001 1
1132532 q0 3137929 0
1132532 q0 3298795 0
1132532 q0 3299150 1
1132532 q0 331542 2
1132532 q0 331543 2
1132532 q0 331545 2
1132532 q0 3406612 1
1132532 q0 3425496 0
1132532 q0 3444673 1
1132532 q0 3469358 1
1132532 q0 3700641 1
1132532 q0 3755255 0
1132532 q0 3797904 1
1132532 q0 3894153 1
1132532 q0 3912682 1
1132532 q0 3958789 0
1132532 q0 3959 1
1132532 q0 40091 1
1132532 q0 4032757 1
1132532 q0 4068056 1
1132532 q0 4098198 0
1132532 q0 4110870 2
1132532 q0 4139703 0
1132532 q0 4183323 1
1132532 q0 4213079 0
1132532 q0 4221898 0
1132532 q0 455282 1
1132532 q0 4591601 2
1132532 q0 4675183 1
1132532 q0 4768038 1
1132532 q0 4768040 0
1132532 q0 4851669 1
1132532 q0 4851673 3
1132532 q0 4851677 2
1132532 q0 4893092 2
1132532 q0 4893093 2
1132532 q0 4991149 0
1132532 q0 5041349 3
1132532 q0 5053523 1
1132532 q0 5053525 1
1132532 q0 5130842 2
1132532 q0 5259660 1
1132532 q0 5274017 1
1132532 q0 5377364 3
1132532 q0 5382160 1
1132532 q0 5382162 0
1132532 q0 5415207 1
1132532 q0 5446722 1
1132532 q0 5446723 1
1132532 q0 5446724 1
1132532 q0 5446727 1
1132532 q0 545521 1
1132532 q0 5482111 1
1132532 q0 5495301 0
1132532 q0 5589468 1
1132532 q0 5665714 0
1132532 q0 5690320 1
1132532 q0 5754557 1
1132532 q0 5754559 1
1132532 q0 581329 0
1132532 q0 5839549 1
1132532 q0 5863810 1
1132532 q0 5883142 1
1132532 q0 5883143 1
1132532 q0 5910809 3
1132532 q0 592678 1
1132532 q0 5941807 0
1132532 q0 5989417 1
1132532 q0 5989420 2
1132532 q0 5989421 1
1132532 q0 5989422 2
1132532 q0 6000895 1
1132532 q0 6036017 2
1132532 q0 6036020 1
1132532 q0 6036022 3
1132532 q0 6117740 2
1132532 q0 6117745 3
1132532 q0 6128456 1
1132532 q0 6128457 0
1132532 q0 6142070 1
1132532 q0 6176605 2
1132532 q0 6176606 1
1132532 q0 6176610 1
1132532 q0 6189364 3
1132532 q0 6189365 3
1132532 q0 6189366 3
1132532 q0 6189367 2
1132532 q0 6189369 2
1132532 q0 6191514 1
1132532 q0 6208534 2
1132532 q0 6208541 1
1132532 q0 6248327 1
1132532 q0 6277911 1
1132532 q0 6281311 1
1132532 q0 6382584 0
1132532 q0 6514640 1
1132532 q0 6570185 1
1132532 q0 661416 1
1132532 q0 6653839 0
1132532 q0 6653842 1
1132532 q0 6653846 1
1132532 q0 67085 1
1132532 q0 6716842 1
1132532 q0 6832788 1
1132532 q0 6832789 3
1132532 q0 6832790 3
1132532 q0 6832791 2
1132532 q0 6832793 2
1132532 q0 6832794 3
1132532 q0 6832795 2
1132532 q0 6832797 2
1132532 q0 6910565 0
1132532 q0 6992412 1
1132532 q0 6992413 1
1132532 q0 6994907 1
1132532 q0 7046313 0
1132532 q0 718132 3
1132532 q0 7229961 1
1132532 q0 7296865 0
1132532 q0 7447488 0
1132532 q0 7452212 1
1132532 q0 7460944 0
1132532 q0 7470654 0
1132532 q0 7496688 1
1132532 q0 7496694 0
1132532 q0 7504790 1
1132532 q0 7508490 3
1132532 q0 7508491 3
1132532 q0 7508493 3
1132532 q0 7508496 1
1132532 q0 7508952 1
1132532 q0 7543158 2
1132532 q0 7543160 2
1132532 q0 7543163 2
1132532 q0 7543164 3
1132532 q0 7605742 1
1132532 q0 76489 1
1132532 q0 7657695 1
1132532 q0 7725510 0
1132532 q0 7727551 1
1132532 q0 7793971 1
1132532 q0 7905801 1
1132532 q0 7913253 0
1132532 q0 7941105 3
1132532 q0 8078183 1
1132532 q0 8078185 1
1132532 q0 8307654 2
1132532 q0 8307656 3
1132532 q0 8307661 3
1132532 q0 8307662 1
1132532 q0 8310437 2
1132532 q0 8318621 3
1132532 q0 8318622 2
1132532 q0 8318623 2
1132532 q0 8318624 1
1132532 q0 8318625 1
1132532 q0 8318626 2
1132532 q0 8374347 1
1132532 q0 8413224 1
1132532 q0 8447121 1
1132532 q0 845904 1
1132532 q0 845908 1
1132532 q0 8505750 1
1132532 q0 8612644 1
1132532 q0 924441 1
1132532 q0 94140 1
1133579 q0 104793 2
1133579 q0 1052172 2
1133579 q0 1052176 1
1133579 q0 1087847 0
1133579 q0 1152185 0
1133579 q0 1172634 1
1133579 q0 1200778 3
1133579 q0 1200780 1
1133579 q0 1266095 1
1133579 q0 1295081 1
1133579 q0 1297452 1
1133579 q0 1318188 1
1133579 q0 1318189 1
1133579 q0 1318191 1
1133579 q0 1318194 1
1133579 q0 1318196 1
1133579 q0 1477987 0
1133579 q0 1485336 1
1133579 q0 1659302 0
1133579 q0 1659305 3
1133579 q0 1659306 2
1133579 q0 1659308 2
1133579 q0 1659309 1
1133579 q0 1694484 1
1133579 q0 1694485 2
1133579 q0 1694486 0
1133579 q0 1694490 1
1133579 q0 1754985 0
1133579 q0 1817052 1
1133579 q0 1817053 1
1133579 q0 1817054 1
1133579 q0 1817055 3
1133579 q0 1817056 1
1133579 q0 1817058 1
1133579 q0 2067495 1
1133579 q0 2067537 2
1133579 q0 2067542 1
1133579 q0 2067544 2
1133579 q0 2067545 1
1133579 q0 2130044 1
1133579 q0 2130045 1
1133579 q0 2130047 1
1133579 q0 2130048 1
1133579 q0 2130049 1
1133579 q0 2180172 1
1133579 q0 2257983 1
1133579 q0 229864 0
1133579 q0 2300103 1
1133579 q0 2300105 1
1133579 q0 2419096 0
1133579 q0 2430257 0
1133579 q0 2448461 2
1133579 q0 2448462 1
1133579 q0 2448463 1
1133579 q0 2476766 0
1133579 q0 2513661 1
1133579 q0 2623943 1
1133579 q0 2623945 1
1133579 q0 2665501 1
1133579 q0 2727068 3
1133579 q0 2821155 1
1133579 q0 2829602 1
1133579 q0 3033565 1
1133579 q0 3233382 1
1133579 q0 3303761 0
1133579 q0 3314129 1
1133579 q0 3314130 1
1133579 q0 3321778 3
1133579 q0 3334477 1
1133579 q0 3349053 1
1133579 q0 3586118 1
1133579 q0 3691482 2
1133579 q0 3691484 1
1133579 q0 3691486 2
1133579 q0 3691487 1
1133579 q0 3709169 1
1133579 q0 3841449 2
1133579 q0 3841450 0
1133579 q0 3841453 1
1133579 q0 3841455 0
1133579 q0 3841457 1
1133579 q0 3899055 0
1133579 q0 3996702 1
1133579 q0 4057637 3
1133579 q0 4057642 3
1133579 q0 41024 1
1133579 q0 4274862 1
1133579 q0 4274863 1
1133579 q0 4274864 1
1133579 q0 4274865 1
1133579 q0 4274867 2
1133579 q0 430384 1
1133579 q0 4506265 1
1133579 q0 4506266 1
1133579 q0 4506269 1
1133579 q0 4506270 2
1133579 q0 4506272 1
1133579 q0 4606434 0
1133579 q0 4638810 0
1133579 q0 4639302 0
1133579 q0 4650868 0
1133579 q0 4659972 0
1133579 q0 4668677 3
1133579 q0 4781279 0
1133579 q0 4868943 1
1133579 q0 4931640 1
1133579 q0 4931641 2
1133579 q0 4931642 3
1133579 q0 4931643 1
1133579 q0 4931644 1
1133579 q0 4931645 1
1133579 q0 4931647 1
1133579 q0 4939871 0
1133579 q0 4949097 1
1133579 q0 4986380 0
1133579 q0 5130163 2
1133579 q0 5277541 0
1133579 q0 5277542 1
1133579 q0 5277543 3
1133579 q0 5277546 1
1133579 q0 5367780 0
1133579 q0 5429508 0
1133579 q0 5506059 1
1133579 q0 5719612 1
1133579 q0 5730807 2
1133579 q0 5801087 1
1133579 q0 5801088 2
1133579 q0 5900606 1
1133579 q0 5922923 0
1133579 q0 6113839 0
1133579 q0 6252755 2
1133579 q0 6252756 1
1133579 q0 6252757 2
1133579 q0 6252758 1
1133579 q0 6252760 1
1133579 q0 6252762 2
1133579 q0 6278411 0
1133579 q0 6294573 2
1133579 q0 6436962 1
1133579 q0 6452460 1
1133579 q0 6511863 1
1133579 q0 6572264 1
1133579 q0 6572267 1
1133579 q0 6572269 0
1133579 q0 6600375 3
1133579 q0 6688778 1
1133579 q0 670206 2
1133579 q0 6823863 0
1133579 q0 6827607 2
1133579 q0 6932024 1
1133579 q0 7011718 2
1133579 q0 7025545 0
1133579 q0 7112079 2
1133579 q0 7200097 0
1133579 q0 7308937 1
1133579 q0 7317262 0
1133579 q0 733202 2
1133579 q0 733203 2
1133579 q0 733204 1
1133579 q0 733205 1
1133579 q0 733206 1
1133579 q0 733207 1
1133579 q0 733208 2
1133579 q0 733209 1
1133579 q0 733210 1
1133579 q0 733211 2
1133579 q0 7722920 1
1133579 q0 7778743 0
1133579 q0 8102273 1
1133579 q0 8102278 2
1133579 q0 8178830 2
1133579 q0 8220872 1
1133579 q0 8220876 1
1133579 q0 8220877 1
1133579 q0 8220878 1
1133579 q0 8220879 1
1133579 q0 8323055 1
1133579 q0 8379130 1
1133579 q0 8379131 1
1133579 q0 8379132 1
1133579 q0 8379133 2
1133579 q0 8379135 1
1133579 q0 8379136 1
1133579 q0 8500467 0
1133579 q0 8500470 1
1133579 q0 8500472 1
1133579 q0 852137 1
1133579 q0 8530010 1
1133579 q0 8587177 1
1133579 q0 8741939 1
1133579 q0 8741946 2
1133579 q0 8792826 0
1133579 q0 8817004 0
1133579 q0 8817005 0
1133579 q0 924520 1
1133579 q0 929564 1
1136043 q0 1010327 0
1136043 q0 1056534 1
1136043 q0 1056535 1
1136043 q0 1056537 1
1136043 q0 1056540 1
1136043 q0 1056541 1
1136043 q0 1057769 1
1136043 q0 1141805 1
1136043 q0 1170301 1
1136043 q0 1287594 0
1136043 q0 1287598 0
1136043 q0 1300465 1
1136043 q0 1335903 1
1136043 q0 1388777 1
1136043 q0 1416806 1
1136043 q0 1416809 1
1136043 q0 1416810 1
1136043 q0 1421570 1
1136043 q0 1549575 1
1136043 q0 160039 1
1136043 q0 160044 1
1136043 q0 160048 1
1136043 q0 1634128 1
1136043 q0 1634131 2
1136043 q0 1634133 1
1136043 q0 1634134 1
1136043 q0 1642217 0
1136043 q0 1807531 2
1136043 q0 1885958 1
1136043 q0 2054332 1
1136043 q0 2093135 1
1136043 q0 2117367 0
1136043 q0 2323761 0
1136043 q0 2419096 0
1136043 q0 2428269 0
1136043 q0 2428271 1
1136043 q0 2428275 0
1136043 q0 2448887 1
1136043 q0 2451298 0
1136043 q0 2606646 0
1136043 q0 2701063 0
1136043 q0 2881333 1
1136043 q0 2894127 1
1136043 q0 2899637 1
1136043 q0 2899638 1
1136043 q0 2974998 0
1136043 q0 3028339 1
1136043 q0 3145201 1
1136043 q0 3228475 1
1136043 q0 3263369 0
1136043 q0 333046 1
1136043 q0 3382793 1
1136043 q0 3416166 0
1136043 q0 3538519 1
1136043 q0 3538525 0
1136043 q0 3551100 0
1136043 q0 3679985 1
1136043 q0 3729116 1
1136043 q0 3796684 1
1136043 q0 3868567 1
1136043 q0 3941342 1
1136043 q0 4207406 1
1136043 q0 431808 1
1136043 q0 4369959 1
1136043 q0 4385314 1
1136043 q0 4477200 0
1136043 q0 4545954 0
1136043 q0 4687582 1
1136043 q0 470605 1
1136043 q0 4718298 0
1136043 q0 4742858 1
1136043 q0 4794922 0
1136043 q0 4814489 0
1136043 q0 4882508 3
1136043 q0 4964285 0
1136043 q0 4970862 0
1136043 q0 5000763 1
1136043 q0 5040814 1
1136043 q0 5058916 1
1136043 q0 5168333 0
1136043 q0 5193837 1
1136043 q0 5369633 1
1136043 q0 5369635 0
1136043 q0 5369640 1
1136043 q0 546377 0
1136043 q0 5477706 1
1136043 q0 5495875 1
1136043 q0 5511271 1
1136043 q0 5575991 0
1136043 q0 5602859 1
1136043 q0 574559 1
1136043 q0 5806109 0
1136043 q0 5849571 0
1136043 q0 5914196 1
1136043 q0 5956587 1
1136043 q0 6043127 2
1136043 q0 6067536 1
1136043 q0 6100311 1
1136043 q0 616184 0
1136043 q0 6277343 0
1136043 q0 6344364 1
1136043 q0 6420305 1
1136043 q0 6420308 1
1136043 q0 6464513 0
1136043 q0 6464514 0
1136043 q0 6464515 1
1136043 q0 6464517 0
1136043 q0 6464521 1
1136043 q0 6539275 1
1136043 q0 6539277 0
1136043 q0 6616108 1
1136043 q0 6628421 0
1136043 q0 6658902 1
1136043 q0 6691661 1
1136043 q0 6691665 1
1136043 q0 6788428 1
1136043 q0 6788434 1
1136043 q0 6799488 1
1136043 q0 6823716 1
1136043 q0 6837843 0
1136043 q0 6844641 1
1136043 q0 6893735 1
1136043 q0 6893739 0
1136043 q0 6927640 0
1136043 q0 6944264 0
1136043 q0 6963072 1
1136043 q0 7040844 0
1136043 q0 7100992 0
1136043 q0 711191 1
1136043 q0 7153659 0
1136043 q0 7355225 1
1136043 q0 7378167 1
1136043 q0 744908 1
1136043 q0 7557316 0
1136043 q0 7660377 0
1136043 q0 7675473 1
1136043 q0 7775105 0
1136043 q0 7795159 1
1136043 q0 7800508 0
1136043 q0 7802783 0
1136043 q0 7806552 0
1136043 q0 7808685 0
1136043 q0 7857306 1
1136043 q0 7999634 1
1136043 q0 804004 0
1136043 q0 8227490 1
1136043 q0 8252245 0
1136043 q0 8310899 0
1136043 q0 837097 1
1136043 q0 8448999 1
1136043 q0 8520708 1
1136043 q0 852197 1
1136043 q0 8551403 1
1136043 q0 858881 1
1136043 q0 8592463 0
1136043 q0 8691783 0
1136043 q0 8728069 2
1136043 q0 8728070 1
1136043 q0 8728071 3
1136043 q0 8728072 2
1136043 q0 8728073 0
1136043 q0 8728074 2
1136043 q0 8728075 1
1136043 q0 8728076 1
1136043 q0 8728077 1
1136043 q0 8728854 0
1136043 q0 8737973 0
1136043 q0 8753094 1
1136043 q0 8814463 0
1136043 q0 887 1
1136043 q0 992411 1
1136047 q0 1059831 1
1136047 q0 1169543 0
1136047 q0 1200688 1
1136047 q0 1200689 1
1136047 q0 1200691 1
1136047 q0 1200693 0
1136047 q0 1200695 1
1136047 q0 1240507 1
1136047 q0 1240513 1
1136047 q0 1254133 1
1136047 q0 1271796 1
1136047 q0 1302603 1
1136047 q0 1404328 1
1136047 q0 1442720 1
1136047 q0 1455005 0
1136047 q0 147973 0
1136047 q0 1500786 1
1136047 q0 1511861 1
1136047 q0 1511862 1
1136047 q0 1519328 1
1136047 q0 1581550 1
1136047 q0 1601010 1
1136047 q0 1604084 1
1136047 q0 1716876 1
1136047 q0 1716878 1
1136047 q0 1716882 2
1136047 q0 1716883 1
1136047 q0 180409 2
1136047 q0 1817211 1
1136047 q0 1850536 1
1136047 q0 1951346 1
1136047 q0 2076338 1
1136047 q0 2165349 1
1136047 q0 2165350 2
1136047 q0 2165355 1
1136047 q0 2165358 1
1136047 q0 2186578 3
1136047 q0 2228669 0
1136047 q0 2322770 1
1136047 q0 2330113 1
1136047 q0 2330116 1
1136047 q0 2330118 1
1136047 q0 2330119 1
1136047 q0 2432010 1
1136047 q0 2482902 1
1136047 q0 2540859 0
1136047 q0 2576471 1
1136047 q0 2587255 0
1136047 q0 2589275 1
1136047 q0 271062 1
1136047 q0 2724493 1
1136047 q0 272464 1
1136047 q0 2728399 1
1136047 q0 2815435 1
1136047 q0 2815436 2
1136047 q0 2815439 1
1136047 q0 2815440 1
1136047 q0 2816104 1
1136047 q0 2909970 0
1136047 q0 2929928 1
1136047 q0 2995917 0
1136047 q0 3009412 0
1136047 q0 3178978 0
1136047 q0 3178982 0
1136047 q0 3178983 0
1136047 q0 32886 1
1136047 q0 32890 1
1136047 q0 3465912 1
1136047 q0 3595985 1
1136047 q0 3597758 1
1136047 q0 360412 1
1136047 q0 360414 1
1136047 q0 360416 1
1136047 q0 360418 0
1136047 q0 3742617 2
1136047 q0 3775376 1
1136047 q0 3778678 1
1136047 q0 3823103 1
1136047 q0 3960077 1
1136047 q0 3988779 2
1136047 q0 4142737 2
1136047 q0 4152503 1
1136047 q0 4162744 1
1136047 q0 4210774 1
1136047 q0 4210776 1
1136047 q0 4246127 1
1136047 q0 45120 0
1136047 q0 4528795 1
1136047 q0 4606434 0
1136047 q0 4803702 1
1136047 q0 4841178 1
1136047 q0 4857942 1
1136047 q0 4991897 1
1136047 q0 4991901 1
1136047 q0 5021130 0
1136047 q0 5021134 1
1136047 q0 5116790 1
1136047 q0 512481 2
1136047 q0 512482 3
1136047 q0 512487 2
1136047 q0 5170595 0
1136047 q0 5402181 0
1136047 q0 5466333 1
1136047 q0 5702624 1
1136047 q0 5715172 1
1136047 q0 5715175 0
1136047 q0 5867612 1
1136047 q0 6025047 0
1136047 q0 6037372 1
1136047 q0 6046298 0
1136047 q0 6093342 1
1136047 q0 6093345 1
1136047 q0 6213640 0
1136047 q0 6326254 1
1136047 q0 6326256 1
1136047 q0 6499345 0
1136047 q0 6499347 1
1136047 q0 6604409 1
1136047 q0 6729984 1
1136047 q0 6774975 1
1136047 q0 6788228 1
1136047 q0 6974938 1
1136047 q0 7009393 2
1136047 q0 7009397 2
1136047 q0 7012851 0
1136047 q0 7012852 1
1136047 q0 7016715 1
1136047 q0 7170085 1
1136047 q0 7170088 1
1136047 q0 7319697 1
1136047 q0 7332910 1
1136047 q0 7459256 1
1136047 q0 7473841 0
1136047 q0 7489427 0
1136047 q0 7501471 1
1136047 q0 7509643 1
1136047 q0 7540967 1
1136047 q0 7540969 1
1136047 q0 7571090 1
1136047 q0 7766353 1
1136047 q0 7777166 1
1136047 q0 8001682 1
1136047 q0 8001770 1
1136047 q0 8022372 1
1136047 q0 8046161 1
1136047 q0 8317384 1
1136047 q0 8328670 2
1136047 q0 8364641 0
1136047 q0 8439010 1
1136047 q0 8489793 1
1136047 q0 866065 1
1136047 q0 8724031 3
1136047 q0 8724032 3
1136047 q0 8724033 3
1136047 q0 8724035 3
1136047 q0 8724036 3
1136047 q0 8724038 3
1136047 q0 8724039 2
1136047 q0 8724040 1
1136047 q0 8817757 0
1136047 q0 886486 1
1136047 q0 894313 1
1136047 q0 894316 1
1136047 q0 956544 1
1136962 q0 1241981 0
1136962 q0 1395646 1
1136962 q0 1411876 0
1136962 q0 1519108 1
1136962 q0 1561631 0
1136962 q0 1561634 1
1136962 q0 1565486 1
1136962 q0 188460 0
1136962 q0 188463 3
1136962 q0 2145927 1
1136962 q0 2165367 2
1136962 q0 2165371 1
1136962 q0 2306674 2
1136962 q0 2389849 1
1136962 q0 2391991 0
1136962 q0 2458252 1
1136962 q0 2458254 1
1136962 q0 2458255 1
1136962 q0 2481400 2
1136962 q0 2481403 1
1136962 q0 2504416 2
1136962 q0 2504417 2
1136962 q0 2662146 0
1136962 q0 2668190 3
1136962 q0 2734190 0
1136962 q0 2736920 2
1136962 q0 2736924 1
1136962 q0 275378 1
1136962 q0 275379 1
1136962 q0 2776895 1
1136962 q0 277841 0
1136962 q0 277846 0
1136962 q0 277849 2
1136962 q0 2811804 1
1136962 q0 2839204 1
1136962 q0 2915743 0
1136962 q0 3018305 0
1136962 q0 3018308 0
1136962 q0 3018309 0
1136962 q0 3049173 2
1136962 q0 3049177 2
1136962 q0 3049179 1
1136962 q0 3049180 2
1136962 q0 3083768 1
1136962 q0 3115059 1
1136962 q0 3224890 1
1136962 q0 3224893 1
1136962 q0 3224898 3
1136962 q0 3293337 3
1136962 q0 3348372 3
1136962 q0 3492138 1
1136962 q0 3504820 1
1136962 q0 3504821 2
1136962 q0 3504825 0
1136962 q0 3586539 1
1136962 q0 3603071 1
1136962 q0 3646987 2
1136962 q0 3684003 0
1136962 q0 3796591 2
1136962 q0 3857816 2
1136962 q0 3857818 2
1136962 q0 3863653 3
1136962 q0 3937980 1
1136962 q0 3940894 0
1136962 q0 3940898 2
1136962 q0 4024823 2
1136962 q0 4046934 1
1136962 q0 4088981 3
1136962 q0 4170447 3
1136962 q0 4373090 2
1136962 q0 4405500 2
1136962 q0 4405509 2
1136962 q0 4525785 1
1136962 q0 4548553 3
1136962 q0 4589723 3
1136962 q0 4589724 3
1136962 q0 4589728 3
1136962 q0 4589730 3
1136962 q0 4601613 0
1136962 q0 4605895 0
1136962 q0 4605896 0
1136962 q0 4626475 1
1136962 q0 4710397 0
1136962 q0 4733917 1
1136962 q0 4759335 0
1136962 q0 5002973 0
1136962 q0 5002975 2
1136962 q0 5414508 3
1136962 q0 5420816 1
1136962 q0 5420819 1
1136962 q0 5420820 1
1136962 q0 5471438 3
1136962 q0 56108 1
1136962 q0 5642687 1
1136962 q0 5642688 1
1136962 q0 5897311 0
1136962 q0 596001 3
1136962 q0 596005 1
1136962 q0 5983472 0
1136962 q0 6058201 1
1136962 q0 6185710 2
1136962 q0 6185711 3
1136962 q0 6185712 3
1136962 q0 6185714 3
1136962 q0 6185715 2
1136962 q0 6185716 2
1136962 q0 6185717 2
1136962 q0 6185718 2
1136962 q0 6185719 2
1136962 q0 6211004 3
1136962 q0 6211005 2
1136962 q0 6274391 1
1136962 q0 638900 2
1136962 q0 6442773 2
1136962 q0 6442776 2
1136962 q0 657447 1
1136962 q0 6684779 3
1136962 q0 6684780 0
1136962 q0 6684788 0
1136962 q0 6760130 0
1136962 q0 6842810 2
1136962 q0 6906422 1
1136962 q0 6922267 0
1136962 q0 6922268 0
1136962 q0 7023364 2
1136962 q0 7023369 2
1136962 q0 7122518 1
1136962 q0 7155765 0
1136962 q0 7457786 1
1136962 q0 7574874 0
1136962 q0 7578949 0
1136962 q0 7609052 1
1136962 q0 7621135 3
1136962 q0 7631079 3
1136962 q0 7631082 2
1136962 q0 7631083 3
1136962 q0 7631084 1
1136962 q0 7631086 1
1136962 q0 7764815 2
1136962 q0 7858495 0
1136962 q0 8049609 1
1136962 q0 8064869 2
1136962 q0 8191444 2
1136962 q0 8191450 1
1136962 q0 8336574 3
1136962 q0 8336575 2
1136962 q0 8336578 2
1136962 q0 8336581 2
1136962 q0 8380913 0
1136962 q0 8526087 0
1136962 q0 8537921 0
1136962 q0 8742482 0
1136962 q0 937258 3
1136962 q0 999215 1
